,,,,SEAT INVENTORY AND COLLECTIONS,,,,,,,,,,,,,
Report ID,: UC_REPM_015,,,,,,,,,,,,,,,,
From Date,: 25/10/2023,,,,,,,,,,Print Date :,21/09/2,,,,,
To Date,: 25/10/2025,,,,,,,,,,Print Time :,10:27:,Zulu,,,,
Flight Date,Flight No,Segment,COS,Seats Allocate,Over sell,Curtailed,Seats Sold,On Hold,Fixed,Seats Available,Fare Collection(USD),Seat Factor,Sur Charge,Flight Status,Baggage ,Sold Seats ,Ava.Seats 
10/25/2023,RB504,AUH/LTK,C,27,0,0,0,0,0,25,0.00,0 %,0.00,ACT,0.00,0,27
10/25/2023,RB504,AUH/LTK,Y,250,0,0,0,0,0,169,0.00,0 %,0.00,ACT,0.00,0,250
10/25/2023,RB515,LTK/DXB,C,27,0,0,0,0,0,19,0.00,0 %,0.00,ACT,0.00,0,27
10/25/2023,RB515,LTK/DXB,Y,254,0,0,0,0,0,31,0.00,0 %,0.00,ACT,0.00,0,254
10/25/2023,RB516,DXB/LTK,C,27,0,0,0,0,0,17,0.00,0 %,0.00,ACT,0.00,0,27
10/25/2023,RB516,DXB/LTK,Y,254,0,0,0,0,0,156,0.00,0 %,0.00,ACT,0.00,0,254
10/25/2023,RB201,DAM/CAI,C,11,0,0,0,0,0,11,0.00,0 %,0.00,ACT,0.00,0,11
10/25/2023,RB201,DAM/CAI,Y,144,0,0,0,0,0,139,0.00,0 %,0.00,ACT,0.00,0,144
10/25/2023,RB202,CAI/DAM,C,11,0,0,0,0,0,10,0.00,0 %,0.00,ACT,0.00,0,11
10/25/2023,RB202,CAI/DAM,Y,144,0,0,0,0,0,141,0.00,0 %,0.00,ACT,0.00,0,144
10/26/2023,RB341,LTK/KWI,C,11,0,0,0,0,0,9,0.00,0 %,0.00,ACT,0.00,0,11
10/26/2023,RB341,LTK/KWI,Y,144,0,0,0,0,0,55,0.00,0 %,0.00,ACT,0.00,0,144
10/26/2023,RB515,LTK/DXB,C,27,0,0,0,0,0,11,0.00,0 %,0.00,ACT,0.00,0,27
10/26/2023,RB515,LTK/DXB,Y,254,0,0,0,0,0,60,0.00,0 %,0.00,ACT,0.00,0,254
10/26/2023,RB342,KWI/LTK,C,11,0,0,0,0,0,8,0.00,0 %,0.00,ACT,0.00,0,11
10/26/2023,RB342,KWI/LTK,Y,144,0,0,0,0,0,77,0.00,0 %,0.00,ACT,0.00,0,144
10/26/2023,RB516,DXB/LTK,C,27,0,0,0,0,0,25,0.00,0 %,0.00,ACT,0.00,0,27
10/26/2023,RB516,DXB/LTK,Y,250,0,0,0,0,0,152,0.00,0 %,0.00,ACT,0.00,0,250
10/26/2023,RB201,DAM/CAI,C,11,0,0,0,0,0,11,0.00,0 %,0.00,ACT,0.00,0,11
10/26/2023,RB201,DAM/CAI,Y,144,0,0,0,0,0,139,0.00,0 %,0.00,ACT,0.00,0,144
10/26/2023,RB202,CAI/DAM,C,11,0,0,0,0,0,11,0.00,0 %,0.00,ACT,0.00,0,11
10/26/2023,RB202,CAI/DAM,Y,144,0,0,0,0,0,134,0.00,0 %,0.00,ACT,0.00,0,144
10/26/2023,RB521,LTK/DOH,C,27,0,0,0,0,0,23,0.00,0 %,0.00,ACT,0.00,0,27
10/26/2023,RB521,LTK/DOH,Y,250,0,0,0,0,0,72,0.00,0 %,0.00,ACT,0.00,0,250
10/26/2023,RB531,LTK/BGW,C,11,0,0,0,0,0,11,0.00,0 %,0.00,ACT,0.00,0,11
10/26/2023,RB531,LTK/BGW,Y,144,0,0,0,0,0,115,0.00,0 %,0.00,ACT,0.00,0,144
10/26/2023,RB522,DOH/LTK,C,27,0,0,0,0,0,26,0.00,0 %,0.00,ACT,0.00,0,27
10/26/2023,RB522,DOH/LTK,Y,254,0,0,0,0,0,139,0.00,0 %,0.00,ACT,0.00,0,254
10/26/2023,RB532,BGW/LTK,C,11,0,0,0,0,0,11,0.00,0 %,0.00,ACT,0.00,0,11
10/26/2023,RB532,BGW/LTK,Y,144,0,0,0,0,0,141,0.00,0 %,0.00,ACT,0.00,0,144
10/27/2023,RB121,DAM/KAC,C,11,0,0,0,0,0,10,0.00,0 %,0.00,ACT,0.00,0,11
10/27/2023,RB121,DAM/KAC,Y,144,0,0,0,0,0,137,0.00,0 %,0.00,ACT,0.00,0,144
10/27/2023,RB501,LTK/SHJ,C,11,0,0,0,0,0,9,0.00,0 %,0.00,ACT,0.00,0,11
10/27/2023,RB501,LTK/SHJ,Y,144,0,0,0,0,0,40,0.00,0 %,0.00,ACT,0.00,0,144
10/27/2023,RB122,KAC/DAM,C,11,0,0,0,0,0,11,0.00,0 %,0.00,ACT,0.00,0,11
10/27/2023,RB122,KAC/DAM,Y,144,0,0,0,0,0,140,0.00,0 %,0.00,ACT,0.00,0,144
10/27/2023,RB503,LTK/AUH,C,11,0,0,0,0,0,9,0.00,0 %,0.00,ACT,0.00,0,11
10/27/2023,RB503,LTK/AUH,Y,144,0,0,0,0,0,36,0.00,0 %,0.00,ACT,0.00,0,144
10/27/2023,RB502,SHJ/LTK,C,11,0,0,0,0,0,9,0.00,0 %,0.00,ACT,0.00,0,11
10/27/2023,RB502,SHJ/LTK,Y,144,0,0,0,0,0,52,0.00,0 %,0.00,ACT,0.00,0,144
10/27/2023,RB504,AUH/LTK,C,11,0,0,0,0,0,10,0.00,0 %,0.00,ACT,0.00,0,11
10/27/2023,RB504,AUH/LTK,Y,144,0,0,0,0,0,63,0.00,0 %,0.00,ACT,0.00,0,144
10/27/2023,RB533,DAM/NJF,C,11,0,0,0,0,0,11,0.00,0 %,0.00,ACT,0.00,0,11
10/27/2023,RB533,DAM/NJF,Y,144,0,0,0,0,0,80,0.00,0 %,0.00,ACT,0.00,0,144
10/27/2023,RB534,NJF/DAM,C,11,0,0,0,0,0,11,0.00,0 %,0.00,ACT,0.00,0,11
10/27/2023,RB534,NJF/DAM,Y,144,0,0,0,0,0,144,0.00,0 %,0.00,ACT,0.00,0,144
10/28/2023,RB201,DAM/CAI,C,11,0,0,0,0,0,11,0.00,0 %,0.00,ACT,0.00,0,11
10/28/2023,RB201,DAM/CAI,Y,144,0,0,0,0,0,134,0.00,0 %,0.00,ACT,0.00,0,144
10/28/2023,RB202,CAI/DAM,C,11,0,0,0,0,0,9,0.00,0 %,0.00,ACT,0.00,0,11
10/28/2023,RB202,CAI/DAM,Y,144,0,0,0,0,0,120,0.00,0 %,0.00,ACT,0.00,0,144
10/28/2023,RB515,LTK/DXB,C,27,0,0,0,0,0,13,0.00,0 %,0.00,ACT,0.00,0,27
10/28/2023,RB515,LTK/DXB,Y,254,0,0,0,0,0,28,0.00,0 %,0.00,ACT,0.00,0,254
10/28/2023,RB516,DXB/LTK,C,27,0,0,0,0,0,19,0.00,0 %,0.00,ACT,0.00,0,27
10/28/2023,RB516,DXB/LTK,Y,254,0,0,0,0,0,133,0.00,0 %,0.00,ACT,0.00,0,254
10/28/2023,RB341,LTK/KWI,C,11,0,0,0,0,0,10,0.00,0 %,0.00,ACT,0.00,0,11
10/28/2023,RB341,LTK/KWI,Y,144,0,0,0,0,0,23,0.00,0 %,0.00,ACT,0.00,0,144
10/28/2023,RB521,LTK/DOH,C,11,0,0,0,0,0,7,0.00,0 %,0.00,ACT,0.00,0,11
10/28/2023,RB521,LTK/DOH,Y,144,0,0,0,0,0,22,0.00,0 %,0.00,ACT,0.00,0,144
10/28/2023,RB342,KWI/LTK,C,11,0,0,0,0,0,11,0.00,0 %,0.00,ACT,0.00,0,11
10/28/2023,RB342,KWI/LTK,Y,144,0,0,0,0,0,111,0.00,0 %,0.00,ACT,0.00,0,144
10/29/2023,RB522,DOH/LTK,C,11,0,0,0,0,0,10,0.00,0 %,0.00,ACT,0.00,0,11
10/29/2023,RB522,DOH/LTK,Y,144,0,0,0,0,0,69,0.00,0 %,0.00,ACT,0.00,0,144
10/29/2023,RB441,LTK/VKO,C,27,0,0,0,0,0,17,0.00,0 %,0.00,ACT,0.00,0,27
10/29/2023,RB441,LTK/VKO,Y,254,0,0,0,0,0,66,0.00,0 %,0.00,ACT,0.00,0,254
10/29/2023,RB501,LTK/SHJ,C,11,0,0,0,0,0,10,0.00,0 %,0.00,ACT,0.00,0,11
10/29/2023,RB501,LTK/SHJ,Y,144,0,0,0,0,0,11,0.00,0 %,0.00,ACT,0.00,0,144
10/29/2023,RB1501,LTK/SHJ,C,11,0,0,0,0,0,11,0.00,0 %,0.00,ACT,0.00,0,11
10/29/2023,RB1501,LTK/SHJ,Y,144,0,0,0,0,0,49,0.00,0 %,0.00,ACT,0.00,0,144
10/29/2023,RB502,SHJ/LTK,C,11,0,0,0,0,0,10,0.00,0 %,0.00,ACT,0.00,0,11
10/29/2023,RB502,SHJ/LTK,Y,144,0,0,0,0,0,98,0.00,0 %,0.00,ACT,0.00,0,144
10/29/2023,RB442,VKO/LTK,C,27,0,0,0,0,0,20,0.00,0 %,0.00,ACT,0.00,0,27
10/29/2023,RB442,VKO/LTK,Y,250,0,0,0,0,0,173,0.00,0 %,0.00,ACT,0.00,0,250
10/30/2023,RB515,LTK/DXB,C,27,0,0,0,0,0,20,0.00,0 %,0.00,ACT,0.00,0,27
10/30/2023,RB515,LTK/DXB,Y,250,0,0,0,0,0,21,0.00,0 %,0.00,ACT,0.00,0,250
10/30/2023,RB201,DAM/CAI,C,11,0,0,0,0,0,10,0.00,0 %,0.00,ACT,0.00,0,11
10/30/2023,RB201,DAM/CAI,Y,144,0,0,0,0,0,141,0.00,0 %,0.00,ACT,0.00,0,144
10/30/2023,RB202,CAI/DAM,C,11,0,0,0,0,0,11,0.00,0 %,0.00,ACT,0.00,0,11
10/30/2023,RB202,CAI/DAM,Y,144,0,0,0,0,0,144,0.00,0 %,0.00,ACT,0.00,0,144
10/30/2023,RB516,DXB/LTK,C,27,0,0,0,0,0,21,0.00,0 %,0.00,ACT,0.00,0,27
10/30/2023,RB516,DXB/LTK,Y,250,0,0,0,0,0,157,0.00,0 %,0.00,ACT,0.00,0,250
10/31/2023,RB501,LTK/SHJ,C,11,0,0,0,0,0,5,0.00,0 %,0.00,ACT,0.00,0,11
10/31/2023,RB501,LTK/SHJ,Y,144,0,0,0,0,0,8,0.00,0 %,0.00,ACT,0.00,0,144
10/31/2023,RB503,LTK/AUH,C,11,0,0,0,0,0,7,0.00,0 %,0.00,ACT,0.00,0,11
10/31/2023,RB503,LTK/AUH,Y,144,0,0,0,0,0,15,0.00,0 %,0.00,ACT,0.00,0,144
10/31/2023,RB502,SHJ/LTK,C,11,0,0,0,0,0,8,0.00,0 %,0.00,ACT,0.00,0,11
10/31/2023,RB502,SHJ/LTK,Y,144,0,0,0,0,0,94,0.00,0 %,0.00,ACT,0.00,0,144
10/31/2023,RB504,AUH/LTK,C,11,0,0,0,0,0,10,0.00,0 %,0.00,ACT,0.00,0,11
10/31/2023,RB504,AUH/LTK,Y,144,0,0,0,0,0,74,0.00,0 %,0.00,ACT,0.00,0,144
11/01/2023,RB521,LTK/DOH,C,11,0,0,0,0,0,10,0.00,0 %,0.00,ACT,0.00,0,11
11/01/2023,RB521,LTK/DOH,Y,144,0,0,0,0,0,42,0.00,0 %,0.00,ACT,0.00,0,144
11/01/2023,RB515,LTK/DXB,C,27,0,0,0,0,0,16,0.00,0 %,0.00,ACT,0.00,0,27
11/01/2023,RB515,LTK/DXB,Y,254,0,0,0,0,0,12,0.00,0 %,0.00,ACT,0.00,0,254
11/01/2023,RB522,DOH/LTK,C,11,0,0,0,0,0,10,0.00,0 %,0.00,ACT,0.00,0,11
11/01/2023,RB522,DOH/LTK,Y,144,0,0,0,0,0,29,0.00,0 %,0.00,ACT,0.00,0,144
11/01/2023,RB201,DAM/CAI,C,11,0,0,0,0,0,10,0.00,0 %,0.00,ACT,0.00,0,11
11/01/2023,RB201,DAM/CAI,Y,144,0,0,0,0,0,140,0.00,0 %,0.00,ACT,0.00,0,144
11/01/2023,RB516,DXB/LTK,C,27,0,0,0,0,0,13,0.00,0 %,0.00,ACT,0.00,0,27
11/01/2023,RB516,DXB/LTK,Y,254,0,0,0,0,0,150,0.00,0 %,0.00,ACT,0.00,0,254
11/01/2023,RB202,CAI/DAM,C,11,0,0,0,0,0,11,0.00,0 %,0.00,ACT,0.00,0,11
11/01/2023,RB202,CAI/DAM,Y,144,0,0,0,0,0,144,0.00,0 %,0.00,ACT,0.00,0,144
11/02/2023,RB515,LTK/DXB,C,27,0,0,0,0,0,22,0.00,0 %,0.00,ACT,0.00,0,27
11/02/2023,RB515,LTK/DXB,Y,254,0,0,0,0,0,98,0.00,0 %,0.00,ACT,0.00,0,254
11/02/2023,RB341,LTK/KWI,C,11,0,0,0,0,0,9,0.00,0 %,0.00,ACT,0.00,0,11
11/02/2023,RB341,LTK/KWI,Y,144,0,0,0,0,0,81,0.00,0 %,0.00,ACT,0.00,0,144
11/02/2023,RB342,KWI/LTK,C,11,0,0,0,0,0,9,0.00,0 %,0.00,ACT,0.00,0,11
11/02/2023,RB342,KWI/LTK,Y,144,0,0,0,0,0,81,0.00,0 %,0.00,ACT,0.00,0,144
11/02/2023,RB516,DXB/LTK,C,27,0,0,0,0,0,25,0.00,0 %,0.00,ACT,0.00,0,27
11/02/2023,RB516,DXB/LTK,Y,254,0,0,0,0,0,152,0.00,0 %,0.00,ACT,0.00,0,254
11/02/2023,RB201,DAM/CAI,C,11,0,0,0,0,0,11,0.00,0 %,0.00,ACT,0.00,0,11
11/02/2023,RB201,DAM/CAI,Y,144,0,0,0,0,0,136,0.00,0 %,0.00,ACT,0.00,0,144
11/02/2023,RB202,CAI/DAM,C,11,0,0,0,0,0,11,0.00,0 %,0.00,ACT,0.00,0,11
11/02/2023,RB202,CAI/DAM,Y,144,0,0,0,0,0,144,0.00,0 %,0.00,ACT,0.00,0,144
11/02/2023,RB531,DAM/BGW,C,11,0,0,0,0,0,11,0.00,0 %,0.00,ACT,0.00,0,11
11/02/2023,RB531,DAM/BGW,Y,144,0,0,0,0,0,144,0.00,0 %,0.00,ACT,0.00,0,144
11/02/2023,RB532,BGW/DAM,C,11,0,0,0,0,0,11,0.00,0 %,0.00,ACT,0.00,0,11
11/02/2023,RB532,BGW/DAM,Y,144,0,0,0,0,0,143,0.00,0 %,0.00,ACT,0.00,0,144
11/03/2023,RB121,DAM/KAC,C,11,0,0,0,0,0,11,0.00,0 %,0.00,ACT,0.00,0,11
11/03/2023,RB121,DAM/KAC,Y,144,0,0,0,0,0,144,0.00,0 %,0.00,ACT,0.00,0,144
11/03/2023,RB501,LTK/SHJ,C,11,0,0,0,0,0,10,0.00,0 %,0.00,ACT,0.00,0,11
11/03/2023,RB501,LTK/SHJ,Y,144,0,0,0,0,0,18,0.00,0 %,0.00,ACT,0.00,0,144
11/03/2023,RB122,KAC/DAM,C,11,0,0,0,0,0,11,0.00,0 %,0.00,ACT,0.00,0,11
11/03/2023,RB122,KAC/DAM,Y,144,0,0,0,0,0,141,0.00,0 %,0.00,ACT,0.00,0,144
11/03/2023,RB503,LTK/AUH,C,11,0,0,0,0,0,5,0.00,0 %,0.00,ACT,0.00,0,11
11/03/2023,RB503,LTK/AUH,Y,144,0,0,0,0,0,12,0.00,0 %,0.00,ACT,0.00,0,144
11/03/2023,RB502,SHJ/LTK,C,11,0,0,0,0,0,11,0.00,0 %,0.00,ACT,0.00,0,11
11/03/2023,RB502,SHJ/LTK,Y,144,0,0,0,0,0,77,0.00,0 %,0.00,ACT,0.00,0,144
11/03/2023,RB504,AUH/LTK,C,11,0,0,0,0,0,10,0.00,0 %,0.00,ACT,0.00,0,11
11/03/2023,RB504,AUH/LTK,Y,144,0,0,0,0,0,61,0.00,0 %,0.00,ACT,0.00,0,144
11/04/2023,RB201,DAM/CAI,C,11,0,0,0,0,0,11,0.00,0 %,0.00,ACT,0.00,0,11
11/04/2023,RB201,DAM/CAI,Y,144,0,0,0,0,0,141,0.00,0 %,0.00,ACT,0.00,0,144
11/04/2023,RB515,LTK/DXB,C,27,0,0,0,0,0,12,0.00,0 %,0.00,ACT,0.00,0,27
11/04/2023,RB515,LTK/DXB,Y,254,0,0,0,0,0,31,0.00,0 %,0.00,ACT,0.00,0,254
11/04/2023,RB202,CAI/DAM,C,11,0,0,0,0,0,11,0.00,0 %,0.00,ACT,0.00,0,11
11/04/2023,RB202,CAI/DAM,Y,144,0,0,0,0,0,143,0.00,0 %,0.00,ACT,0.00,0,144
11/04/2023,RB521,LTK/DOH,C,11,0,0,0,0,0,10,0.00,0 %,0.00,ACT,0.00,0,11
11/04/2023,RB521,LTK/DOH,Y,144,0,0,0,0,0,33,0.00,0 %,0.00,ACT,0.00,0,144
11/04/2023,RB516,DXB/LTK,C,27,0,0,0,0,0,16,0.00,0 %,0.00,ACT,0.00,0,27
11/04/2023,RB516,DXB/LTK,Y,254,0,0,0,0,0,106,0.00,0 %,0.00,ACT,0.00,0,254
11/04/2023,RB522,DOH/LTK,C,11,0,0,0,0,0,10,0.00,0 %,0.00,ACT,0.00,0,11
11/04/2023,RB522,DOH/LTK,Y,144,0,0,0,0,0,74,0.00,0 %,0.00,ACT,0.00,0,144
11/04/2023,RB341,LTK/KWI,C,11,0,0,0,0,0,7,0.00,0 %,0.00,ACT,0.00,0,11
11/04/2023,RB341,LTK/KWI,Y,144,0,0,0,0,0,65,0.00,0 %,0.00,ACT,0.00,0,144
11/04/2023,RB342,KWI/LTK,C,11,0,0,0,0,0,9,0.00,0 %,0.00,ACT,0.00,0,11
11/04/2023,RB342,KWI/LTK,Y,144,0,0,0,0,0,91,0.00,0 %,0.00,ACT,0.00,0,144
11/05/2023,RB441,LTK/VKO,C,11,0,0,0,0,0,7,0.00,0 %,0.00,ACT,0.00,0,11
11/05/2023,RB441,LTK/VKO,Y,96,0,0,0,0,0,0,0.00,0 %,0.00,ACT,0.00,0,96
11/05/2023,RB501,LTK/SHJ,C,27,0,0,0,0,0,21,0.00,0 %,0.00,ACT,0.00,0,27
11/05/2023,RB501,LTK/SHJ,Y,254,0,0,0,0,0,23,0.00,0 %,0.00,ACT,0.00,0,254
11/05/2023,RB502,SHJ/LTK,C,27,0,0,0,0,0,26,0.00,0 %,0.00,ACT,0.00,0,27
11/05/2023,RB502,SHJ/LTK,Y,254,0,0,0,0,0,180,0.00,0 %,0.00,ACT,0.00,0,254
11/05/2023,RB442,VKO/LTK,C,11,0,0,0,0,0,6,0.00,0 %,0.00,ACT,0.00,0,11
11/05/2023,RB442,VKO/LTK,Y,114,0,0,0,0,0,64,0.00,0 %,0.00,ACT,0.00,0,114
11/06/2023,RB515,LTK/DXB,C,27,0,0,0,0,0,25,0.00,0 %,0.00,ACT,0.00,0,27
11/06/2023,RB515,LTK/DXB,Y,254,0,0,0,0,0,45,0.00,0 %,0.00,ACT,0.00,0,254
11/06/2023,RB201,DAM/CAI,C,11,0,0,0,0,0,11,0.00,0 %,0.00,ACT,0.00,0,11
11/06/2023,RB201,DAM/CAI,Y,144,0,0,0,0,0,139,0.00,0 %,0.00,ACT,0.00,0,144
11/06/2023,RB202,CAI/DAM,C,11,0,0,0,0,0,11,0.00,0 %,0.00,ACT,0.00,0,11
11/06/2023,RB202,CAI/DAM,Y,144,0,0,0,0,0,142,0.00,0 %,0.00,ACT,0.00,0,144
11/06/2023,RB516,DXB/LTK,C,27,0,0,0,0,0,19,0.00,0 %,0.00,ACT,0.00,0,27
11/06/2023,RB516,DXB/LTK,Y,254,0,0,0,0,0,164,0.00,0 %,0.00,ACT,0.00,0,254
11/06/2023,RB531,DAM/BGW,C,11,0,0,0,0,0,11,0.00,0 %,0.00,ACT,0.00,0,11
11/06/2023,RB531,DAM/BGW,Y,144,0,0,0,0,0,144,0.00,0 %,0.00,ACT,0.00,0,144
11/06/2023,RB532,BGW/DAM,C,11,0,0,0,0,0,11,0.00,0 %,0.00,ACT,0.00,0,11
11/06/2023,RB532,BGW/DAM,Y,144,0,0,0,0,0,144,0.00,0 %,0.00,ACT,0.00,0,144
11/07/2023,RB501,LTK/SHJ,C,11,0,0,0,0,0,6,0.00,0 %,0.00,ACT,0.00,0,11
11/07/2023,RB501,LTK/SHJ,Y,144,0,0,0,0,0,6,0.00,0 %,0.00,ACT,0.00,0,144
11/07/2023,RB503,LTK/AUH,C,11,0,0,0,0,0,11,0.00,0 %,0.00,ACT,0.00,0,11
11/07/2023,RB503,LTK/AUH,Y,144,0,0,0,0,0,12,0.00,0 %,0.00,ACT,0.00,0,144
11/07/2023,RB502,SHJ/LTK,C,11,0,0,0,0,0,7,0.00,0 %,0.00,ACT,0.00,0,11
11/07/2023,RB502,SHJ/LTK,Y,144,0,0,0,0,0,84,0.00,0 %,0.00,ACT,0.00,0,144
11/07/2023,RB504,AUH/LTK,C,11,0,0,0,0,0,11,0.00,0 %,0.00,ACT,0.00,0,11
11/07/2023,RB504,AUH/LTK,Y,144,0,0,0,0,0,78,0.00,0 %,0.00,ACT,0.00,0,144
11/08/2023,RB521,LTK/DOH,C,11,0,0,0,0,0,7,0.00,0 %,0.00,ACT,0.00,0,11
11/08/2023,RB521,LTK/DOH,Y,144,0,0,0,0,0,25,0.00,0 %,0.00,ACT,0.00,0,144
11/08/2023,RB515,LTK/DXB,C,27,0,0,0,0,0,9,0.00,0 %,0.00,ACT,0.00,0,27
11/08/2023,RB515,LTK/DXB,Y,254,0,0,0,0,0,123,0.00,0 %,0.00,ACT,0.00,0,254
11/08/2023,RB522,DOH/LTK,C,11,0,0,0,0,0,6,0.00,0 %,0.00,ACT,0.00,0,11
11/08/2023,RB522,DOH/LTK,Y,144,0,0,0,0,0,58,0.00,0 %,0.00,ACT,0.00,0,144
11/08/2023,RB201,DAM/CAI,C,11,0,0,0,0,0,11,0.00,0 %,0.00,ACT,0.00,0,11
11/08/2023,RB201,DAM/CAI,Y,144,0,0,0,0,0,142,0.00,0 %,0.00,ACT,0.00,0,144
11/08/2023,RB516,DXB/LTK,C,27,0,0,0,0,0,21,0.00,0 %,0.00,ACT,0.00,0,27
11/08/2023,RB516,DXB/LTK,Y,254,0,0,0,0,0,201,0.00,0 %,0.00,ACT,0.00,0,254
11/08/2023,RB202,CAI/DAM,C,11,0,0,0,0,0,11,0.00,0 %,0.00,ACT,0.00,0,11
11/08/2023,RB202,CAI/DAM,Y,144,0,0,0,0,0,144,0.00,0 %,0.00,ACT,0.00,0,144
11/09/2023,RB515,LTK/DXB,C,11,0,0,0,0,0,2,0.00,0 %,0.00,ACT,0.00,0,11
11/09/2023,RB515,LTK/DXB,Y,144,0,0,0,0,0,29,0.00,0 %,0.00,ACT,0.00,0,144
11/09/2023,RB341,LTK/KWI,C,11,0,0,0,0,0,10,0.00,0 %,0.00,ACT,0.00,0,11
11/09/2023,RB341,LTK/KWI,Y,144,0,0,0,0,0,87,0.00,0 %,0.00,ACT,0.00,0,144
11/09/2023,RB342,KWI/LTK,C,11,0,0,0,0,0,7,0.00,0 %,0.00,ACT,0.00,0,11
11/09/2023,RB342,KWI/LTK,Y,144,0,0,0,0,0,86,0.00,0 %,0.00,ACT,0.00,0,144
11/09/2023,RB516,DXB/LTK,C,11,0,0,0,0,0,2,0.00,0 %,0.00,ACT,0.00,0,11
11/09/2023,RB516,DXB/LTK,Y,144,0,0,0,0,0,32,0.00,0 %,0.00,ACT,0.00,0,144
11/09/2023,RB201,DAM/CAI,C,11,0,0,0,0,0,11,0.00,0 %,0.00,ACT,0.00,0,11
11/09/2023,RB201,DAM/CAI,Y,144,0,0,0,0,0,142,0.00,0 %,0.00,ACT,0.00,0,144
11/09/2023,RB202,CAI/DAM,C,11,0,0,0,0,0,11,0.00,0 %,0.00,ACT,0.00,0,11
11/09/2023,RB202,CAI/DAM,Y,144,0,0,0,0,0,144,0.00,0 %,0.00,ACT,0.00,0,144
11/10/2023,RB121,LTK/KAC,C,11,0,0,0,0,0,11,0.00,0 %,0.00,ACT,0.00,0,11
11/10/2023,RB121,LTK/KAC,Y,144,0,0,0,0,0,114,0.00,0 %,0.00,ACT,0.00,0,144
11/10/2023,RB122,KAC/LTK,C,11,0,0,0,0,0,11,0.00,0 %,0.00,ACT,0.00,0,11
11/10/2023,RB122,KAC/LTK,Y,144,0,0,0,0,0,51,0.00,0 %,0.00,ACT,0.00,0,144
11/10/2023,RB503,LTK/AUH,C,27,0,0,0,0,0,25,0.00,0 %,0.00,ACT,0.00,0,27
11/10/2023,RB503,LTK/AUH,Y,254,0,0,0,0,0,0,0.00,0 %,0.00,ACT,0.00,0,254
11/10/2023,RB504,AUH/LTK,C,27,0,0,0,0,0,24,0.00,0 %,0.00,ACT,0.00,0,27
11/10/2023,RB504,AUH/LTK,Y,254,0,0,0,0,0,125,0.00,0 %,0.00,ACT,0.00,0,254
11/11/2023,RB201,DAM/CAI,C,11,0,0,0,0,0,11,0.00,0 %,0.00,ACT,0.00,0,11
11/11/2023,RB201,DAM/CAI,Y,144,0,0,0,0,0,142,0.00,0 %,0.00,ACT,0.00,0,144
11/11/2023,RB521,LTK/DOH,C,11,0,0,0,0,0,3,0.00,0 %,0.00,ACT,0.00,0,11
11/11/2023,RB521,LTK/DOH,Y,144,0,0,0,0,0,6,0.00,0 %,0.00,ACT,0.00,0,144
11/11/2023,RB515,LTK/DXB,C,27,0,0,0,0,0,11,0.00,0 %,0.00,ACT,0.00,0,27
11/11/2023,RB515,LTK/DXB,Y,254,0,0,0,0,0,69,0.00,0 %,0.00,ACT,0.00,0,254
11/11/2023,RB202,CAI/DAM,C,11,0,0,0,0,0,11,0.00,0 %,0.00,ACT,0.00,0,11
11/11/2023,RB202,CAI/DAM,Y,144,0,0,0,0,0,143,0.00,0 %,0.00,ACT,0.00,0,144
11/11/2023,RB522,DOH/LTK,C,11,0,0,0,0,0,10,0.00,0 %,0.00,ACT,0.00,0,11
11/11/2023,RB522,DOH/LTK,Y,144,0,0,0,0,0,55,0.00,0 %,0.00,ACT,0.00,0,144
11/11/2023,RB516,DXB/LTK,C,27,0,0,0,0,0,5,0.00,0 %,0.00,ACT,0.00,0,27
11/11/2023,RB516,DXB/LTK,Y,254,0,0,0,0,0,104,0.00,0 %,0.00,ACT,0.00,0,254
11/11/2023,RB341,LTK/KWI,C,11,0,0,0,0,0,8,0.00,0 %,0.00,ACT,0.00,0,11
11/11/2023,RB341,LTK/KWI,Y,144,0,0,0,0,0,54,0.00,0 %,0.00,ACT,0.00,0,144
11/11/2023,RB342,KWI/LTK,C,11,0,0,0,0,0,11,0.00,0 %,0.00,ACT,0.00,0,11
11/11/2023,RB342,KWI/LTK,Y,144,0,0,0,0,0,120,0.00,0 %,0.00,ACT,0.00,0,144
11/12/2023,RB441,LTK/VKO,C,11,0,0,0,0,0,10,0.00,0 %,0.00,ACT,0.00,0,11
11/12/2023,RB441,LTK/VKO,Y,96,0,0,0,0,0,18,0.00,0 %,0.00,ACT,0.00,0,96
11/12/2023,RB501,LTK/SHJ,C,11,0,0,0,0,0,9,0.00,0 %,0.00,ACT,0.00,0,11
11/12/2023,RB501,LTK/SHJ,Y,144,0,0,0,0,0,26,0.00,0 %,0.00,ACT,0.00,0,144
11/12/2023,RB502,SHJ/LTK,C,11,0,0,0,0,0,7,0.00,0 %,0.00,ACT,0.00,0,11
11/12/2023,RB502,SHJ/LTK,Y,144,0,0,0,0,0,51,0.00,0 %,0.00,ACT,0.00,0,144
11/12/2023,RB442,VKO/LTK,C,11,0,0,0,0,0,6,0.00,0 %,0.00,ACT,0.00,0,11
11/12/2023,RB442,VKO/LTK,Y,114,0,0,0,0,0,70,0.00,0 %,0.00,ACT,0.00,0,114
11/13/2023,RB515,LTK/DXB,C,11,0,0,0,0,0,3,0.00,0 %,0.00,ACT,0.00,0,11
11/13/2023,RB515,LTK/DXB,Y,144,0,0,0,0,0,20,0.00,0 %,0.00,ACT,0.00,0,144
11/13/2023,RB201,DAM/CAI,C,11,0,0,0,0,0,11,0.00,0 %,0.00,ACT,0.00,0,11
11/13/2023,RB201,DAM/CAI,Y,144,0,0,0,0,0,144,0.00,0 %,0.00,ACT,0.00,0,144
11/13/2023,RB202,CAI/DAM,C,11,0,0,0,0,0,11,0.00,0 %,0.00,ACT,0.00,0,11
11/13/2023,RB202,CAI/DAM,Y,144,0,0,0,0,0,144,0.00,0 %,0.00,ACT,0.00,0,144
11/13/2023,RB516,DXB/LTK,C,11,0,0,0,0,0,7,0.00,0 %,0.00,ACT,0.00,0,11
11/13/2023,RB516,DXB/LTK,Y,144,0,0,0,0,0,50,0.00,0 %,0.00,ACT,0.00,0,144
11/14/2023,RB501,LTK/SHJ,C,11,0,0,0,0,0,9,0.00,0 %,0.00,ACT,0.00,0,11
11/14/2023,RB501,LTK/SHJ,Y,144,0,0,0,0,0,21,0.00,0 %,0.00,ACT,0.00,0,144
11/14/2023,RB503,LTK/AUH,C,11,0,0,0,0,0,9,0.00,0 %,0.00,ACT,0.00,0,11
11/14/2023,RB503,LTK/AUH,Y,144,0,0,0,0,0,9,0.00,0 %,0.00,ACT,0.00,0,144
11/14/2023,RB502,SHJ/LTK,C,11,0,0,0,0,0,11,0.00,0 %,0.00,ACT,0.00,0,11
11/14/2023,RB502,SHJ/LTK,Y,144,0,0,0,0,0,86,0.00,0 %,0.00,ACT,0.00,0,144
11/14/2023,RB504,AUH/LTK,C,11,0,0,0,0,0,11,0.00,0 %,0.00,ACT,0.00,0,11
11/14/2023,RB504,AUH/LTK,Y,144,0,0,0,0,0,87,0.00,0 %,0.00,ACT,0.00,0,144
11/15/2023,RB521,LTK/DOH,C,11,0,0,0,0,0,1,0.00,0 %,0.00,ACT,0.00,0,11
11/15/2023,RB521,LTK/DOH,Y,144,0,0,0,0,0,5,0.00,0 %,0.00,ACT,0.00,0,144
11/15/2023,RB515,LTK/DXB,C,11,0,0,0,0,0,9,0.00,0 %,0.00,ACT,0.00,0,11
11/15/2023,RB515,LTK/DXB,Y,144,0,0,0,0,0,7,0.00,0 %,0.00,ACT,0.00,0,144
11/15/2023,RB522,DOH/LTK,C,11,0,0,0,0,0,11,0.00,0 %,0.00,ACT,0.00,0,11
11/15/2023,RB522,DOH/LTK,Y,144,0,0,0,0,0,58,0.00,0 %,0.00,ACT,0.00,0,144
11/15/2023,RB1515,LTK/DXB,C,11,0,0,0,0,0,9,0.00,0 %,0.00,ACT,0.00,0,11
11/15/2023,RB1515,LTK/DXB,Y,144,0,0,0,0,0,46,0.00,0 %,0.00,ACT,0.00,0,144
11/15/2023,RB201,DAM/CAI,C,11,0,0,0,0,0,11,0.00,0 %,0.00,ACT,0.00,0,11
11/15/2023,RB201,DAM/CAI,Y,144,0,0,0,0,0,141,0.00,0 %,0.00,ACT,0.00,0,144
11/15/2023,RB516,DXB/LTK,C,11,0,0,0,0,0,9,0.00,0 %,0.00,ACT,0.00,0,11
11/15/2023,RB516,DXB/LTK,Y,144,0,0,0,0,0,68,0.00,0 %,0.00,ACT,0.00,0,144
11/15/2023,RB202,CAI/DAM,C,11,0,0,0,0,0,11,0.00,0 %,0.00,ACT,0.00,0,11
11/15/2023,RB202,CAI/DAM,Y,144,0,0,0,0,0,143,0.00,0 %,0.00,ACT,0.00,0,144
11/16/2023,RB515,LTK/DXB,C,11,0,0,0,0,0,2,0.00,0 %,0.00,ACT,0.00,0,11
11/16/2023,RB515,LTK/DXB,Y,144,0,0,0,0,0,46,0.00,0 %,0.00,ACT,0.00,0,144
11/16/2023,RB516,DXB/LTK,C,11,0,0,0,0,0,5,0.00,0 %,0.00,ACT,0.00,0,11
11/16/2023,RB516,DXB/LTK,Y,144,0,0,0,0,0,44,0.00,0 %,0.00,ACT,0.00,0,144
11/16/2023,RB201,DAM/CAI,C,11,0,0,0,0,0,11,0.00,0 %,0.00,ACT,0.00,0,11
11/16/2023,RB201,DAM/CAI,Y,144,0,0,0,0,0,143,0.00,0 %,0.00,ACT,0.00,0,144
11/16/2023,RB202,CAI/DAM,C,11,0,0,0,0,0,11,0.00,0 %,0.00,ACT,0.00,0,11
11/16/2023,RB202,CAI/DAM,Y,144,0,0,0,0,0,144,0.00,0 %,0.00,ACT,0.00,0,144
11/17/2023,RB121,LTK/KAC,C,11,0,0,0,0,0,11,0.00,0 %,0.00,ACT,0.00,0,11
11/17/2023,RB121,LTK/KAC,Y,144,0,0,0,0,0,67,0.00,0 %,0.00,ACT,0.00,0,144
11/17/2023,RB501,LTK/SHJ,C,11,0,0,0,0,0,8,0.00,0 %,0.00,ACT,0.00,0,11
11/17/2023,RB501,LTK/SHJ,Y,144,0,0,0,0,0,22,0.00,0 %,0.00,ACT,0.00,0,144
11/17/2023,RB122,KAC/LTK,C,11,0,0,0,0,0,11,0.00,0 %,0.00,ACT,0.00,0,11
11/17/2023,RB122,KAC/LTK,Y,144,0,0,0,0,0,80,0.00,0 %,0.00,ACT,0.00,0,144
11/17/2023,RB503,LTK/AUH,C,11,0,0,0,0,0,10,0.00,0 %,0.00,ACT,0.00,0,11
11/17/2023,RB503,LTK/AUH,Y,144,0,0,0,0,0,32,0.00,0 %,0.00,ACT,0.00,0,144
11/17/2023,RB502,SHJ/LTK,C,11,0,0,0,0,0,7,0.00,0 %,0.00,ACT,0.00,0,11
11/17/2023,RB502,SHJ/LTK,Y,144,0,0,0,0,0,54,0.00,0 %,0.00,ACT,0.00,0,144
11/17/2023,RB504,AUH/LTK,C,11,0,0,0,0,0,10,0.00,0 %,0.00,ACT,0.00,0,11
11/17/2023,RB504,AUH/LTK,Y,144,0,0,0,0,0,57,0.00,0 %,0.00,ACT,0.00,0,144
11/18/2023,RB201,DAM/CAI,C,11,0,0,0,0,0,11,0.00,0 %,0.00,ACT,0.00,0,11
11/18/2023,RB201,DAM/CAI,Y,144,0,0,0,0,0,135,0.00,0 %,0.00,ACT,0.00,0,144
11/18/2023,RB521,LTK/DOH,C,11,0,0,0,0,0,8,0.00,0 %,0.00,ACT,0.00,0,11
11/18/2023,RB521,LTK/DOH,Y,144,0,0,0,0,0,1,0.00,0 %,0.00,ACT,0.00,0,144
11/18/2023,RB515,LTK/DXB,C,27,0,0,0,0,0,19,0.00,0 %,0.00,ACT,0.00,0,27
11/18/2023,RB515,LTK/DXB,Y,254,0,0,0,0,0,60,0.00,0 %,0.00,ACT,0.00,0,254
11/18/2023,RB202,CAI/DAM,C,11,0,0,0,0,0,11,0.00,0 %,0.00,ACT,0.00,0,11
11/18/2023,RB202,CAI/DAM,Y,144,0,0,0,0,0,143,0.00,0 %,0.00,ACT,0.00,0,144
11/18/2023,RB522,DOH/LTK,C,11,0,0,0,0,0,9,0.00,0 %,0.00,ACT,0.00,0,11
11/18/2023,RB522,DOH/LTK,Y,144,0,0,0,0,0,87,0.00,0 %,0.00,ACT,0.00,0,144
11/18/2023,RB516,DXB/LTK,C,27,0,0,0,0,0,16,0.00,0 %,0.00,ACT,0.00,0,27
11/18/2023,RB516,DXB/LTK,Y,254,0,0,0,0,0,156,0.00,0 %,0.00,ACT,0.00,0,254
11/18/2023,RB341,LTK/KWI,C,11,0,0,0,0,0,3,0.00,0 %,0.00,ACT,0.00,0,11
11/18/2023,RB341,LTK/KWI,Y,144,0,0,0,0,0,7,0.00,0 %,0.00,ACT,0.00,0,144
11/18/2023,RB342,KWI/LTK,C,11,0,0,0,0,0,10,0.00,0 %,0.00,ACT,0.00,0,11
11/18/2023,RB342,KWI/LTK,Y,144,0,0,0,0,0,102,0.00,0 %,0.00,ACT,0.00,0,144
11/19/2023,RB441,LTK/VKO,C,11,0,0,0,0,0,10,0.00,0 %,0.00,ACT,0.00,0,11
11/19/2023,RB441,LTK/VKO,Y,96,0,0,0,0,0,53,0.00,0 %,0.00,ACT,0.00,0,96
11/19/2023,RB501,LTK/SHJ,C,11,0,0,0,0,0,5,0.00,0 %,0.00,ACT,0.00,0,11
11/19/2023,RB501,LTK/SHJ,Y,144,0,0,0,0,0,8,0.00,0 %,0.00,ACT,0.00,0,144
11/19/2023,RB502,SHJ/LTK,C,11,0,0,0,0,0,10,0.00,0 %,0.00,ACT,0.00,0,11
11/19/2023,RB502,SHJ/LTK,Y,144,0,0,0,0,0,84,0.00,0 %,0.00,ACT,0.00,0,144
11/19/2023,RB442,VKO/LTK,C,11,0,0,0,0,0,6,0.00,0 %,0.00,ACT,0.00,0,11
11/19/2023,RB442,VKO/LTK,Y,114,0,0,0,0,0,70,0.00,0 %,0.00,ACT,0.00,0,114
11/20/2023,RB515,LTK/DXB,C,11,0,0,0,0,0,7,0.00,0 %,0.00,ACT,0.00,0,11
11/20/2023,RB515,LTK/DXB,Y,144,0,0,0,0,0,19,0.00,0 %,0.00,ACT,0.00,0,144
11/20/2023,RB201,DAM/CAI,C,11,0,0,0,0,0,11,0.00,0 %,0.00,ACT,0.00,0,11
11/20/2023,RB201,DAM/CAI,Y,144,0,0,0,0,0,144,0.00,0 %,0.00,ACT,0.00,0,144
11/20/2023,RB202,CAI/DAM,C,11,0,0,0,0,0,11,0.00,0 %,0.00,ACT,0.00,0,11
11/20/2023,RB202,CAI/DAM,Y,144,0,0,0,0,0,144,0.00,0 %,0.00,ACT,0.00,0,144
11/20/2023,RB516,DXB/LTK,C,11,0,0,0,0,0,0,0.00,0 %,0.00,ACT,0.00,0,11
11/20/2023,RB516,DXB/LTK,Y,144,0,0,0,0,0,46,0.00,0 %,0.00,ACT,0.00,0,144
11/21/2023,RB501,LTK/SHJ,C,11,0,0,0,0,0,9,0.00,0 %,0.00,ACT,0.00,0,11
11/21/2023,RB501,LTK/SHJ,Y,144,0,0,0,0,0,15,0.00,0 %,0.00,ACT,0.00,0,144
11/21/2023,RB503,LTK/AUH,C,11,0,0,0,0,0,10,0.00,0 %,0.00,ACT,0.00,0,11
11/21/2023,RB503,LTK/AUH,Y,144,0,0,0,0,0,35,0.00,0 %,0.00,ACT,0.00,0,144
11/21/2023,RB502,SHJ/LTK,C,11,0,0,0,0,0,7,0.00,0 %,0.00,ACT,0.00,0,11
11/21/2023,RB502,SHJ/LTK,Y,144,0,0,0,0,0,72,0.00,0 %,0.00,ACT,0.00,0,144
11/21/2023,RB504,AUH/LTK,C,11,0,0,0,0,0,10,0.00,0 %,0.00,ACT,0.00,0,11
11/21/2023,RB504,AUH/LTK,Y,144,0,0,0,0,0,79,0.00,0 %,0.00,ACT,0.00,0,144
11/22/2023,RB521,LTK/DOH,C,11,0,0,0,0,0,7,0.00,0 %,0.00,ACT,0.00,0,11
11/22/2023,RB521,LTK/DOH,Y,144,0,0,0,0,0,11,0.00,0 %,0.00,ACT,0.00,0,144
11/22/2023,RB515,LTK/DXB,C,27,0,0,0,0,0,16,0.00,0 %,0.00,ACT,0.00,0,27
11/22/2023,RB515,LTK/DXB,Y,254,0,0,0,0,0,47,0.00,0 %,0.00,ACT,0.00,0,254
11/22/2023,RB522,DOH/LTK,C,11,0,0,0,0,0,7,0.00,0 %,0.00,ACT,0.00,0,11
11/22/2023,RB522,DOH/LTK,Y,144,0,0,0,0,0,67,0.00,0 %,0.00,ACT,0.00,0,144
11/22/2023,RB201,DAM/CAI,C,11,0,0,0,0,0,11,0.00,0 %,0.00,ACT,0.00,0,11
11/22/2023,RB201,DAM/CAI,Y,144,0,0,0,0,0,144,0.00,0 %,0.00,ACT,0.00,0,144
11/22/2023,RB516,DXB/LTK,C,27,0,0,0,0,0,12,0.00,0 %,0.00,ACT,0.00,0,27
11/22/2023,RB516,DXB/LTK,Y,254,0,0,0,0,0,171,0.00,0 %,0.00,ACT,0.00,0,254
11/22/2023,RB202,CAI/DAM,C,11,0,0,0,0,0,11,0.00,0 %,0.00,ACT,0.00,0,11
11/22/2023,RB202,CAI/DAM,Y,144,0,0,0,0,0,144,0.00,0 %,0.00,ACT,0.00,0,144
11/23/2023,RB515,LTK/DXB,C,11,0,0,0,0,0,7,0.00,0 %,0.00,ACT,0.00,0,11
11/23/2023,RB515,LTK/DXB,Y,144,0,0,0,0,0,76,0.00,0 %,0.00,ACT,0.00,0,144
11/23/2023,RB516,DXB/LTK,C,11,0,0,0,0,0,4,0.00,0 %,0.00,ACT,0.00,0,11
11/23/2023,RB516,DXB/LTK,Y,144,0,0,0,0,0,57,0.00,0 %,0.00,ACT,0.00,0,144
11/23/2023,RB201,DAM/CAI,C,11,0,0,0,0,0,11,0.00,0 %,0.00,ACT,0.00,0,11
11/23/2023,RB201,DAM/CAI,Y,144,0,0,0,0,0,144,0.00,0 %,0.00,ACT,0.00,0,144
11/23/2023,RB202,CAI/DAM,C,11,0,0,0,0,0,11,0.00,0 %,0.00,ACT,0.00,0,11
11/23/2023,RB202,CAI/DAM,Y,144,0,0,0,0,0,144,0.00,0 %,0.00,ACT,0.00,0,144
11/24/2023,RB121,LTK/KAC,C,11,0,0,0,0,0,11,0.00,0 %,0.00,ACT,0.00,0,11
11/24/2023,RB121,LTK/KAC,Y,144,0,0,0,0,0,58,0.00,0 %,0.00,ACT,0.00,0,144
11/24/2023,RB501,LTK/SHJ,C,11,0,0,0,0,0,6,0.00,0 %,0.00,ACT,0.00,0,11
11/24/2023,RB501,LTK/SHJ,Y,144,0,0,0,0,0,64,0.00,0 %,0.00,ACT,0.00,0,144
11/24/2023,RB122,KAC/LTK,C,11,0,0,0,0,0,10,0.00,0 %,0.00,ACT,0.00,0,11
11/24/2023,RB122,KAC/LTK,Y,144,0,0,0,0,0,81,0.00,0 %,0.00,ACT,0.00,0,144
11/24/2023,RB503,LTK/AUH,C,11,0,0,0,0,0,9,0.00,0 %,0.00,ACT,0.00,0,11
11/24/2023,RB503,LTK/AUH,Y,144,0,0,0,0,0,40,0.00,0 %,0.00,ACT,0.00,0,144
11/24/2023,RB502,SHJ/LTK,C,11,0,0,0,0,0,9,0.00,0 %,0.00,ACT,0.00,0,11
11/24/2023,RB502,SHJ/LTK,Y,144,0,0,0,0,0,62,0.00,0 %,0.00,ACT,0.00,0,144
11/24/2023,RB504,AUH/LTK,C,11,0,0,0,0,0,11,0.00,0 %,0.00,ACT,0.00,0,11
11/24/2023,RB504,AUH/LTK,Y,144,0,0,0,0,0,80,0.00,0 %,0.00,ACT,0.00,0,144
11/25/2023,RB201,DAM/CAI,C,11,0,0,0,0,0,11,0.00,0 %,0.00,ACT,0.00,0,11
11/25/2023,RB201,DAM/CAI,Y,144,0,0,0,0,0,144,0.00,0 %,0.00,ACT,0.00,0,144
11/25/2023,RB521,LTK/DOH,C,11,0,0,0,0,0,7,0.00,0 %,0.00,ACT,0.00,0,11
11/25/2023,RB521,LTK/DOH,Y,144,0,0,0,0,0,9,0.00,0 %,0.00,ACT,0.00,0,144
11/25/2023,RB515,LTK/DXB,C,27,0,0,0,0,0,10,0.00,0 %,0.00,ACT,0.00,0,27
11/25/2023,RB515,LTK/DXB,Y,254,0,0,0,0,0,78,0.00,0 %,0.00,ACT,0.00,0,254
11/25/2023,RB202,CAI/DAM,C,11,0,0,0,0,0,11,0.00,0 %,0.00,ACT,0.00,0,11
11/25/2023,RB202,CAI/DAM,Y,144,0,0,0,0,0,143,0.00,0 %,0.00,ACT,0.00,0,144
11/25/2023,RB522,DOH/LTK,C,11,0,0,0,0,0,10,0.00,0 %,0.00,ACT,0.00,0,11
11/25/2023,RB522,DOH/LTK,Y,144,0,0,0,0,0,39,0.00,0 %,0.00,ACT,0.00,0,144
11/25/2023,RB516,DXB/LTK,C,27,0,0,0,0,0,18,0.00,0 %,0.00,ACT,0.00,0,27
11/25/2023,RB516,DXB/LTK,Y,254,0,0,0,0,0,127,0.00,0 %,0.00,ACT,0.00,0,254
11/25/2023,RB341,LTK/KWI,C,11,0,0,0,0,0,10,0.00,0 %,0.00,ACT,0.00,0,11
11/25/2023,RB341,LTK/KWI,Y,144,0,0,0,0,0,24,0.00,0 %,0.00,ACT,0.00,0,144
11/25/2023,RB342,KWI/DAM,C,11,0,0,0,0,0,7,0.00,0 %,0.00,ACT,0.00,0,11
11/25/2023,RB342,KWI/DAM,Y,144,0,0,0,0,0,113,0.00,0 %,0.00,ACT,0.00,0,144
11/26/2023,RB441,DAM/VKO,C,11,0,0,0,0,0,8,0.00,0 %,0.00,ACT,0.00,0,11
11/26/2023,RB441,DAM/VKO,Y,96,0,0,0,0,0,32,0.00,0 %,0.00,ACT,0.00,0,96
11/26/2023,RB501,DAM/SHJ,C,11,0,0,0,0,0,9,0.00,0 %,0.00,ACT,0.00,0,11
11/26/2023,RB501,DAM/SHJ,Y,144,0,0,0,0,0,4,0.00,0 %,0.00,ACT,0.00,0,144
11/26/2023,RB502,SHJ/DAM,C,11,0,0,0,0,0,9,0.00,0 %,0.00,ACT,0.00,0,11
11/26/2023,RB502,SHJ/DAM,Y,144,0,0,0,0,0,60,0.00,0 %,0.00,ACT,0.00,0,144
11/26/2023,RB442,VKO/DAM,C,11,0,0,0,0,0,7,0.00,0 %,0.00,ACT,0.00,0,11
11/26/2023,RB442,VKO/DAM,Y,114,0,0,0,0,0,42,0.00,0 %,0.00,ACT,0.00,0,114
11/27/2023,RB515,LTK/DXB,C,11,0,0,0,0,0,1,0.00,0 %,0.00,ACT,0.00,0,11
11/27/2023,RB515,LTK/DXB,Y,144,0,0,0,0,0,34,0.00,0 %,0.00,ACT,0.00,0,144
11/27/2023,RB201,DAM/CAI,C,11,0,0,0,0,0,10,0.00,0 %,0.00,ACT,0.00,0,11
11/27/2023,RB201,DAM/CAI,Y,144,0,0,0,0,0,141,0.00,0 %,0.00,ACT,0.00,0,144
11/27/2023,RB202,CAI/DAM,C,11,0,0,0,0,0,11,0.00,0 %,0.00,ACT,0.00,0,11
11/27/2023,RB202,CAI/DAM,Y,144,0,0,0,0,0,140,0.00,0 %,0.00,ACT,0.00,0,144
11/27/2023,RB516,DXB/LTK,C,11,0,0,0,0,0,5,0.00,0 %,0.00,ACT,0.00,0,11
11/27/2023,RB516,DXB/LTK,Y,144,0,0,0,0,0,49,0.00,0 %,0.00,ACT,0.00,0,144
11/28/2023,RB501,LTK/SHJ,C,11,0,0,0,0,0,11,0.00,0 %,0.00,ACT,0.00,0,11
11/28/2023,RB501,LTK/SHJ,Y,144,0,0,0,0,0,57,0.00,0 %,0.00,ACT,0.00,0,144
11/28/2023,RB503,LTK/AUH,C,11,0,0,0,0,0,10,0.00,0 %,0.00,ACT,0.00,0,11
11/28/2023,RB503,LTK/AUH,Y,144,0,0,0,0,0,43,0.00,0 %,0.00,ACT,0.00,0,144
11/28/2023,RB502,SHJ/LTK,C,11,0,0,0,0,0,6,0.00,0 %,0.00,ACT,0.00,0,11
11/28/2023,RB502,SHJ/LTK,Y,144,0,0,0,0,0,75,0.00,0 %,0.00,ACT,0.00,0,144
11/28/2023,RB504,AUH/LTK,C,11,0,0,0,0,0,9,0.00,0 %,0.00,ACT,0.00,0,11
11/28/2023,RB504,AUH/LTK,Y,144,0,0,0,0,0,58,0.00,0 %,0.00,ACT,0.00,0,144
11/29/2023,RB521,LTK/DOH,C,11,0,0,0,0,0,7,0.00,0 %,0.00,ACT,0.00,0,11
11/29/2023,RB521,LTK/DOH,Y,144,0,0,0,0,0,5,0.00,0 %,0.00,ACT,0.00,0,144
11/29/2023,RB515,LTK/DXB,C,11,0,0,0,0,0,5,0.00,0 %,0.00,ACT,0.00,0,11
11/29/2023,RB515,LTK/DXB,Y,144,0,0,0,0,0,1,0.00,0 %,0.00,ACT,0.00,0,144
11/29/2023,RB522,DOH/LTK,C,11,0,0,0,0,0,8,0.00,0 %,0.00,ACT,0.00,0,11
11/29/2023,RB522,DOH/LTK,Y,144,0,0,0,0,0,51,0.00,0 %,0.00,ACT,0.00,0,144
11/29/2023,RB201,DAM/CAI,C,11,0,0,0,0,0,11,0.00,0 %,0.00,ACT,0.00,0,11
11/29/2023,RB201,DAM/CAI,Y,144,0,0,0,0,0,142,0.00,0 %,0.00,ACT,0.00,0,144
11/29/2023,RB516,DXB/LTK,C,11,0,0,0,0,0,10,0.00,0 %,0.00,ACT,0.00,0,11
11/29/2023,RB516,DXB/LTK,Y,144,0,0,0,0,0,30,0.00,0 %,0.00,ACT,0.00,0,144
11/29/2023,RB202,CAI/DAM,C,11,0,0,0,0,0,11,0.00,0 %,0.00,ACT,0.00,0,11
11/29/2023,RB202,CAI/DAM,Y,144,0,0,0,0,0,142,0.00,0 %,0.00,ACT,0.00,0,144
11/30/2023,RB515,LTK/DXB,C,11,0,0,0,0,0,6,0.00,0 %,0.00,ACT,0.00,0,11
11/30/2023,RB515,LTK/DXB,Y,144,0,0,0,0,0,34,0.00,0 %,0.00,ACT,0.00,0,144
11/30/2023,RB516,DXB/LTK,C,11,0,0,0,0,0,3,0.00,0 %,0.00,ACT,0.00,0,11
11/30/2023,RB516,DXB/LTK,Y,144,0,0,0,0,0,13,0.00,0 %,0.00,ACT,0.00,0,144
11/30/2023,RB201,DAM/CAI,C,11,0,0,0,0,0,11,0.00,0 %,0.00,ACT,0.00,0,11
11/30/2023,RB201,DAM/CAI,Y,144,0,0,0,0,0,143,0.00,0 %,0.00,ACT,0.00,0,144
11/30/2023,RB202,CAI/DAM,C,11,0,0,0,0,0,11,0.00,0 %,0.00,ACT,0.00,0,11
11/30/2023,RB202,CAI/DAM,Y,144,0,0,0,0,0,144,0.00,0 %,0.00,ACT,0.00,0,144
12/01/2023,RB121,LTK/KAC,C,11,0,0,0,0,0,11,0.00,0 %,0.00,ACT,0.00,0,11
12/01/2023,RB121,LTK/KAC,Y,144,0,0,0,0,0,55,0.00,0 %,0.00,ACT,0.00,0,144
12/01/2023,RB501,LTK/SHJ,C,11,0,0,0,0,0,9,0.00,0 %,0.00,ACT,0.00,0,11
12/01/2023,RB501,LTK/SHJ,Y,144,0,0,0,0,0,10,0.00,0 %,0.00,ACT,0.00,0,144
12/01/2023,RB122,KAC/LTK,C,11,0,0,0,0,0,9,0.00,0 %,0.00,ACT,0.00,0,11
12/01/2023,RB122,KAC/LTK,Y,144,0,0,0,0,0,63,0.00,0 %,0.00,ACT,0.00,0,144
12/01/2023,RB503,LTK/AUH,C,11,0,0,0,0,0,11,0.00,0 %,0.00,ACT,0.00,0,11
12/01/2023,RB503,LTK/AUH,Y,144,0,0,0,0,0,5,0.00,0 %,0.00,ACT,0.00,0,144
12/01/2023,RB502,SHJ/LTK,C,11,0,0,0,0,0,10,0.00,0 %,0.00,ACT,0.00,0,11
12/01/2023,RB502,SHJ/LTK,Y,144,0,0,0,0,0,53,0.00,0 %,0.00,ACT,0.00,0,144
12/01/2023,RB504,AUH/LTK,C,11,0,0,0,0,0,7,0.00,0 %,0.00,ACT,0.00,0,11
12/01/2023,RB504,AUH/LTK,Y,144,0,0,0,0,0,30,0.00,0 %,0.00,ACT,0.00,0,144
12/01/2023,RB1395,LTK/PZU,C,11,0,0,0,0,0,11,0.00,0 %,0.00,ACT,0.00,0,11
12/01/2023,RB1395,LTK/PZU,Y,144,0,0,0,0,0,125,0.00,0 %,0.00,ACT,0.00,0,144
12/02/2023,RB1396,PZU/LTK,C,11,0,0,0,0,0,11,0.00,0 %,0.00,ACT,0.00,0,11
12/02/2023,RB1396,PZU/LTK,Y,144,0,0,0,0,0,63,0.00,0 %,0.00,ACT,0.00,0,144
12/02/2023,RB201,DAM/CAI,C,11,0,0,0,0,0,11,0.00,0 %,0.00,ACT,0.00,0,11
12/02/2023,RB201,DAM/CAI,Y,144,0,0,0,0,0,143,0.00,0 %,0.00,ACT,0.00,0,144
12/02/2023,RB521,LTK/DOH,C,11,0,0,0,0,0,1,0.00,0 %,0.00,ACT,0.00,0,11
12/02/2023,RB521,LTK/DOH,Y,144,0,0,0,0,0,0,0.00,0 %,0.00,ACT,0.00,0,144
12/02/2023,RB515,LTK/DXB,C,27,0,0,0,0,0,20,0.00,0 %,0.00,ACT,0.00,0,27
12/02/2023,RB515,LTK/DXB,Y,250,0,0,0,0,0,34,0.00,0 %,0.00,ACT,0.00,0,250
12/02/2023,RB202,CAI/DAM,C,11,0,0,0,0,0,11,0.00,0 %,0.00,ACT,0.00,0,11
12/02/2023,RB202,CAI/DAM,Y,144,0,0,0,0,0,141,0.00,0 %,0.00,ACT,0.00,0,144
12/02/2023,RB522,DOH/LTK,C,11,0,0,0,0,0,9,0.00,0 %,0.00,ACT,0.00,0,11
12/02/2023,RB522,DOH/LTK,Y,144,0,0,0,0,0,49,0.00,0 %,0.00,ACT,0.00,0,144
12/02/2023,RB516,DXB/LTK,C,27,0,0,0,0,0,17,0.00,0 %,0.00,ACT,0.00,0,27
12/02/2023,RB516,DXB/LTK,Y,254,0,0,0,0,0,128,0.00,0 %,0.00,ACT,0.00,0,254
12/02/2023,RB341,LTK/KWI,C,11,0,0,0,0,0,9,0.00,0 %,0.00,ACT,0.00,0,11
12/02/2023,RB341,LTK/KWI,Y,144,0,0,0,0,0,14,0.00,0 %,0.00,ACT,0.00,0,144
12/02/2023,RB342,KWI/LTK,C,11,0,0,0,0,0,11,0.00,0 %,0.00,ACT,0.00,0,11
12/02/2023,RB342,KWI/LTK,Y,144,0,0,0,0,0,82,0.00,0 %,0.00,ACT,0.00,0,144
12/03/2023,RB441,LTK/VKO,C,11,0,0,0,0,0,3,0.00,0 %,0.00,ACT,0.00,0,11
12/03/2023,RB441,LTK/VKO,Y,96,0,0,0,0,0,18,0.00,0 %,0.00,ACT,0.00,0,96
12/03/2023,RB501,LTK/SHJ,C,11,0,0,0,0,0,11,0.00,0 %,0.00,ACT,0.00,0,11
12/03/2023,RB501,LTK/SHJ,Y,144,0,0,0,0,0,25,0.00,0 %,0.00,ACT,0.00,0,144
12/03/2023,RB502,SHJ/LTK,C,11,0,0,0,0,0,11,0.00,0 %,0.00,ACT,0.00,0,11
12/03/2023,RB502,SHJ/LTK,Y,144,0,0,0,0,0,87,0.00,0 %,0.00,ACT,0.00,0,144
12/03/2023,RB442,VKO/LTK,C,11,0,0,0,0,0,10,0.00,0 %,0.00,ACT,0.00,0,11
12/03/2023,RB442,VKO/LTK,Y,114,0,0,0,0,0,57,0.00,0 %,0.00,ACT,0.00,0,114
12/04/2023,RB515,LTK/DXB,C,27,0,0,0,0,0,13,0.00,0 %,0.00,ACT,0.00,0,27
12/04/2023,RB515,LTK/DXB,Y,254,0,0,0,0,0,68,0.00,0 %,0.00,ACT,0.00,0,254
12/04/2023,RB201,DAM/CAI,C,11,0,0,0,0,0,11,0.00,0 %,0.00,ACT,0.00,0,11
12/04/2023,RB201,DAM/CAI,Y,144,0,0,0,0,0,140,0.00,0 %,0.00,ACT,0.00,0,144
12/04/2023,RB202,CAI/DAM,C,11,0,0,0,0,0,11,0.00,0 %,0.00,ACT,0.00,0,11
12/04/2023,RB202,CAI/DAM,Y,144,0,0,0,0,0,144,0.00,0 %,0.00,ACT,0.00,0,144
12/04/2023,RB516,DXB/LTK,C,27,0,0,0,0,0,11,0.00,0 %,0.00,ACT,0.00,0,27
12/04/2023,RB516,DXB/LTK,Y,254,0,0,0,0,0,185,0.00,0 %,0.00,ACT,0.00,0,254
12/05/2023,RB501,LTK/SHJ,C,11,0,0,0,0,0,11,0.00,0 %,0.00,ACT,0.00,0,11
12/05/2023,RB501,LTK/SHJ,Y,144,0,0,0,0,0,54,0.00,0 %,0.00,ACT,0.00,0,144
12/05/2023,RB502,SHJ/LTK,C,11,0,0,0,0,0,9,0.00,0 %,0.00,ACT,0.00,0,11
12/05/2023,RB502,SHJ/LTK,Y,144,0,0,0,0,0,85,0.00,0 %,0.00,ACT,0.00,0,144
12/05/2023,RB503,LTK/AUH,C,11,0,0,0,0,0,10,0.00,0 %,0.00,ACT,0.00,0,11
12/05/2023,RB503,LTK/AUH,Y,144,0,0,0,0,0,9,0.00,0 %,0.00,ACT,0.00,0,144
12/05/2023,RB504,AUH/LTK,C,11,0,0,0,0,0,10,0.00,0 %,0.00,ACT,0.00,0,11
12/05/2023,RB504,AUH/LTK,Y,144,0,0,0,0,0,88,0.00,0 %,0.00,ACT,0.00,0,144
12/06/2023,RB521,LTK/DOH,C,11,0,0,0,0,0,0,0.00,0 %,0.00,ACT,0.00,0,11
12/06/2023,RB521,LTK/DOH,Y,144,0,0,0,0,0,6,0.00,0 %,0.00,ACT,0.00,0,144
12/06/2023,RB515,LTK/DXB,C,27,0,0,0,0,0,27,0.00,0 %,0.00,ACT,0.00,0,27
12/06/2023,RB515,LTK/DXB,Y,254,0,0,0,0,0,72,0.00,0 %,0.00,ACT,0.00,0,254
12/06/2023,RB522,DOH/LTK,C,11,0,0,0,0,0,11,0.00,0 %,0.00,ACT,0.00,0,11
12/06/2023,RB522,DOH/LTK,Y,144,0,0,0,0,0,57,0.00,0 %,0.00,ACT,0.00,0,144
12/06/2023,RB201,DAM/CAI,C,11,0,0,0,0,0,11,0.00,0 %,0.00,ACT,0.00,0,11
12/06/2023,RB201,DAM/CAI,Y,144,0,0,0,0,0,141,0.00,0 %,0.00,ACT,0.00,0,144
12/06/2023,RB516,DXB/LTK,C,27,0,0,0,0,0,18,0.00,0 %,0.00,ACT,0.00,0,27
12/06/2023,RB516,DXB/LTK,Y,254,0,0,0,0,0,197,0.00,0 %,0.00,ACT,0.00,0,254
12/06/2023,RB202,CAI/DAM,C,11,0,0,0,0,0,11,0.00,0 %,0.00,ACT,0.00,0,11
12/06/2023,RB202,CAI/DAM,Y,144,0,0,0,0,0,144,0.00,0 %,0.00,ACT,0.00,0,144
12/07/2023,RB515,LTK/DXB,C,11,0,0,0,0,0,8,0.00,0 %,0.00,ACT,0.00,0,11
12/07/2023,RB515,LTK/DXB,Y,144,0,0,0,0,0,46,0.00,0 %,0.00,ACT,0.00,0,144
12/07/2023,RB516,DXB/LTK,C,11,0,0,0,0,0,5,0.00,0 %,0.00,ACT,0.00,0,11
12/07/2023,RB516,DXB/LTK,Y,144,0,0,0,0,0,43,0.00,0 %,0.00,ACT,0.00,0,144
12/07/2023,RB201,DAM/CAI,C,11,0,0,0,0,0,11,0.00,0 %,0.00,ACT,0.00,0,11
12/07/2023,RB201,DAM/CAI,Y,144,0,0,0,0,0,144,0.00,0 %,0.00,ACT,0.00,0,144
12/07/2023,RB202,CAI/DAM,C,11,0,0,0,0,0,11,0.00,0 %,0.00,ACT,0.00,0,11
12/07/2023,RB202,CAI/DAM,Y,144,0,0,0,0,0,144,0.00,0 %,0.00,ACT,0.00,0,144
12/08/2023,RB121,LTK/KAC,C,11,0,0,0,0,0,9,0.00,0 %,0.00,ACT,0.00,0,11
12/08/2023,RB121,LTK/KAC,Y,144,0,0,0,0,0,84,0.00,0 %,0.00,ACT,0.00,0,144
12/08/2023,RB501,LTK/SHJ,C,11,0,0,0,0,0,8,0.00,0 %,0.00,ACT,0.00,0,11
12/08/2023,RB501,LTK/SHJ,Y,144,0,0,0,0,0,49,0.00,0 %,0.00,ACT,0.00,0,144
12/08/2023,RB122,KAC/LTK,C,11,0,0,0,0,0,11,0.00,0 %,0.00,ACT,0.00,0,11
12/08/2023,RB122,KAC/LTK,Y,144,0,0,0,0,0,58,0.00,0 %,0.00,ACT,0.00,0,144
12/08/2023,RB503,LTK/AUH,C,11,0,0,0,0,0,7,0.00,0 %,0.00,ACT,0.00,0,11
12/08/2023,RB503,LTK/AUH,Y,144,0,0,0,0,0,24,0.00,0 %,0.00,ACT,0.00,0,144
12/08/2023,RB502,SHJ/LTK,C,11,0,0,0,0,0,6,0.00,0 %,0.00,ACT,0.00,0,11
12/08/2023,RB502,SHJ/LTK,Y,144,0,0,0,0,0,35,0.00,0 %,0.00,ACT,0.00,0,144
12/08/2023,RB504,AUH/LTK,C,11,0,0,0,0,0,9,0.00,0 %,0.00,ACT,0.00,0,11
12/08/2023,RB504,AUH/LTK,Y,144,0,0,0,0,0,12,0.00,0 %,0.00,ACT,0.00,0,144
12/09/2023,RB201,DAM/CAI,C,11,0,0,0,0,0,11,0.00,0 %,0.00,ACT,0.00,0,11
12/09/2023,RB201,DAM/CAI,Y,144,0,0,0,0,0,143,0.00,0 %,0.00,ACT,0.00,0,144
12/09/2023,RB521,LTK/DOH,C,11,0,0,0,0,0,3,0.00,0 %,0.00,ACT,0.00,0,11
12/09/2023,RB521,LTK/DOH,Y,144,0,0,0,0,0,0,0.00,0 %,0.00,ACT,0.00,0,144
12/09/2023,RB202,CAI/DAM,C,11,0,0,0,0,0,11,0.00,0 %,0.00,ACT,0.00,0,11
12/09/2023,RB202,CAI/DAM,Y,144,0,0,0,0,0,143,0.00,0 %,0.00,ACT,0.00,0,144
12/09/2023,RB515,LTK/DXB,C,27,0,0,0,0,0,9,0.00,0 %,0.00,ACT,0.00,0,27
12/09/2023,RB515,LTK/DXB,Y,254,0,0,0,0,0,63,0.00,0 %,0.00,ACT,0.00,0,254
12/09/2023,RB522,DOH/LTK,C,11,0,0,0,0,0,4,0.00,0 %,0.00,ACT,0.00,0,11
12/09/2023,RB522,DOH/LTK,Y,144,0,0,0,0,0,52,0.00,0 %,0.00,ACT,0.00,0,144
12/09/2023,RB516,DXB/LTK,C,27,0,0,0,0,0,11,0.00,0 %,0.00,ACT,0.00,0,27
12/09/2023,RB516,DXB/LTK,Y,254,0,0,0,0,0,113,0.00,0 %,0.00,ACT,0.00,0,254
12/09/2023,RB341,LTK/KWI,C,11,0,0,0,0,0,10,0.00,0 %,0.00,ACT,0.00,0,11
12/09/2023,RB341,LTK/KWI,Y,144,0,0,0,0,0,42,0.00,0 %,0.00,ACT,0.00,0,144
12/09/2023,RB342,KWI/LTK,C,11,0,0,0,0,0,2,0.00,0 %,0.00,ACT,0.00,0,11
12/09/2023,RB342,KWI/LTK,Y,144,0,0,0,0,0,107,0.00,0 %,0.00,ACT,0.00,0,144
12/10/2023,RB441,LTK/VKO,C,11,0,0,0,0,0,7,0.00,0 %,0.00,ACT,0.00,0,11
12/10/2023,RB441,LTK/VKO,Y,96,0,0,0,0,0,33,0.00,0 %,0.00,ACT,0.00,0,96
12/10/2023,RB501,LTK/SHJ,C,11,0,0,0,0,0,11,0.00,0 %,0.00,ACT,0.00,0,11
12/10/2023,RB501,LTK/SHJ,Y,144,0,0,0,0,0,50,0.00,0 %,0.00,ACT,0.00,0,144
12/10/2023,RB502,SHJ/LTK,C,11,0,0,0,0,0,6,0.00,0 %,0.00,ACT,0.00,0,11
12/10/2023,RB502,SHJ/LTK,Y,144,0,0,0,0,0,46,0.00,0 %,0.00,ACT,0.00,0,144
12/10/2023,RB442,VKO/LTK,C,11,0,0,0,0,0,10,0.00,0 %,0.00,ACT,0.00,0,11
12/10/2023,RB442,VKO/LTK,Y,114,0,0,0,0,0,97,0.00,0 %,0.00,ACT,0.00,0,114
12/11/2023,RB515,LTK/DXB,C,11,0,0,0,0,0,4,0.00,0 %,0.00,ACT,0.00,0,11
12/11/2023,RB515,LTK/DXB,Y,144,0,0,0,0,0,22,0.00,0 %,0.00,ACT,0.00,0,144
12/11/2023,RB201,DAM/CAI,C,11,0,0,0,0,0,11,0.00,0 %,0.00,ACT,0.00,0,11
12/11/2023,RB201,DAM/CAI,Y,144,0,0,0,0,0,144,0.00,0 %,0.00,ACT,0.00,0,144
12/11/2023,RB202,CAI/DAM,C,11,0,0,0,0,0,11,0.00,0 %,0.00,ACT,0.00,0,11
12/11/2023,RB202,CAI/DAM,Y,144,0,0,0,0,0,144,0.00,0 %,0.00,ACT,0.00,0,144
12/11/2023,RB516,DXB/LTK,C,11,0,0,0,0,0,5,0.00,0 %,0.00,ACT,0.00,0,11
12/11/2023,RB516,DXB/LTK,Y,144,0,0,0,0,0,53,0.00,0 %,0.00,ACT,0.00,0,144
12/11/2023,RB373,DAM/IKA,C,11,0,0,0,0,0,11,0.00,0 %,0.00,ACT,0.00,0,11
12/11/2023,RB373,DAM/IKA,Y,144,0,0,0,0,0,142,0.00,0 %,0.00,ACT,0.00,0,144
12/12/2023,RB501,LTK/SHJ,C,11,0,0,0,0,0,10,0.00,0 %,0.00,ACT,0.00,0,11
12/12/2023,RB501,LTK/SHJ,Y,144,0,0,0,0,0,51,0.00,0 %,0.00,ACT,0.00,0,144
12/12/2023,RB503,LTK/AUH,C,11,0,0,0,0,0,8,0.00,0 %,0.00,ACT,0.00,0,11
12/12/2023,RB503,LTK/AUH,Y,144,0,0,0,0,0,37,0.00,0 %,0.00,ACT,0.00,0,144
12/12/2023,RB502,SHJ/LTK,C,11,0,0,0,0,0,7,0.00,0 %,0.00,ACT,0.00,0,11
12/12/2023,RB502,SHJ/LTK,Y,144,0,0,0,0,0,62,0.00,0 %,0.00,ACT,0.00,0,144
12/12/2023,RB504,AUH/LTK,C,11,0,0,0,0,0,8,0.00,0 %,0.00,ACT,0.00,0,11
12/12/2023,RB504,AUH/LTK,Y,144,0,0,0,0,0,43,0.00,0 %,0.00,ACT,0.00,0,144
12/13/2023,RB521,LTK/DOH,C,11,0,0,0,0,0,0,0.00,0 %,0.00,ACT,0.00,0,11
12/13/2023,RB521,LTK/DOH,Y,144,0,0,0,0,0,4,0.00,0 %,0.00,ACT,0.00,0,144
12/13/2023,RB515,LTK/DXB,C,11,0,0,0,0,0,1,0.00,0 %,0.00,ACT,0.00,0,11
12/13/2023,RB515,LTK/DXB,Y,144,0,0,0,0,0,9,0.00,0 %,0.00,ACT,0.00,0,144
12/13/2023,RB522,DOH/LTK,C,11,0,0,0,0,0,3,0.00,0 %,0.00,ACT,0.00,0,11
12/13/2023,RB522,DOH/LTK,Y,144,0,0,0,0,0,72,0.00,0 %,0.00,ACT,0.00,0,144
12/13/2023,RB201,DAM/CAI,C,11,0,0,0,0,0,11,0.00,0 %,0.00,ACT,0.00,0,11
12/13/2023,RB201,DAM/CAI,Y,144,0,0,0,0,0,143,0.00,0 %,0.00,ACT,0.00,0,144
12/13/2023,RB516,DXB/LTK,C,11,0,0,0,0,0,5,0.00,0 %,0.00,ACT,0.00,0,11
12/13/2023,RB516,DXB/LTK,Y,144,0,0,0,0,0,68,0.00,0 %,0.00,ACT,0.00,0,144
12/13/2023,RB202,CAI/DAM,C,11,0,0,0,0,0,11,0.00,0 %,0.00,ACT,0.00,0,11
12/13/2023,RB202,CAI/DAM,Y,144,0,0,0,0,0,144,0.00,0 %,0.00,ACT,0.00,0,144
12/13/2023,RB374,IKA/DAM,C,11,0,0,0,0,0,11,0.00,0 %,0.00,ACT,0.00,0,11
12/13/2023,RB374,IKA/DAM,Y,144,0,0,0,0,0,142,0.00,0 %,0.00,ACT,0.00,0,144
12/14/2023,RB515,LTK/DXB,C,11,0,0,0,0,0,9,0.00,0 %,0.00,ACT,0.00,0,11
12/14/2023,RB515,LTK/DXB,Y,144,0,0,0,0,0,2,0.00,0 %,0.00,ACT,0.00,0,144
12/14/2023,RB516,DXB/LTK,C,11,0,0,0,0,0,3,0.00,0 %,0.00,ACT,0.00,0,11
12/14/2023,RB516,DXB/LTK,Y,144,0,0,0,0,0,32,0.00,0 %,0.00,ACT,0.00,0,144
12/14/2023,RB201,DAM/CAI,C,11,0,0,0,0,0,11,0.00,0 %,0.00,ACT,0.00,0,11
12/14/2023,RB201,DAM/CAI,Y,144,0,0,0,0,0,143,0.00,0 %,0.00,ACT,0.00,0,144
12/14/2023,RB202,CAI/DAM,C,11,0,0,0,0,0,11,0.00,0 %,0.00,ACT,0.00,0,11
12/14/2023,RB202,CAI/DAM,Y,144,0,0,0,0,0,144,0.00,0 %,0.00,ACT,0.00,0,144
12/15/2023,RB121,LTK/KAC,C,11,0,0,0,0,0,10,0.00,0 %,0.00,ACT,0.00,0,11
12/15/2023,RB121,LTK/KAC,Y,144,0,0,0,0,0,90,0.00,0 %,0.00,ACT,0.00,0,144
12/15/2023,RB501,LTK/SHJ,C,11,0,0,0,0,0,7,0.00,0 %,0.00,ACT,0.00,0,11
12/15/2023,RB501,LTK/SHJ,Y,144,0,0,0,0,0,11,0.00,0 %,0.00,ACT,0.00,0,144
12/15/2023,RB122,KAC/LTK,C,11,0,0,0,0,0,11,0.00,0 %,0.00,ACT,0.00,0,11
12/15/2023,RB122,KAC/LTK,Y,144,0,0,0,0,0,66,0.00,0 %,0.00,ACT,0.00,0,144
12/15/2023,RB503,LTK/AUH,C,11,0,0,0,0,0,8,0.00,0 %,0.00,ACT,0.00,0,11
12/15/2023,RB503,LTK/AUH,Y,144,0,0,0,0,0,3,0.00,0 %,0.00,ACT,0.00,0,144
12/15/2023,RB502,SHJ/LTK,C,11,0,0,0,0,0,11,0.00,0 %,0.00,ACT,0.00,0,11
12/15/2023,RB502,SHJ/LTK,Y,144,0,0,0,0,0,41,0.00,0 %,0.00,ACT,0.00,0,144
12/15/2023,RB504,AUH/LTK,C,11,0,0,0,0,0,10,0.00,0 %,0.00,ACT,0.00,0,11
12/15/2023,RB504,AUH/LTK,Y,144,0,0,0,0,0,31,0.00,0 %,0.00,ACT,0.00,0,144
12/16/2023,RB201,DAM/CAI,C,11,0,0,0,0,0,11,0.00,0 %,0.00,ACT,0.00,0,11
12/16/2023,RB201,DAM/CAI,Y,144,0,0,0,0,0,144,0.00,0 %,0.00,ACT,0.00,0,144
12/16/2023,RB521,LTK/DOH,C,11,0,0,0,0,0,1,0.00,0 %,0.00,ACT,0.00,0,11
12/16/2023,RB521,LTK/DOH,Y,144,0,0,0,0,0,12,0.00,0 %,0.00,ACT,0.00,0,144
12/16/2023,RB515,LTK/DXB,C,27,0,0,0,0,0,7,0.00,0 %,0.00,ACT,0.00,0,27
12/16/2023,RB515,LTK/DXB,Y,254,0,0,0,0,0,42,0.00,0 %,0.00,ACT,0.00,0,254
12/16/2023,RB202,CAI/DAM,C,11,0,0,0,0,0,11,0.00,0 %,0.00,ACT,0.00,0,11
12/16/2023,RB202,CAI/DAM,Y,144,0,0,0,0,0,144,0.00,0 %,0.00,ACT,0.00,0,144
12/16/2023,RB522,DOH/LTK,C,11,0,0,0,0,0,7,0.00,0 %,0.00,ACT,0.00,0,11
12/16/2023,RB522,DOH/LTK,Y,144,0,0,0,0,0,14,0.00,0 %,0.00,ACT,0.00,0,144
12/16/2023,RB516,DXB/LTK,C,27,0,0,0,0,0,19,0.00,0 %,0.00,ACT,0.00,0,27
12/16/2023,RB516,DXB/LTK,Y,254,0,0,0,0,0,88,0.00,0 %,0.00,ACT,0.00,0,254
12/16/2023,RB341,LTK/KWI,C,11,0,0,0,0,0,10,0.00,0 %,0.00,ACT,0.00,0,11
12/16/2023,RB341,LTK/KWI,Y,144,0,0,0,0,0,43,0.00,0 %,0.00,ACT,0.00,0,144
12/16/2023,RB342,KWI/LTK,C,11,0,0,0,0,0,8,0.00,0 %,0.00,ACT,0.00,0,11
12/16/2023,RB342,KWI/LTK,Y,144,0,0,0,0,0,71,0.00,0 %,0.00,ACT,0.00,0,144
12/17/2023,RB441,LTK/VKO,C,11,0,0,0,0,0,5,0.00,0 %,0.00,ACT,0.00,0,11
12/17/2023,RB441,LTK/VKO,Y,96,0,0,0,0,0,20,0.00,0 %,0.00,ACT,0.00,0,96
12/17/2023,RB501,LTK/SHJ,C,11,0,0,0,0,0,4,0.00,0 %,0.00,ACT,0.00,0,11
12/17/2023,RB501,LTK/SHJ,Y,144,0,0,0,0,0,17,0.00,0 %,0.00,ACT,0.00,0,144
12/17/2023,RB502,SHJ/LTK,C,11,0,0,0,0,0,9,0.00,0 %,0.00,ACT,0.00,0,11
12/17/2023,RB502,SHJ/LTK,Y,144,0,0,0,0,0,38,0.00,0 %,0.00,ACT,0.00,0,144
12/17/2023,RB442,VKO/LTK,C,11,0,0,0,0,0,6,0.00,0 %,0.00,ACT,0.00,0,11
12/17/2023,RB442,VKO/LTK,Y,114,0,0,0,0,0,42,0.00,0 %,0.00,ACT,0.00,0,114
12/18/2023,RB515,LTK/DXB,C,27,0,0,0,0,0,16,0.00,0 %,0.00,ACT,0.00,0,27
12/18/2023,RB515,LTK/DXB,Y,254,0,0,0,0,0,64,0.00,0 %,0.00,ACT,0.00,0,254
12/18/2023,RB201,DAM/CAI,C,11,0,0,0,0,0,11,0.00,0 %,0.00,ACT,0.00,0,11
12/18/2023,RB201,DAM/CAI,Y,144,0,0,0,0,0,144,0.00,0 %,0.00,ACT,0.00,0,144
12/18/2023,RB202,CAI/DAM,C,11,0,0,0,0,0,11,0.00,0 %,0.00,ACT,0.00,0,11
12/18/2023,RB202,CAI/DAM,Y,144,0,0,0,0,0,144,0.00,0 %,0.00,ACT,0.00,0,144
12/18/2023,RB516,DXB/LTK,C,27,0,0,0,0,0,11,0.00,0 %,0.00,ACT,0.00,0,27
12/18/2023,RB516,DXB/LTK,Y,254,0,0,0,0,0,134,0.00,0 %,0.00,ACT,0.00,0,254
12/19/2023,RB501,LTK/SHJ,C,11,0,0,0,0,0,4,0.00,0 %,0.00,ACT,0.00,0,11
12/19/2023,RB501,LTK/SHJ,Y,144,0,0,0,0,0,28,0.00,0 %,0.00,ACT,0.00,0,144
12/19/2023,RB503,LTK/AUH,C,27,0,0,0,0,0,26,0.00,0 %,0.00,ACT,0.00,0,27
12/19/2023,RB503,LTK/AUH,Y,254,0,0,0,0,0,115,0.00,0 %,0.00,ACT,0.00,0,254
12/19/2023,RB502,SHJ/LTK,C,11,0,0,0,0,0,10,0.00,0 %,0.00,ACT,0.00,0,11
12/19/2023,RB502,SHJ/LTK,Y,144,0,0,0,0,0,40,0.00,0 %,0.00,ACT,0.00,0,144
12/19/2023,RB504,AUH/LTK,C,27,0,0,0,0,0,24,0.00,0 %,0.00,ACT,0.00,0,27
12/19/2023,RB504,AUH/LTK,Y,254,0,0,0,0,0,174,0.00,0 %,0.00,ACT,0.00,0,254
12/20/2023,RB521,LTK/DOH,C,11,0,0,0,0,0,5,0.00,0 %,0.00,ACT,0.00,0,11
12/20/2023,RB521,LTK/DOH,Y,144,0,0,0,0,0,3,0.00,0 %,0.00,ACT,0.00,0,144
12/20/2023,RB515,LTK/DXB,C,27,0,0,0,0,0,20,0.00,0 %,0.00,ACT,0.00,0,27
12/20/2023,RB515,LTK/DXB,Y,254,0,0,0,0,0,41,0.00,0 %,0.00,ACT,0.00,0,254
12/20/2023,RB522,DOH/LTK,C,11,0,0,0,0,0,7,0.00,0 %,0.00,ACT,0.00,0,11
12/20/2023,RB522,DOH/LTK,Y,144,0,0,0,0,0,5,0.00,0 %,0.00,ACT,0.00,0,144
12/20/2023,RB201,DAM/CAI,C,11,0,0,0,0,0,11,0.00,0 %,0.00,ACT,0.00,0,11
12/20/2023,RB201,DAM/CAI,Y,144,0,0,0,0,0,143,0.00,0 %,0.00,ACT,0.00,0,144
12/20/2023,RB516,DXB/LTK,C,27,0,0,0,0,0,15,0.00,0 %,0.00,ACT,0.00,0,27
12/20/2023,RB516,DXB/LTK,Y,250,0,0,0,0,0,157,0.00,0 %,0.00,ACT,0.00,0,250
12/20/2023,RB202,CAI/DAM,C,11,0,0,0,0,0,11,0.00,0 %,0.00,ACT,0.00,0,11
12/20/2023,RB202,CAI/DAM,Y,144,0,0,0,0,0,143,0.00,0 %,0.00,ACT,0.00,0,144
12/21/2023,RB515,LTK/DXB,C,11,0,0,0,0,0,0,0.00,0 %,0.00,ACT,0.00,0,11
12/21/2023,RB515,LTK/DXB,Y,144,0,0,0,0,0,3,0.00,0 %,0.00,ACT,0.00,0,144
12/21/2023,RB516,DXB/LTK,C,11,0,0,0,0,0,7,0.00,0 %,0.00,ACT,0.00,0,11
12/21/2023,RB516,DXB/LTK,Y,144,0,0,0,0,0,69,0.00,0 %,0.00,ACT,0.00,0,144
12/21/2023,RB201,DAM/CAI,C,11,0,0,0,0,0,11,0.00,0 %,0.00,ACT,0.00,0,11
12/21/2023,RB201,DAM/CAI,Y,144,0,0,0,0,0,144,0.00,0 %,0.00,ACT,0.00,0,144
12/21/2023,RB202,CAI/DAM,C,11,0,0,0,0,0,11,0.00,0 %,0.00,ACT,0.00,0,11
12/21/2023,RB202,CAI/DAM,Y,144,0,0,0,0,0,143,0.00,0 %,0.00,ACT,0.00,0,144
12/22/2023,RB501,LTK/SHJ,C,27,0,0,0,0,0,21,0.00,0 %,0.00,ACT,0.00,0,27
12/22/2023,RB501,LTK/SHJ,Y,254,0,0,0,0,0,90,0.00,0 %,0.00,ACT,0.00,0,254
12/22/2023,RB503,LTK/AUH,C,11,0,0,0,0,0,7,0.00,0 %,0.00,ACT,0.00,0,11
12/22/2023,RB503,LTK/AUH,Y,144,0,0,0,0,0,1,0.00,0 %,0.00,ACT,0.00,0,144
12/22/2023,RB502,SHJ/LTK,C,27,0,0,0,0,0,26,0.00,0 %,0.00,ACT,0.00,0,27
12/22/2023,RB502,SHJ/LTK,Y,254,0,0,0,0,0,172,0.00,0 %,0.00,ACT,0.00,0,254
12/22/2023,RB504,AUH/LTK,C,11,0,0,0,0,0,11,0.00,0 %,0.00,ACT,0.00,0,11
12/22/2023,RB504,AUH/LTK,Y,144,0,0,0,0,0,61,0.00,0 %,0.00,ACT,0.00,0,144
12/23/2023,RB201,DAM/CAI,C,11,0,0,0,0,0,11,0.00,0 %,0.00,ACT,0.00,0,11
12/23/2023,RB201,DAM/CAI,Y,144,0,0,0,0,0,144,0.00,0 %,0.00,ACT,0.00,0,144
12/23/2023,RB521,LTK/DOH,C,11,0,0,0,0,0,2,0.00,0 %,0.00,ACT,0.00,0,11
12/23/2023,RB521,LTK/DOH,Y,144,0,0,0,0,0,5,0.00,0 %,0.00,ACT,0.00,0,144
12/23/2023,RB202,CAI/DAM,C,11,0,0,0,0,0,11,0.00,0 %,0.00,ACT,0.00,0,11
12/23/2023,RB202,CAI/DAM,Y,144,0,0,0,0,0,144,0.00,0 %,0.00,ACT,0.00,0,144
12/23/2023,RB515,LTK/DXB,C,27,0,0,0,0,0,9,0.00,0 %,0.00,ACT,0.00,0,27
12/23/2023,RB515,LTK/DXB,Y,254,0,0,0,0,0,18,0.00,0 %,0.00,ACT,0.00,0,254
12/23/2023,RB522,DOH/LTK,C,11,0,0,0,0,0,3,0.00,0 %,0.00,ACT,0.00,0,11
12/23/2023,RB522,DOH/LTK,Y,144,0,0,0,0,0,20,0.00,0 %,0.00,ACT,0.00,0,144
12/23/2023,RB341,LTK/KWI,C,11,0,0,0,0,0,10,0.00,0 %,0.00,ACT,0.00,0,11
12/23/2023,RB341,LTK/KWI,Y,144,0,0,0,0,0,35,0.00,0 %,0.00,ACT,0.00,0,144
12/23/2023,RB516,DXB/LTK,C,27,0,0,0,0,0,18,0.00,0 %,0.00,ACT,0.00,0,27
12/23/2023,RB516,DXB/LTK,Y,250,0,0,0,0,0,116,0.00,0 %,0.00,ACT,0.00,0,250
12/23/2023,RB342,KWI/LTK,C,11,0,0,0,0,0,10,0.00,0 %,0.00,ACT,0.00,0,11
12/23/2023,RB342,KWI/LTK,Y,144,0,0,0,0,0,87,0.00,0 %,0.00,ACT,0.00,0,144
12/24/2023,RB441,LTK/VKO,C,11,0,0,0,0,0,4,0.00,0 %,0.00,ACT,0.00,0,11
12/24/2023,RB441,LTK/VKO,Y,96,0,0,0,0,0,3,0.00,0 %,0.00,ACT,0.00,0,96
12/24/2023,RB501,LTK/SHJ,C,27,0,0,0,0,0,23,0.00,0 %,0.00,ACT,0.00,0,27
12/24/2023,RB501,LTK/SHJ,Y,254,0,0,0,0,0,60,0.00,0 %,0.00,ACT,0.00,0,254
12/24/2023,RB502,SHJ/LTK,C,27,0,0,0,0,0,22,0.00,0 %,0.00,ACT,0.00,0,27
12/24/2023,RB502,SHJ/LTK,Y,254,0,0,0,0,0,216,0.00,0 %,0.00,ACT,0.00,0,254
12/24/2023,RB442,VKO/LTK,C,11,0,0,0,0,0,8,0.00,0 %,0.00,ACT,0.00,0,11
12/24/2023,RB442,VKO/LTK,Y,114,0,0,0,0,0,35,0.00,0 %,0.00,ACT,0.00,0,114
12/25/2023,RB515,LTK/DXB,C,27,0,0,0,0,0,17,0.00,0 %,0.00,ACT,0.00,0,27
12/25/2023,RB515,LTK/DXB,Y,254,0,0,0,0,0,49,0.00,0 %,0.00,ACT,0.00,0,254
12/25/2023,RB121,LTK/KAC,C,11,0,0,0,0,0,11,0.00,0 %,0.00,ACT,0.00,0,11
12/25/2023,RB121,LTK/KAC,Y,144,0,0,0,0,0,107,0.00,0 %,0.00,ACT,0.00,0,144
12/25/2023,RB201,DAM/CAI,C,11,0,0,0,0,0,11,0.00,0 %,0.00,ACT,0.00,0,11
12/25/2023,RB201,DAM/CAI,Y,144,0,0,0,0,0,144,0.00,0 %,0.00,ACT,0.00,0,144
12/25/2023,RB122,KAC/LTK,C,11,0,0,0,0,0,11,0.00,0 %,0.00,ACT,0.00,0,11
12/25/2023,RB122,KAC/LTK,Y,144,0,0,0,0,0,118,0.00,0 %,0.00,ACT,0.00,0,144
12/25/2023,RB202,CAI/DAM,C,11,0,0,0,0,0,11,0.00,0 %,0.00,ACT,0.00,0,11
12/25/2023,RB202,CAI/DAM,Y,144,0,0,0,0,0,143,0.00,0 %,0.00,ACT,0.00,0,144
12/25/2023,RB516,DXB/LTK,C,27,0,0,0,0,0,11,0.00,0 %,0.00,ACT,0.00,0,27
12/25/2023,RB516,DXB/LTK,Y,254,0,0,0,0,0,149,0.00,0 %,0.00,ACT,0.00,0,254
12/26/2023,RB501,LTK/SHJ,C,11,0,0,0,0,0,9,0.00,0 %,0.00,ACT,0.00,0,11
12/26/2023,RB501,LTK/SHJ,Y,144,0,0,0,0,0,17,0.00,0 %,0.00,ACT,0.00,0,144
12/26/2023,RB503,LTK/AUH,C,11,0,0,0,0,0,9,0.00,0 %,0.00,ACT,0.00,0,11
12/26/2023,RB503,LTK/AUH,Y,144,0,0,0,0,0,1,0.00,0 %,0.00,ACT,0.00,0,144
12/26/2023,RB502,SHJ/LTK,C,11,0,0,0,0,0,10,0.00,0 %,0.00,ACT,0.00,0,11
12/26/2023,RB502,SHJ/LTK,Y,144,0,0,0,0,0,81,0.00,0 %,0.00,ACT,0.00,0,144
12/26/2023,RB504,AUH/LTK,C,11,0,0,0,0,0,8,0.00,0 %,0.00,ACT,0.00,0,11
12/26/2023,RB504,AUH/LTK,Y,144,0,0,0,0,0,82,0.00,0 %,0.00,ACT,0.00,0,144
12/27/2023,RB521,LTK/DOH,C,11,0,0,0,0,0,9,0.00,0 %,0.00,ACT,0.00,0,11
12/27/2023,RB521,LTK/DOH,Y,144,0,0,0,0,0,8,0.00,0 %,0.00,ACT,0.00,0,144
12/27/2023,RB515,LTK/DXB,C,27,0,0,0,0,0,24,0.00,0 %,0.00,ACT,0.00,0,27
12/27/2023,RB515,LTK/DXB,Y,254,0,0,0,0,0,109,0.00,0 %,0.00,ACT,0.00,0,254
12/27/2023,RB522,DOH/LTK,C,11,0,0,0,0,0,6,0.00,0 %,0.00,ACT,0.00,0,11
12/27/2023,RB522,DOH/LTK,Y,144,0,0,0,0,0,5,0.00,0 %,0.00,ACT,0.00,0,144
12/27/2023,RB201,DAM/CAI,C,11,0,0,0,0,0,11,0.00,0 %,0.00,ACT,0.00,0,11
12/27/2023,RB201,DAM/CAI,Y,144,0,0,0,0,0,144,0.00,0 %,0.00,ACT,0.00,0,144
12/27/2023,RB516,DXB/LTK,C,27,0,0,0,0,0,19,0.00,0 %,0.00,ACT,0.00,0,27
12/27/2023,RB516,DXB/LTK,Y,254,0,0,0,0,0,133,0.00,0 %,0.00,ACT,0.00,0,254
12/27/2023,RB202,CAI/DAM,C,11,0,0,0,0,0,11,0.00,0 %,0.00,ACT,0.00,0,11
12/27/2023,RB202,CAI/DAM,Y,144,0,0,0,0,0,144,0.00,0 %,0.00,ACT,0.00,0,144
12/28/2023,RB515,LTK/DXB,C,27,0,0,0,0,0,24,0.00,0 %,0.00,ACT,0.00,0,27
12/28/2023,RB515,LTK/DXB,Y,254,0,0,0,0,0,68,0.00,0 %,0.00,ACT,0.00,0,254
12/28/2023,RB516,DXB/LTK,C,27,0,0,0,0,0,10,0.00,0 %,0.00,ACT,0.00,0,27
12/28/2023,RB516,DXB/LTK,Y,254,0,0,0,0,0,154,0.00,0 %,0.00,ACT,0.00,0,254
12/28/2023,RB201,DAM/CAI,C,11,0,0,0,0,0,11,0.00,0 %,0.00,ACT,0.00,0,11
12/28/2023,RB201,DAM/CAI,Y,144,0,0,0,0,0,144,0.00,0 %,0.00,ACT,0.00,0,144
12/28/2023,RB202,CAI/DAM,C,11,0,0,0,0,0,11,0.00,0 %,0.00,ACT,0.00,0,11
12/28/2023,RB202,CAI/DAM,Y,144,0,0,0,0,0,143,0.00,0 %,0.00,ACT,0.00,0,144
12/29/2023,RB121,LTK/KAC,C,11,0,0,0,0,0,11,0.00,0 %,0.00,ACT,0.00,0,11
12/29/2023,RB121,LTK/KAC,Y,144,0,0,0,0,0,81,0.00,0 %,0.00,ACT,0.00,0,144
12/29/2023,RB501,LTK/SHJ,C,11,0,0,0,0,0,10,0.00,0 %,0.00,ACT,0.00,0,11
12/29/2023,RB501,LTK/SHJ,Y,144,0,0,0,0,0,40,0.00,0 %,0.00,ACT,0.00,0,144
12/29/2023,RB122,KAC/LTK,C,11,0,0,0,0,0,11,0.00,0 %,0.00,ACT,0.00,0,11
12/29/2023,RB122,KAC/LTK,Y,144,0,0,0,0,0,101,0.00,0 %,0.00,ACT,0.00,0,144
12/29/2023,RB503,LTK/AUH,C,11,0,0,0,0,0,7,0.00,0 %,0.00,ACT,0.00,0,11
12/29/2023,RB503,LTK/AUH,Y,144,0,0,0,0,0,17,0.00,0 %,0.00,ACT,0.00,0,144
12/29/2023,RB502,SHJ/DAM,C,11,0,0,0,0,0,11,0.00,0 %,0.00,ACT,0.00,0,11
12/29/2023,RB502,SHJ/DAM,Y,144,0,0,0,0,0,59,0.00,0 %,0.00,ACT,0.00,0,144
12/29/2023,RB504,AUH/DAM,C,11,0,0,0,0,0,4,0.00,0 %,0.00,ACT,0.00,0,11
12/29/2023,RB504,AUH/DAM,Y,144,0,0,0,0,0,46,0.00,0 %,0.00,ACT,0.00,0,144
12/30/2023,RB521,DAM/DOH,C,11,0,0,0,0,0,6,0.00,0 %,0.00,ACT,0.00,0,11
12/30/2023,RB521,DAM/DOH,Y,144,0,0,0,0,0,56,0.00,0 %,0.00,ACT,0.00,0,144
12/30/2023,RB515,LTK/DXB,C,27,0,0,0,0,0,19,0.00,0 %,0.00,ACT,0.00,0,27
12/30/2023,RB515,LTK/DXB,Y,254,0,0,0,0,0,117,0.00,0 %,0.00,ACT,0.00,0,254
12/30/2023,RB522,DOH/DAM,C,9,0,0,0,0,0,5,0.00,0 %,0.00,ACT,0.00,0,9
12/30/2023,RB522,DOH/DAM,Y,130,0,0,0,0,0,8,0.00,0 %,0.00,ACT,0.00,0,130
12/30/2023,RB441,DAM/VKO,C,11,0,0,0,0,0,11,0.00,0 %,0.00,ACT,0.00,0,11
12/30/2023,RB441,DAM/VKO,Y,96,0,0,0,0,0,37,0.00,0 %,0.00,ACT,0.00,0,96
12/30/2023,RB516,DXB/DAM,C,27,0,0,0,0,0,22,0.00,0 %,0.00,ACT,0.00,0,27
12/30/2023,RB516,DXB/DAM,Y,254,0,0,0,0,0,133,0.00,0 %,0.00,ACT,0.00,0,254
12/30/2023,RB341,DAM/KWI,C,11,0,0,0,0,0,9,0.00,0 %,0.00,ACT,0.00,0,11
12/30/2023,RB341,DAM/KWI,Y,144,0,0,0,0,0,49,0.00,0 %,0.00,ACT,0.00,0,144
12/30/2023,RB342,KWI/DAM,C,11,0,0,0,0,0,10,0.00,0 %,0.00,ACT,0.00,0,11
12/30/2023,RB342,KWI/DAM,Y,144,0,0,0,0,0,69,0.00,0 %,0.00,ACT,0.00,0,144
12/30/2023,RB442,VKO/DAM,C,11,0,0,0,0,0,8,0.00,0 %,0.00,ACT,0.00,0,11
12/30/2023,RB442,VKO/DAM,Y,114,0,0,0,0,0,51,0.00,0 %,0.00,ACT,0.00,0,114
12/31/2023,RB501,DAM/SHJ,C,11,0,0,0,0,0,10,0.00,0 %,0.00,ACT,0.00,0,11
12/31/2023,RB501,DAM/SHJ,Y,144,0,0,0,0,0,27,0.00,0 %,0.00,ACT,0.00,0,144
12/31/2023,RB502,SHJ/DAM,C,11,0,0,0,0,0,11,0.00,0 %,0.00,ACT,0.00,0,11
12/31/2023,RB502,SHJ/DAM,Y,144,0,0,0,0,0,111,0.00,0 %,0.00,ACT,0.00,0,144
01/01/2024,RB515,DAM/DXB,C,11,0,0,0,0,0,7,0.00,0 %,0.00,ACT,0.00,0,11
01/01/2024,RB515,DAM/DXB,Y,144,0,0,0,0,0,15,0.00,0 %,0.00,ACT,0.00,0,144
01/01/2024,RB201,DAM/CAI,C,11,0,0,0,0,0,11,0.00,0 %,0.00,ACT,0.00,0,11
01/01/2024,RB201,DAM/CAI,Y,144,0,0,0,0,0,117,0.00,0 %,0.00,ACT,0.00,0,144
01/01/2024,RB202,CAI/DAM,C,11,0,0,0,0,0,10,0.00,0 %,0.00,ACT,0.00,0,11
01/01/2024,RB202,CAI/DAM,Y,144,0,0,0,0,0,74,0.00,0 %,0.00,ACT,0.00,0,144
01/01/2024,RB516,DXB/DAM,C,11,0,0,0,0,0,9,0.00,0 %,0.00,ACT,0.00,0,11
01/01/2024,RB516,DXB/DAM,Y,144,0,0,0,0,0,5,0.00,0 %,0.00,ACT,0.00,0,144
01/02/2024,RB501,DAM/SHJ,C,11,0,0,0,0,0,8,0.00,0 %,0.00,ACT,0.00,0,11
01/02/2024,RB501,DAM/SHJ,Y,144,0,0,0,0,0,40,0.00,0 %,0.00,ACT,0.00,0,144
01/02/2024,RB503,DAM/AUH,C,11,0,0,0,0,0,9,0.00,0 %,0.00,ACT,0.00,0,11
01/02/2024,RB503,DAM/AUH,Y,144,0,0,0,0,0,8,0.00,0 %,0.00,ACT,0.00,0,144
01/02/2024,RB502,SHJ/DAM,C,11,0,0,0,0,0,6,0.00,0 %,0.00,ACT,0.00,0,11
01/02/2024,RB502,SHJ/DAM,Y,144,0,0,0,0,0,69,0.00,0 %,0.00,ACT,0.00,0,144
01/02/2024,RB504,AUH/DAM,C,11,0,0,0,0,0,11,0.00,0 %,0.00,ACT,0.00,0,11
01/02/2024,RB504,AUH/DAM,Y,144,0,0,0,0,0,82,0.00,0 %,0.00,ACT,0.00,0,144
01/03/2024,RB521,DAM/DOH,C,11,0,0,0,0,0,6,0.00,0 %,0.00,ACT,0.00,0,11
01/03/2024,RB521,DAM/DOH,Y,144,0,0,0,0,0,6,0.00,0 %,0.00,ACT,0.00,0,144
01/03/2024,RB515,DAM/DXB,C,27,0,0,0,0,0,24,0.00,0 %,0.00,ACT,0.00,0,27
01/03/2024,RB515,DAM/DXB,Y,254,0,0,0,0,0,74,0.00,0 %,0.00,ACT,0.00,0,254
01/03/2024,RB522,DOH/DAM,C,11,0,0,0,0,0,1,0.00,0 %,0.00,ACT,0.00,0,11
01/03/2024,RB522,DOH/DAM,Y,144,0,0,0,0,0,30,0.00,0 %,0.00,ACT,0.00,0,144
01/03/2024,RB516,DXB/DAM,C,27,0,0,0,0,0,14,0.00,0 %,0.00,ACT,0.00,0,27
01/03/2024,RB516,DXB/DAM,Y,254,0,0,0,0,0,124,0.00,0 %,0.00,ACT,0.00,0,254
01/04/2024,RB515,DAM/DXB,C,27,0,0,0,0,0,13,0.00,0 %,0.00,ACT,0.00,0,27
01/04/2024,RB515,DAM/DXB,Y,254,0,0,0,0,0,94,0.00,0 %,0.00,ACT,0.00,0,254
01/04/2024,RB341,DAM/KWI,C,11,0,0,0,0,0,10,0.00,0 %,0.00,ACT,0.00,0,11
01/04/2024,RB341,DAM/KWI,Y,144,0,0,0,0,0,83,0.00,0 %,0.00,ACT,0.00,0,144
01/04/2024,RB342,KWI/DAM,C,11,0,0,0,0,0,9,0.00,0 %,0.00,ACT,0.00,0,11
01/04/2024,RB342,KWI/DAM,Y,144,0,0,0,0,0,61,0.00,0 %,0.00,ACT,0.00,0,144
01/04/2024,RB516,DXB/DAM,C,27,0,0,0,0,0,21,0.00,0 %,0.00,ACT,0.00,0,27
01/04/2024,RB516,DXB/DAM,Y,254,0,0,0,0,0,136,0.00,0 %,0.00,ACT,0.00,0,254
01/04/2024,RB531,DAM/BGW,C,11,0,0,0,0,0,11,0.00,0 %,0.00,ACT,0.00,0,11
01/04/2024,RB531,DAM/BGW,Y,144,0,0,0,0,0,137,0.00,0 %,0.00,ACT,0.00,0,144
01/04/2024,RB532,BGW/DAM,C,11,0,0,0,0,0,11,0.00,0 %,0.00,ACT,0.00,0,11
01/04/2024,RB532,BGW/DAM,Y,144,0,0,0,0,0,57,0.00,0 %,0.00,ACT,0.00,0,144
01/05/2024,RB121,DAM/KAC,C,11,0,0,0,0,0,10,0.00,0 %,0.00,ACT,0.00,0,11
01/05/2024,RB121,DAM/KAC,Y,144,0,0,0,0,0,96,0.00,0 %,0.00,ACT,0.00,0,144
01/05/2024,RB501,DAM/SHJ,C,11,0,0,0,0,0,9,0.00,0 %,0.00,ACT,0.00,0,11
01/05/2024,RB501,DAM/SHJ,Y,144,0,0,0,0,0,10,0.00,0 %,0.00,ACT,0.00,0,144
01/05/2024,RB122,KAC/DAM,C,11,0,0,0,0,0,11,0.00,0 %,0.00,ACT,0.00,0,11
01/05/2024,RB122,KAC/DAM,Y,144,0,0,0,0,0,26,0.00,0 %,0.00,ACT,0.00,0,144
01/05/2024,RB503,DAM/AUH,C,11,0,0,0,0,0,6,0.00,0 %,0.00,ACT,0.00,0,11
01/05/2024,RB503,DAM/AUH,Y,144,0,0,0,0,0,7,0.00,0 %,0.00,ACT,0.00,0,144
01/05/2024,RB502,SHJ/DAM,C,11,0,0,0,0,0,5,0.00,0 %,0.00,ACT,0.00,0,11
01/05/2024,RB502,SHJ/DAM,Y,144,0,0,0,0,0,62,0.00,0 %,0.00,ACT,0.00,0,144
01/05/2024,RB504,AUH/DAM,C,11,0,0,0,0,0,9,0.00,0 %,0.00,ACT,0.00,0,11
01/05/2024,RB504,AUH/DAM,Y,144,0,0,0,0,0,43,0.00,0 %,0.00,ACT,0.00,0,144
01/05/2024,RB533,DAM/NJF,C,11,0,0,0,0,0,11,0.00,0 %,0.00,ACT,0.00,0,11
01/05/2024,RB533,DAM/NJF,Y,144,0,0,0,0,0,137,0.00,0 %,0.00,ACT,0.00,0,144
01/05/2024,RB534,NJF/DAM,C,11,0,0,0,0,0,11,0.00,0 %,0.00,ACT,0.00,0,11
01/05/2024,RB534,NJF/DAM,Y,144,0,0,0,0,0,21,0.00,0 %,0.00,ACT,0.00,0,144
01/06/2024,RB201,DAM/CAI,C,11,0,0,0,0,0,2,0.00,0 %,0.00,ACT,0.00,0,11
01/06/2024,RB201,DAM/CAI,Y,144,0,0,0,0,0,73,0.00,0 %,0.00,ACT,0.00,0,144
01/06/2024,RB521,DAM/DOH,C,11,0,0,0,0,0,4,0.00,0 %,0.00,ACT,0.00,0,11
01/06/2024,RB521,DAM/DOH,Y,144,0,0,0,0,0,2,0.00,0 %,0.00,ACT,0.00,0,144
01/06/2024,RB515,DAM/DXB,C,27,0,0,0,0,0,2,0.00,0 %,0.00,ACT,0.00,0,27
01/06/2024,RB515,DAM/DXB,Y,254,0,0,0,0,0,32,0.00,0 %,0.00,ACT,0.00,0,254
01/06/2024,RB202,CAI/DAM,C,11,0,0,0,0,0,7,0.00,0 %,0.00,ACT,0.00,0,11
01/06/2024,RB202,CAI/DAM,Y,144,0,0,0,0,0,48,0.00,0 %,0.00,ACT,0.00,0,144
01/06/2024,RB522,DOH/DAM,C,11,0,0,0,0,0,5,0.00,0 %,0.00,ACT,0.00,0,11
01/06/2024,RB522,DOH/DAM,Y,144,0,0,0,0,0,9,0.00,0 %,0.00,ACT,0.00,0,144
01/06/2024,RB516,DXB/DAM,C,27,0,0,0,0,0,19,0.00,0 %,0.00,ACT,0.00,0,27
01/06/2024,RB516,DXB/DAM,Y,254,0,0,0,0,0,77,0.00,0 %,0.00,ACT,0.00,0,254
01/06/2024,RB341,DAM/KWI,C,11,0,0,0,0,0,10,0.00,0 %,0.00,ACT,0.00,0,11
01/06/2024,RB341,DAM/KWI,Y,144,0,0,0,0,0,18,0.00,0 %,0.00,ACT,0.00,0,144
01/06/2024,RB342,KWI/DAM,C,11,0,0,0,0,0,9,0.00,0 %,0.00,ACT,0.00,0,11
01/06/2024,RB342,KWI/DAM,Y,144,0,0,0,0,0,84,0.00,0 %,0.00,ACT,0.00,0,144
01/07/2024,RB441,DAM/VKO,C,11,0,0,0,0,0,11,0.00,0 %,0.00,ACT,0.00,0,11
01/07/2024,RB441,DAM/VKO,Y,96,0,0,0,0,0,38,0.00,0 %,0.00,ACT,0.00,0,96
01/07/2024,RB501,DAM/SHJ,C,27,0,0,0,0,0,21,0.00,0 %,0.00,ACT,0.00,0,27
01/07/2024,RB501,DAM/SHJ,Y,254,0,0,0,0,0,56,0.00,0 %,0.00,ACT,0.00,0,254
01/07/2024,RB502,SHJ/DAM,C,27,0,0,0,0,0,27,0.00,0 %,0.00,ACT,0.00,0,27
01/07/2024,RB502,SHJ/DAM,Y,254,0,0,0,0,0,194,0.00,0 %,0.00,ACT,0.00,0,254
01/07/2024,RB442,VKO/DAM,C,11,0,0,0,0,0,6,0.00,0 %,0.00,ACT,0.00,0,11
01/07/2024,RB442,VKO/DAM,Y,114,0,0,0,0,0,29,0.00,0 %,0.00,ACT,0.00,0,114
01/08/2024,RB515,DAM/DXB,C,11,0,0,0,0,0,1,0.00,0 %,0.00,ACT,0.00,0,11
01/08/2024,RB515,DAM/DXB,Y,144,0,0,0,0,0,5,0.00,0 %,0.00,ACT,0.00,0,144
01/08/2024,RB201,DAM/CAI,C,11,0,0,0,0,0,11,0.00,0 %,0.00,ACT,0.00,0,11
01/08/2024,RB201,DAM/CAI,Y,144,0,0,0,0,0,82,0.00,0 %,0.00,ACT,0.00,0,144
01/08/2024,RB202,CAI/DAM,C,11,0,0,0,0,0,11,0.00,0 %,0.00,ACT,0.00,0,11
01/08/2024,RB202,CAI/DAM,Y,144,0,0,0,0,0,92,0.00,0 %,0.00,ACT,0.00,0,144
01/08/2024,RB516,DXB/DAM,C,11,0,0,0,0,0,3,0.00,0 %,0.00,ACT,0.00,0,11
01/08/2024,RB516,DXB/DAM,Y,144,0,0,0,0,0,22,0.00,0 %,0.00,ACT,0.00,0,144
01/08/2024,RB531,DAM/BGW,C,11,0,0,0,0,0,11,0.00,0 %,0.00,ACT,0.00,0,11
01/08/2024,RB531,DAM/BGW,Y,144,0,0,0,0,0,129,0.00,0 %,0.00,ACT,0.00,0,144
01/08/2024,RB532,BGW/DAM,C,11,0,0,0,0,0,11,0.00,0 %,0.00,ACT,0.00,0,11
01/08/2024,RB532,BGW/DAM,Y,144,0,0,0,0,0,54,0.00,0 %,0.00,ACT,0.00,0,144
01/09/2024,RB501,DAM/SHJ,C,11,0,0,0,0,0,7,0.00,0 %,0.00,ACT,0.00,0,11
01/09/2024,RB501,DAM/SHJ,Y,144,0,0,0,0,0,28,0.00,0 %,0.00,ACT,0.00,0,144
01/09/2024,RB503,DAM/AUH,C,11,0,0,0,0,0,10,0.00,0 %,0.00,ACT,0.00,0,11
01/09/2024,RB503,DAM/AUH,Y,144,0,0,0,0,0,7,0.00,0 %,0.00,ACT,0.00,0,144
01/09/2024,RB502,SHJ/DAM,C,11,0,0,0,0,0,8,0.00,0 %,0.00,ACT,0.00,0,11
01/09/2024,RB502,SHJ/DAM,Y,144,0,0,0,0,0,63,0.00,0 %,0.00,ACT,0.00,0,144
01/09/2024,RB504,AUH/DAM,C,11,0,0,0,0,0,10,0.00,0 %,0.00,ACT,0.00,0,11
01/09/2024,RB504,AUH/DAM,Y,144,0,0,0,0,0,63,0.00,0 %,0.00,ACT,0.00,0,144
01/10/2024,RB521,DAM/DOH,C,11,0,0,0,0,0,0,0.00,0 %,0.00,ACT,0.00,0,11
01/10/2024,RB521,DAM/DOH,Y,144,0,0,0,0,0,0,0.00,0 %,0.00,ACT,0.00,0,144
01/10/2024,RB515,DAM/DXB,C,27,0,0,0,0,0,3,0.00,0 %,0.00,ACT,0.00,0,27
01/10/2024,RB515,DAM/DXB,Y,254,0,0,0,0,0,9,0.00,0 %,0.00,ACT,0.00,0,254
01/10/2024,RB522,DOH/DAM,C,9,0,0,0,0,0,1,0.00,0 %,0.00,ACT,0.00,0,9
01/10/2024,RB522,DOH/DAM,Y,130,0,0,0,0,0,15,0.00,0 %,0.00,ACT,0.00,0,130
01/10/2024,RB516,DXB/DAM,C,27,0,0,0,0,0,19,0.00,0 %,0.00,ACT,0.00,0,27
01/10/2024,RB516,DXB/DAM,Y,254,0,0,0,0,0,146,0.00,0 %,0.00,ACT,0.00,0,254
01/11/2024,RB515,DAM/DXB,C,27,0,0,0,0,0,12,0.00,0 %,0.00,ACT,0.00,0,27
01/11/2024,RB515,DAM/DXB,Y,254,0,0,0,0,0,7,0.00,0 %,0.00,ACT,0.00,0,254
01/11/2024,RB341,DAM/KWI,C,11,0,0,0,0,0,10,0.00,0 %,0.00,ACT,0.00,0,11
01/11/2024,RB341,DAM/KWI,Y,144,0,0,0,0,0,85,0.00,0 %,0.00,ACT,0.00,0,144
01/11/2024,RB342,KWI/DAM,C,11,0,0,0,0,0,10,0.00,0 %,0.00,ACT,0.00,0,11
01/11/2024,RB342,KWI/DAM,Y,144,0,0,0,0,0,30,0.00,0 %,0.00,ACT,0.00,0,144
01/11/2024,RB516,DXB/DAM,C,27,0,0,0,0,0,16,0.00,0 %,0.00,ACT,0.00,0,27
01/11/2024,RB516,DXB/DAM,Y,254,0,0,0,0,0,97,0.00,0 %,0.00,ACT,0.00,0,254
01/11/2024,RB201,DAM/CAI,C,11,0,0,0,0,0,0,0.00,0 %,0.00,ACT,0.00,0,11
01/11/2024,RB201,DAM/CAI,Y,144,0,0,0,0,0,7,0.00,0 %,0.00,ACT,0.00,0,144
01/11/2024,RB202,CAI/DAM,C,11,0,0,0,0,0,4,0.00,0 %,0.00,ACT,0.00,0,11
01/11/2024,RB202,CAI/DAM,Y,144,0,0,0,0,0,64,0.00,0 %,0.00,ACT,0.00,0,144
01/11/2024,RB531,DAM/BGW,C,11,0,0,0,0,0,11,0.00,0 %,0.00,ACT,0.00,0,11
01/11/2024,RB531,DAM/BGW,Y,144,0,0,0,0,0,50,0.00,0 %,0.00,ACT,0.00,0,144
01/11/2024,RB532,BGW/DAM,C,11,0,0,0,0,0,11,0.00,0 %,0.00,ACT,0.00,0,11
01/11/2024,RB532,BGW/DAM,Y,144,0,0,0,0,0,0,0.00,0 %,0.00,ACT,0.00,0,144
01/12/2024,RB121,DAM/KAC,C,11,0,0,0,0,0,10,0.00,0 %,0.00,ACT,0.00,0,11
01/12/2024,RB121,DAM/KAC,Y,144,0,0,0,0,0,16,0.00,0 %,0.00,ACT,0.00,0,144
01/12/2024,RB501,DAM/SHJ,C,11,0,0,0,0,0,0,0.00,0 %,0.00,ACT,0.00,0,11
01/12/2024,RB501,DAM/SHJ,Y,144,0,0,0,0,0,1,0.00,0 %,0.00,ACT,0.00,0,144
01/12/2024,RB122,KAC/DAM,C,11,0,0,0,0,0,5,0.00,0 %,0.00,ACT,0.00,0,11
01/12/2024,RB122,KAC/DAM,Y,144,0,0,0,0,0,18,0.00,0 %,0.00,ACT,0.00,0,144
01/12/2024,RB503,DAM/AUH,C,11,0,0,0,0,0,1,0.00,0 %,0.00,ACT,0.00,0,11
01/12/2024,RB503,DAM/AUH,Y,144,0,0,0,0,0,0,0.00,0 %,0.00,ACT,0.00,0,144
01/12/2024,RB502,SHJ/DAM,C,11,0,0,0,0,0,0,0.00,0 %,0.00,ACT,0.00,0,11
01/12/2024,RB502,SHJ/DAM,Y,144,0,0,0,0,0,10,0.00,0 %,0.00,ACT,0.00,0,144
01/12/2024,RB504,AUH/DAM,C,11,0,0,0,0,0,11,0.00,0 %,0.00,ACT,0.00,0,11
01/12/2024,RB504,AUH/DAM,Y,144,0,0,0,0,0,29,0.00,0 %,0.00,ACT,0.00,0,144
01/12/2024,RB533,DAM/NJF,C,11,0,0,0,0,0,11,0.00,0 %,0.00,ACT,0.00,0,11
01/12/2024,RB533,DAM/NJF,Y,144,0,0,0,0,0,23,0.00,0 %,0.00,ACT,0.00,0,144
01/12/2024,RB534,NJF/DAM,C,11,0,0,0,0,0,11,0.00,0 %,0.00,ACT,0.00,0,11
01/12/2024,RB534,NJF/DAM,Y,144,0,0,0,0,0,18,0.00,0 %,0.00,ACT,0.00,0,144
01/13/2024,RB201,DAM/CAI,C,11,0,0,0,0,0,4,0.00,0 %,0.00,ACT,0.00,0,11
01/13/2024,RB201,DAM/CAI,Y,144,0,0,0,0,0,67,0.00,0 %,0.00,ACT,0.00,0,144
01/13/2024,RB521,DAM/DOH,C,11,0,0,0,0,0,0,0.00,0 %,0.00,ACT,0.00,0,11
01/13/2024,RB521,DAM/DOH,Y,144,0,0,0,0,0,3,0.00,0 %,0.00,ACT,0.00,0,144
01/13/2024,RB515,DAM/DXB,C,27,0,0,0,0,0,0,0.00,0 %,0.00,ACT,0.00,0,27
01/13/2024,RB515,DAM/DXB,Y,254,0,0,0,0,0,2,0.00,0 %,0.00,ACT,0.00,0,254
01/13/2024,RB202,CAI/DAM,C,11,0,0,0,0,0,10,0.00,0 %,0.00,ACT,0.00,0,11
01/13/2024,RB202,CAI/DAM,Y,144,0,0,0,0,0,49,0.00,0 %,0.00,ACT,0.00,0,144
01/13/2024,RB522,DOH/DAM,C,11,0,0,0,0,0,2,0.00,0 %,0.00,ACT,0.00,0,11
01/13/2024,RB522,DOH/DAM,Y,144,0,0,0,0,0,53,0.00,0 %,0.00,ACT,0.00,0,144
01/13/2024,RB516,DXB/DAM,C,27,0,0,0,0,0,16,0.00,0 %,0.00,ACT,0.00,0,27
01/13/2024,RB516,DXB/DAM,Y,254,0,0,0,0,0,78,0.00,0 %,0.00,ACT,0.00,0,254
01/13/2024,RB341,DAM/KWI,C,11,0,0,0,0,0,7,0.00,0 %,0.00,ACT,0.00,0,11
01/13/2024,RB341,DAM/KWI,Y,144,0,0,0,0,0,3,0.00,0 %,0.00,ACT,0.00,0,144
01/13/2024,RB342,KWI/DAM,C,11,0,0,0,0,0,11,0.00,0 %,0.00,ACT,0.00,0,11
01/13/2024,RB342,KWI/DAM,Y,144,0,0,0,0,0,95,0.00,0 %,0.00,ACT,0.00,0,144
01/14/2024,RB441,DAM/VKO,C,11,0,0,0,0,0,7,0.00,0 %,0.00,ACT,0.00,0,11
01/14/2024,RB441,DAM/VKO,Y,96,0,0,0,0,0,31,0.00,0 %,0.00,ACT,0.00,0,96
01/14/2024,RB501,DAM/SHJ,C,27,0,0,0,0,0,0,0.00,0 %,0.00,ACT,0.00,0,27
01/14/2024,RB501,DAM/SHJ,Y,254,0,0,0,0,0,7,0.00,0 %,0.00,ACT,0.00,0,254
01/14/2024,RB502,SHJ/DAM,C,27,0,0,0,0,0,22,0.00,0 %,0.00,ACT,0.00,0,27
01/14/2024,RB502,SHJ/DAM,Y,254,0,0,0,0,0,133,0.00,0 %,0.00,ACT,0.00,0,254
01/14/2024,RB442,VKO/DAM,C,11,0,0,0,0,0,3,0.00,0 %,0.00,ACT,0.00,0,11
01/14/2024,RB442,VKO/DAM,Y,114,0,0,0,0,0,39,0.00,0 %,0.00,ACT,0.00,0,114
01/15/2024,RB527,DAM/DOH,C,11,0,0,0,0,0,0,0.00,0 %,0.00,ACT,0.00,0,11
01/15/2024,RB527,DAM/DOH,Y,144,0,0,0,0,0,3,0.00,0 %,0.00,ACT,0.00,0,144
01/15/2024,RB515,DAM/DXB,C,27,0,0,0,0,0,2,0.00,0 %,0.00,ACT,0.00,0,27
01/15/2024,RB515,DAM/DXB,Y,254,0,0,0,0,0,8,0.00,0 %,0.00,ACT,0.00,0,254
01/15/2024,RB528,DOH/DAM,C,11,0,0,0,0,0,10,0.00,0 %,0.00,ACT,0.00,0,11
01/15/2024,RB528,DOH/DAM,Y,144,0,0,0,0,0,113,0.00,0 %,0.00,ACT,0.00,0,144
01/15/2024,RB201,DAM/CAI,C,11,0,0,0,0,0,10,0.00,0 %,0.00,ACT,0.00,0,11
01/15/2024,RB201,DAM/CAI,Y,144,0,0,0,0,0,19,0.00,0 %,0.00,ACT,0.00,0,144
01/15/2024,RB202,CAI/DAM,C,11,0,0,0,0,0,11,0.00,0 %,0.00,ACT,0.00,0,11
01/15/2024,RB202,CAI/DAM,Y,144,0,0,0,0,0,57,0.00,0 %,0.00,ACT,0.00,0,144
01/15/2024,RB516,DXB/DAM,C,27,0,0,0,0,0,16,0.00,0 %,0.00,ACT,0.00,0,27
01/15/2024,RB516,DXB/DAM,Y,254,0,0,0,0,0,64,0.00,0 %,0.00,ACT,0.00,0,254
01/15/2024,RB531,DAM/BGW,C,11,0,0,0,0,0,11,0.00,0 %,0.00,ACT,0.00,0,11
01/15/2024,RB531,DAM/BGW,Y,144,0,0,0,0,0,52,0.00,0 %,0.00,ACT,0.00,0,144
01/15/2024,RB532,BGW/DAM,C,11,0,0,0,0,0,11,0.00,0 %,0.00,ACT,0.00,0,11
01/15/2024,RB532,BGW/DAM,Y,144,0,0,0,0,0,39,0.00,0 %,0.00,ACT,0.00,0,144
01/16/2024,RB501,DAM/SHJ,C,11,0,0,0,0,0,0,0.00,0 %,0.00,ACT,0.00,0,11
01/16/2024,RB501,DAM/SHJ,Y,144,0,0,0,0,0,4,0.00,0 %,0.00,ACT,0.00,0,144
01/16/2024,RB503,DAM/AUH,C,11,0,0,0,0,0,7,0.00,0 %,0.00,ACT,0.00,0,11
01/16/2024,RB503,DAM/AUH,Y,144,0,0,0,0,0,3,0.00,0 %,0.00,ACT,0.00,0,144
01/16/2024,RB502,SHJ/DAM,C,11,0,0,0,0,0,7,0.00,0 %,0.00,ACT,0.00,0,11
01/16/2024,RB502,SHJ/DAM,Y,144,0,0,0,0,0,47,0.00,0 %,0.00,ACT,0.00,0,144
01/16/2024,RB504,AUH/DAM,C,11,0,0,0,0,0,11,0.00,0 %,0.00,ACT,0.00,0,11
01/16/2024,RB504,AUH/DAM,Y,144,0,0,0,0,0,65,0.00,0 %,0.00,ACT,0.00,0,144
01/17/2024,RB521,DAM/DOH,C,11,0,0,0,0,0,0,0.00,0 %,0.00,ACT,0.00,0,11
01/17/2024,RB521,DAM/DOH,Y,144,0,0,0,0,0,0,0.00,0 %,0.00,ACT,0.00,0,144
01/17/2024,RB515,DAM/DXB,C,27,0,0,0,0,0,13,0.00,0 %,0.00,ACT,0.00,0,27
01/17/2024,RB515,DAM/DXB,Y,254,0,0,0,0,0,2,0.00,0 %,0.00,ACT,0.00,0,254
01/17/2024,RB522,DOH/DAM,C,11,0,0,0,0,0,6,0.00,0 %,0.00,ACT,0.00,0,11
01/17/2024,RB522,DOH/DAM,Y,144,0,0,0,0,0,57,0.00,0 %,0.00,ACT,0.00,0,144
01/17/2024,RB516,DXB/DAM,C,27,0,0,0,0,0,22,0.00,0 %,0.00,ACT,0.00,0,27
01/17/2024,RB516,DXB/DAM,Y,254,0,0,0,0,0,121,0.00,0 %,0.00,ACT,0.00,0,254
01/18/2024,RB515,DAM/DXB,C,27,0,0,0,0,0,12,0.00,0 %,0.00,ACT,0.00,0,27
01/18/2024,RB515,DAM/DXB,Y,254,0,0,0,0,0,12,0.00,0 %,0.00,ACT,0.00,0,254
01/18/2024,RB341,DAM/KWI,C,11,0,0,0,0,0,9,0.00,0 %,0.00,ACT,0.00,0,11
01/18/2024,RB341,DAM/KWI,Y,144,0,0,0,0,0,80,0.00,0 %,0.00,ACT,0.00,0,144
01/18/2024,RB1527,DAM/DOH,C,11,0,0,0,0,0,0,0.00,0 %,0.00,ACT,0.00,0,11
01/18/2024,RB1527,DAM/DOH,Y,144,0,0,0,0,0,1,0.00,0 %,0.00,ACT,0.00,0,144
01/18/2024,RB342,KWI/DAM,C,11,0,0,0,0,0,3,0.00,0 %,0.00,ACT,0.00,0,11
01/18/2024,RB342,KWI/DAM,Y,144,0,0,0,0,0,1,0.00,0 %,0.00,ACT,0.00,0,144
01/18/2024,RB516,DXB/DAM,C,27,0,0,0,0,0,8,0.00,0 %,0.00,ACT,0.00,0,27
01/18/2024,RB516,DXB/DAM,Y,254,0,0,0,0,0,105,0.00,0 %,0.00,ACT,0.00,0,254
01/18/2024,RB528,DOH/DAM,C,8,0,0,0,0,0,8,0.00,0 %,0.00,ACT,0.00,0,8
01/18/2024,RB528,DOH/DAM,Y,130,0,0,0,0,0,130,0.00,0 %,0.00,ACT,0.00,0,130
01/18/2024,RB201,DAM/CAI,C,11,0,0,0,0,0,8,0.00,0 %,0.00,ACT,0.00,0,11
01/18/2024,RB201,DAM/CAI,Y,144,0,0,0,0,0,2,0.00,0 %,0.00,ACT,0.00,0,144
01/18/2024,RB202,CAI/DAM,C,11,0,0,0,0,0,7,0.00,0 %,0.00,ACT,0.00,0,11
01/18/2024,RB202,CAI/DAM,Y,144,0,0,0,0,0,11,0.00,0 %,0.00,ACT,0.00,0,144
01/18/2024,RB531,DAM/BGW,C,11,0,0,0,0,0,11,0.00,0 %,0.00,ACT,0.00,0,11
01/18/2024,RB531,DAM/BGW,Y,144,0,0,0,0,0,0,0.00,0 %,0.00,ACT,0.00,0,144
01/18/2024,RB532,BGW/DAM,C,11,0,0,0,0,0,11,0.00,0 %,0.00,ACT,0.00,0,11
01/18/2024,RB532,BGW/DAM,Y,144,0,0,0,0,0,88,0.00,0 %,0.00,ACT,0.00,0,144
01/19/2024,RB121,DAM/KAC,C,11,0,0,0,0,0,11,0.00,0 %,0.00,ACT,0.00,0,11
01/19/2024,RB121,DAM/KAC,Y,144,0,0,0,0,0,28,0.00,0 %,0.00,ACT,0.00,0,144
01/19/2024,RB501,DAM/SHJ,C,11,0,0,0,0,0,10,0.00,0 %,0.00,ACT,0.00,0,11
01/19/2024,RB501,DAM/SHJ,Y,144,0,0,0,0,0,3,0.00,0 %,0.00,ACT,0.00,0,144
01/19/2024,RB122,KAC/DAM,C,11,0,0,0,0,0,10,0.00,0 %,0.00,ACT,0.00,0,11
01/19/2024,RB122,KAC/DAM,Y,144,0,0,0,0,0,13,0.00,0 %,0.00,ACT,0.00,0,144
01/19/2024,RB503,DAM/AUH,C,11,0,0,0,0,0,10,0.00,0 %,0.00,ACT,0.00,0,11
01/19/2024,RB503,DAM/AUH,Y,144,0,0,0,0,0,15,0.00,0 %,0.00,ACT,0.00,0,144
01/19/2024,RB502,SHJ/DAM,C,11,0,0,0,0,0,0,0.00,0 %,0.00,ACT,0.00,0,11
01/19/2024,RB502,SHJ/DAM,Y,144,0,0,0,0,0,9,0.00,0 %,0.00,ACT,0.00,0,144
01/19/2024,RB504,AUH/DAM,C,11,0,0,0,0,0,10,0.00,0 %,0.00,ACT,0.00,0,11
01/19/2024,RB504,AUH/DAM,Y,144,0,0,0,0,0,30,0.00,0 %,0.00,ACT,0.00,0,144
01/19/2024,RB533,DAM/NJF,C,11,0,0,0,0,0,11,0.00,0 %,0.00,ACT,0.00,0,11
01/19/2024,RB533,DAM/NJF,Y,144,0,0,0,0,0,14,0.00,0 %,0.00,ACT,0.00,0,144
01/19/2024,RB534,NJF/DAM,C,11,0,0,0,0,0,11,0.00,0 %,0.00,ACT,0.00,0,11
01/19/2024,RB534,NJF/DAM,Y,144,0,0,0,0,0,115,0.00,0 %,0.00,ACT,0.00,0,144
01/20/2024,RB201,DAM/CAI,C,11,0,0,0,0,0,7,0.00,0 %,0.00,ACT,0.00,0,11
01/20/2024,RB201,DAM/CAI,Y,144,0,0,0,0,0,49,0.00,0 %,0.00,ACT,0.00,0,144
01/20/2024,RB521,DAM/DOH,C,11,0,0,0,0,0,0,0.00,0 %,0.00,ACT,0.00,0,11
01/20/2024,RB521,DAM/DOH,Y,144,0,0,0,0,0,3,0.00,0 %,0.00,ACT,0.00,0,144
01/20/2024,RB515,DAM/DXB,C,27,0,0,0,0,0,9,0.00,0 %,0.00,ACT,0.00,0,27
01/20/2024,RB515,DAM/DXB,Y,254,0,0,0,0,0,11,0.00,0 %,0.00,ACT,0.00,0,254
01/20/2024,RB202,CAI/DAM,C,11,0,0,0,0,0,6,0.00,0 %,0.00,ACT,0.00,0,11
01/20/2024,RB202,CAI/DAM,Y,144,0,0,0,0,0,43,0.00,0 %,0.00,ACT,0.00,0,144
01/20/2024,RB522,DOH/DAM,C,11,0,0,0,0,0,3,0.00,0 %,0.00,ACT,0.00,0,11
01/20/2024,RB522,DOH/DAM,Y,144,0,0,0,0,0,47,0.00,0 %,0.00,ACT,0.00,0,144
01/20/2024,RB516,DXB/DAM,C,27,0,0,0,0,0,3,0.00,0 %,0.00,ACT,0.00,0,27
01/20/2024,RB516,DXB/DAM,Y,254,0,0,0,0,0,12,0.00,0 %,0.00,ACT,0.00,0,254
01/20/2024,RB341,DAM/KWI,C,11,0,0,0,0,0,8,0.00,0 %,0.00,ACT,0.00,0,11
01/20/2024,RB341,DAM/KWI,Y,144,0,0,0,0,0,40,0.00,0 %,0.00,ACT,0.00,0,144
01/20/2024,RB342,KWI/DAM,C,11,0,0,0,0,0,6,0.00,0 %,0.00,ACT,0.00,0,11
01/20/2024,RB342,KWI/DAM,Y,144,0,0,0,0,0,33,0.00,0 %,0.00,ACT,0.00,0,144
01/21/2024,RB441,DAM/VKO,C,11,0,0,0,0,0,8,0.00,0 %,0.00,ACT,0.00,0,11
01/21/2024,RB441,DAM/VKO,Y,96,0,0,0,0,0,39,0.00,0 %,0.00,ACT,0.00,0,96
01/21/2024,RB501,DAM/SHJ,C,27,0,0,0,0,0,24,0.00,0 %,0.00,ACT,0.00,0,27
01/21/2024,RB501,DAM/SHJ,Y,254,0,0,0,0,0,54,0.00,0 %,0.00,ACT,0.00,0,254
01/21/2024,RB502,SHJ/DAM,C,27,0,0,0,0,0,17,0.00,0 %,0.00,ACT,0.00,0,27
01/21/2024,RB502,SHJ/DAM,Y,254,0,0,0,0,0,138,0.00,0 %,0.00,ACT,0.00,0,254
01/21/2024,RB442,VKO/DAM,C,11,0,0,0,0,0,8,0.00,0 %,0.00,ACT,0.00,0,11
01/21/2024,RB442,VKO/DAM,Y,114,0,0,0,0,0,39,0.00,0 %,0.00,ACT,0.00,0,114
01/22/2024,RB521B,DAM/DOH,C,11,0,0,0,0,0,0,0.00,0 %,0.00,ACT,0.00,0,11
01/22/2024,RB521B,DAM/DOH,Y,144,0,0,0,0,0,0,0.00,0 %,0.00,ACT,0.00,0,144
01/22/2024,RB515,DAM/DXB,C,27,0,0,0,0,0,16,0.00,0 %,0.00,ACT,0.00,0,27
01/22/2024,RB515,DAM/DXB,Y,254,0,0,0,0,0,39,0.00,0 %,0.00,ACT,0.00,0,254
01/22/2024,RB522,DOH/DAM,C,11,0,0,0,0,0,10,0.00,0 %,0.00,ACT,0.00,0,11
01/22/2024,RB522,DOH/DAM,Y,144,0,0,0,0,0,105,0.00,0 %,0.00,ACT,0.00,0,144
01/22/2024,RB201,DAM/CAI,C,11,0,0,0,0,0,7,0.00,0 %,0.00,ACT,0.00,0,11
01/22/2024,RB201,DAM/CAI,Y,144,0,0,0,0,0,39,0.00,0 %,0.00,ACT,0.00,0,144
01/22/2024,RB202,CAI/DAM,C,11,0,0,0,0,0,6,0.00,0 %,0.00,ACT,0.00,0,11
01/22/2024,RB202,CAI/DAM,Y,144,0,0,0,0,0,52,0.00,0 %,0.00,ACT,0.00,0,144
01/22/2024,RB516,DXB/DAM,C,27,0,0,0,0,0,1,0.00,0 %,0.00,ACT,0.00,0,27
01/22/2024,RB516,DXB/DAM,Y,254,0,0,0,0,0,38,0.00,0 %,0.00,ACT,0.00,0,254
01/22/2024,RB531,DAM/BGW,C,11,0,0,0,0,0,11,0.00,0 %,0.00,ACT,0.00,0,11
01/22/2024,RB531,DAM/BGW,Y,144,0,0,0,0,0,47,0.00,0 %,0.00,ACT,0.00,0,144
01/22/2024,RB532,BGW/DAM,C,11,0,0,0,0,0,11,0.00,0 %,0.00,ACT,0.00,0,11
01/22/2024,RB532,BGW/DAM,Y,144,0,0,0,0,0,0,0.00,0 %,0.00,ACT,0.00,0,144
01/23/2024,RB533,DAM/NJF,C,11,0,0,0,0,0,11,0.00,0 %,0.00,ACT,0.00,0,11
01/23/2024,RB533,DAM/NJF,Y,144,0,0,0,0,0,144,0.00,0 %,0.00,ACT,0.00,0,144
01/23/2024,RB501,DAM/SHJ,C,11,0,0,0,0,0,5,0.00,0 %,0.00,ACT,0.00,0,11
01/23/2024,RB501,DAM/SHJ,Y,144,0,0,0,0,0,51,0.00,0 %,0.00,ACT,0.00,0,144
01/23/2024,RB534,NJF/DAM,C,11,0,0,0,0,0,11,0.00,0 %,0.00,ACT,0.00,0,11
01/23/2024,RB534,NJF/DAM,Y,144,0,0,0,0,0,0,0.00,0 %,0.00,ACT,0.00,0,144
01/23/2024,RB503,DAM/AUH,C,11,0,0,0,0,0,11,0.00,0 %,0.00,ACT,0.00,0,11
01/23/2024,RB503,DAM/AUH,Y,144,0,0,0,0,0,46,0.00,0 %,0.00,ACT,0.00,0,144
01/23/2024,RB502,SHJ/DAM,C,11,0,0,0,0,0,10,0.00,0 %,0.00,ACT,0.00,0,11
01/23/2024,RB502,SHJ/DAM,Y,144,0,0,0,0,0,36,0.00,0 %,0.00,ACT,0.00,0,144
01/23/2024,RB504,AUH/DAM,C,11,0,0,0,0,0,9,0.00,0 %,0.00,ACT,0.00,0,11
01/23/2024,RB504,AUH/DAM,Y,144,0,0,0,0,0,65,0.00,0 %,0.00,ACT,0.00,0,144
01/24/2024,RB521,DAM/DOH,C,11,0,0,0,0,0,2,0.00,0 %,0.00,ACT,0.00,0,11
01/24/2024,RB521,DAM/DOH,Y,144,0,0,0,0,0,5,0.00,0 %,0.00,ACT,0.00,0,144
01/24/2024,RB515,DAM/DXB,C,11,0,0,0,0,0,1,0.00,0 %,0.00,ACT,0.00,0,11
01/24/2024,RB515,DAM/DXB,Y,144,0,0,0,0,0,3,0.00,0 %,0.00,ACT,0.00,0,144
01/24/2024,RB522,DOH/DAM,C,9,0,0,0,0,0,4,0.00,0 %,0.00,ACT,0.00,0,9
01/24/2024,RB522,DOH/DAM,Y,130,0,0,0,0,0,32,0.00,0 %,0.00,ACT,0.00,0,130
01/24/2024,RB516,DXB/DAM,C,11,0,0,0,0,0,1,0.00,0 %,0.00,ACT,0.00,0,11
01/24/2024,RB516,DXB/DAM,Y,144,0,0,0,0,0,19,0.00,0 %,0.00,ACT,0.00,0,144
01/25/2024,RB515,DAM/DXB,C,27,0,0,0,0,0,12,0.00,0 %,0.00,ACT,0.00,0,27
01/25/2024,RB515,DAM/DXB,Y,254,0,0,0,0,0,56,0.00,0 %,0.00,ACT,0.00,0,254
01/25/2024,RB341,DAM/KWI,C,11,0,0,0,0,0,11,0.00,0 %,0.00,ACT,0.00,0,11
01/25/2024,RB341,DAM/KWI,Y,144,0,0,0,0,0,98,0.00,0 %,0.00,ACT,0.00,0,144
01/25/2024,RB0521,DAM/DOH,C,11,0,0,0,0,0,0,0.00,0 %,0.00,ACT,0.00,0,11
01/25/2024,RB0521,DAM/DOH,Y,144,0,0,0,0,0,0,0.00,0 %,0.00,ACT,0.00,0,144
01/25/2024,RB342,KWI/DAM,C,11,0,0,0,0,0,9,0.00,0 %,0.00,ACT,0.00,0,11
01/25/2024,RB342,KWI/DAM,Y,144,0,0,0,0,0,18,0.00,0 %,0.00,ACT,0.00,0,144
01/25/2024,RB516,DXB/DAM,C,27,0,0,0,0,0,15,0.00,0 %,0.00,ACT,0.00,0,27
01/25/2024,RB516,DXB/DAM,Y,254,0,0,0,0,0,83,0.00,0 %,0.00,ACT,0.00,0,254
01/25/2024,RB522,DOH/DAM,C,8,0,0,0,0,0,8,0.00,0 %,0.00,ACT,0.00,0,8
01/25/2024,RB522,DOH/DAM,Y,130,0,0,0,0,0,130,0.00,0 %,0.00,ACT,0.00,0,130
01/25/2024,RB201,DAM/CAI,C,11,0,0,0,0,0,1,0.00,0 %,0.00,ACT,0.00,0,11
01/25/2024,RB201,DAM/CAI,Y,144,0,0,0,0,0,9,0.00,0 %,0.00,ACT,0.00,0,144
01/25/2024,RB202,CAI/DAM,C,11,0,0,0,0,0,4,0.00,0 %,0.00,ACT,0.00,0,11
01/25/2024,RB202,CAI/DAM,Y,144,0,0,0,0,0,11,0.00,0 %,0.00,ACT,0.00,0,144
01/25/2024,RB531,DAM/BGW,C,11,0,0,0,0,0,11,0.00,0 %,0.00,ACT,0.00,0,11
01/25/2024,RB531,DAM/BGW,Y,144,0,0,0,0,0,78,0.00,0 %,0.00,ACT,0.00,0,144
01/25/2024,RB532,BGW/DAM,C,11,0,0,0,0,0,11,0.00,0 %,0.00,ACT,0.00,0,11
01/25/2024,RB532,BGW/DAM,Y,144,0,0,0,0,0,0,0.00,0 %,0.00,ACT,0.00,0,144
01/26/2024,RB121,DAM/KAC,C,11,0,0,0,0,0,11,0.00,0 %,0.00,ACT,0.00,0,11
01/26/2024,RB121,DAM/KAC,Y,144,0,0,0,0,0,17,0.00,0 %,0.00,ACT,0.00,0,144
01/26/2024,RB501,DAM/SHJ,C,11,0,0,0,0,0,6,0.00,0 %,0.00,ACT,0.00,0,11
01/26/2024,RB501,DAM/SHJ,Y,144,0,0,0,0,0,28,0.00,0 %,0.00,ACT,0.00,0,144
01/26/2024,RB122,KAC/DAM,C,11,0,0,0,0,0,10,0.00,0 %,0.00,ACT,0.00,0,11
01/26/2024,RB122,KAC/DAM,Y,144,0,0,0,0,0,10,0.00,0 %,0.00,ACT,0.00,0,144
01/26/2024,RB503,DAM/AUH,C,11,0,0,0,0,0,7,0.00,0 %,0.00,ACT,0.00,0,11
01/26/2024,RB503,DAM/AUH,Y,144,0,0,0,0,0,29,0.00,0 %,0.00,ACT,0.00,0,144
01/26/2024,RB502,SHJ/DAM,C,11,0,0,0,0,0,0,0.00,0 %,0.00,ACT,0.00,0,11
01/26/2024,RB502,SHJ/DAM,Y,144,0,0,0,0,0,6,0.00,0 %,0.00,ACT,0.00,0,144
01/26/2024,RB504,AUH/DAM,C,11,0,0,0,0,0,10,0.00,0 %,0.00,ACT,0.00,0,11
01/26/2024,RB504,AUH/DAM,Y,144,0,0,0,0,0,0,0.00,0 %,0.00,ACT,0.00,0,144
01/26/2024,RB533,DAM/NJF,C,11,0,0,0,0,0,7,0.00,0 %,0.00,ACT,0.00,0,11
01/26/2024,RB533,DAM/NJF,Y,144,0,0,0,0,0,104,0.00,0 %,0.00,ACT,0.00,0,144
01/26/2024,RB534,NJF/DAM,C,11,0,0,0,0,0,11,0.00,0 %,0.00,ACT,0.00,0,11
01/26/2024,RB534,NJF/DAM,Y,144,0,0,0,0,0,0,0.00,0 %,0.00,ACT,0.00,0,144
01/27/2024,RB521,DAM/DOH,C,11,0,0,0,0,0,0,0.00,0 %,0.00,ACT,0.00,0,11
01/27/2024,RB521,DAM/DOH,Y,144,0,0,0,0,0,1,0.00,0 %,0.00,ACT,0.00,0,144
01/27/2024,RB515,DAM/DXB,C,27,0,0,0,0,0,6,0.00,0 %,0.00,ACT,0.00,0,27
01/27/2024,RB515,DAM/DXB,Y,254,0,0,0,0,0,26,0.00,0 %,0.00,ACT,0.00,0,254
01/27/2024,RB201,DAM/CAI,C,11,0,0,0,0,0,5,0.00,0 %,0.00,ACT,0.00,0,11
01/27/2024,RB201,DAM/CAI,Y,144,0,0,0,0,0,19,0.00,0 %,0.00,ACT,0.00,0,144
01/27/2024,RB522,DOH/DAM,C,11,0,0,0,0,0,3,0.00,0 %,0.00,ACT,0.00,0,11
01/27/2024,RB522,DOH/DAM,Y,144,0,0,0,0,0,15,0.00,0 %,0.00,ACT,0.00,0,144
01/27/2024,RB202,CAI/DAM,C,11,0,0,0,0,0,10,0.00,0 %,0.00,ACT,0.00,0,11
01/27/2024,RB202,CAI/DAM,Y,144,0,0,0,0,0,57,0.00,0 %,0.00,ACT,0.00,0,144
01/27/2024,RB516,DXB/DAM,C,27,0,0,0,0,0,1,0.00,0 %,0.00,ACT,0.00,0,27
01/27/2024,RB516,DXB/DAM,Y,254,0,0,0,0,0,11,0.00,0 %,0.00,ACT,0.00,0,254
01/27/2024,RB341,DAM/KWI,C,11,0,0,0,0,0,8,0.00,0 %,0.00,ACT,0.00,0,11
01/27/2024,RB341,DAM/KWI,Y,144,0,0,0,0,0,30,0.00,0 %,0.00,ACT,0.00,0,144
01/27/2024,RB342,KWI/DAM,C,11,0,0,0,0,0,10,0.00,0 %,0.00,ACT,0.00,0,11
01/27/2024,RB342,KWI/DAM,Y,144,0,0,0,0,0,89,0.00,0 %,0.00,ACT,0.00,0,144
01/28/2024,RB441,DAM/VKO,C,11,0,0,0,0,0,0,0.00,0 %,0.00,ACT,0.00,0,11
01/28/2024,RB441,DAM/VKO,Y,96,0,0,0,0,0,44,0.00,0 %,0.00,ACT,0.00,0,96
01/28/2024,RB501,DAM/SHJ,C,27,0,0,0,0,0,17,0.00,0 %,0.00,ACT,0.00,0,27
01/28/2024,RB501,DAM/SHJ,Y,254,0,0,0,0,0,75,0.00,0 %,0.00,ACT,0.00,0,254
01/28/2024,RB502,SHJ/DAM,C,27,0,0,0,0,0,17,0.00,0 %,0.00,ACT,0.00,0,27
01/28/2024,RB502,SHJ/DAM,Y,254,0,0,0,0,0,117,0.00,0 %,0.00,ACT,0.00,0,254
01/28/2024,RB442,VKO/DAM,C,11,0,0,0,0,0,0,0.00,0 %,0.00,ACT,0.00,0,11
01/28/2024,RB442,VKO/DAM,Y,114,0,0,0,0,0,48,0.00,0 %,0.00,ACT,0.00,0,114
01/29/2024,RB0521,DAM/DOH,C,11,0,0,0,0,0,2,0.00,0 %,0.00,ACT,0.00,0,11
01/29/2024,RB0521,DAM/DOH,Y,144,0,0,0,0,0,2,0.00,0 %,0.00,ACT,0.00,0,144
01/29/2024,RB515,DAM/DXB,C,27,0,0,0,0,0,15,0.00,0 %,0.00,ACT,0.00,0,27
01/29/2024,RB515,DAM/DXB,Y,254,0,0,0,0,0,8,0.00,0 %,0.00,ACT,0.00,0,254
01/29/2024,RB522,DOH/DAM,C,11,0,0,0,0,0,10,0.00,0 %,0.00,ACT,0.00,0,11
01/29/2024,RB522,DOH/DAM,Y,144,0,0,0,0,0,92,0.00,0 %,0.00,ACT,0.00,0,144
01/29/2024,RB201,DAM/CAI,C,11,0,0,0,0,0,6,0.00,0 %,0.00,ACT,0.00,0,11
01/29/2024,RB201,DAM/CAI,Y,144,0,0,0,0,0,18,0.00,0 %,0.00,ACT,0.00,0,144
01/29/2024,RB516,DXB/DAM,C,27,0,0,0,0,0,16,0.00,0 %,0.00,ACT,0.00,0,27
01/29/2024,RB516,DXB/DAM,Y,254,0,0,0,0,0,106,0.00,0 %,0.00,ACT,0.00,0,254
01/29/2024,RB202,CAI/DAM,C,11,0,0,0,0,0,7,0.00,0 %,0.00,ACT,0.00,0,11
01/29/2024,RB202,CAI/DAM,Y,144,0,0,0,0,0,45,0.00,0 %,0.00,ACT,0.00,0,144
01/29/2024,RB531,DAM/BGW,C,11,0,0,0,0,0,11,0.00,0 %,0.00,ACT,0.00,0,11
01/29/2024,RB531,DAM/BGW,Y,144,0,0,0,0,0,0,0.00,0 %,0.00,ACT,0.00,0,144
01/29/2024,RB532,BGW/DAM,C,11,0,0,0,0,0,11,0.00,0 %,0.00,ACT,0.00,0,11
01/29/2024,RB532,BGW/DAM,Y,144,0,0,0,0,0,44,0.00,0 %,0.00,ACT,0.00,0,144
01/30/2024,RB533,DAM/NJF,C,11,0,0,0,0,0,11,0.00,0 %,0.00,ACT,0.00,0,11
01/30/2024,RB533,DAM/NJF,Y,144,0,0,0,0,0,0,0.00,0 %,0.00,ACT,0.00,0,144
01/30/2024,RB501,DAM/SHJ,C,27,0,0,0,0,0,22,0.00,0 %,0.00,ACT,0.00,0,27
01/30/2024,RB501,DAM/SHJ,Y,254,0,0,0,0,0,102,0.00,0 %,0.00,ACT,0.00,0,254
01/30/2024,RB534,NJF/DAM,C,11,0,0,0,0,0,11,0.00,0 %,0.00,ACT,0.00,0,11
01/30/2024,RB534,NJF/DAM,Y,144,0,0,0,0,0,93,0.00,0 %,0.00,ACT,0.00,0,144
01/30/2024,RB503,DAM/AUH,C,11,0,0,0,0,0,4,0.00,0 %,0.00,ACT,0.00,0,11
01/30/2024,RB503,DAM/AUH,Y,144,0,0,0,0,0,18,0.00,0 %,0.00,ACT,0.00,0,144
01/30/2024,RB502,SHJ/DAM,C,27,0,0,0,0,0,24,0.00,0 %,0.00,ACT,0.00,0,27
01/30/2024,RB502,SHJ/DAM,Y,254,0,0,0,0,0,134,0.00,0 %,0.00,ACT,0.00,0,254
01/30/2024,RB504,AUH/DAM,C,11,0,0,0,0,0,7,0.00,0 %,0.00,ACT,0.00,0,11
01/30/2024,RB504,AUH/DAM,Y,144,0,0,0,0,0,41,0.00,0 %,0.00,ACT,0.00,0,144
01/31/2024,RB521,DAM/DOH,C,11,0,0,0,0,0,0,0.00,0 %,0.00,ACT,0.00,0,11
01/31/2024,RB521,DAM/DOH,Y,144,0,0,0,0,0,1,0.00,0 %,0.00,ACT,0.00,0,144
01/31/2024,RB515,DAM/DXB,C,27,0,0,0,0,0,21,0.00,0 %,0.00,ACT,0.00,0,27
01/31/2024,RB515,DAM/DXB,Y,254,0,0,0,0,0,0,0.00,0 %,0.00,ACT,0.00,0,254
01/31/2024,RB522,DOH/DAM,C,9,0,0,0,0,0,7,0.00,0 %,0.00,ACT,0.00,0,9
01/31/2024,RB522,DOH/DAM,Y,130,0,0,0,0,0,32,0.00,0 %,0.00,ACT,0.00,0,130
01/31/2024,RB201,DAM/CAI,C,11,0,0,0,0,0,9,0.00,0 %,0.00,ACT,0.00,0,11
01/31/2024,RB201,DAM/CAI,Y,144,0,0,0,0,0,73,0.00,0 %,0.00,ACT,0.00,0,144
01/31/2024,RB516,DXB/DAM,C,27,0,0,0,0,0,14,0.00,0 %,0.00,ACT,0.00,0,27
01/31/2024,RB516,DXB/DAM,Y,254,0,0,0,0,0,113,0.00,0 %,0.00,ACT,0.00,0,254
01/31/2024,RB202,CAI/DAM,C,11,0,0,0,0,0,8,0.00,0 %,0.00,ACT,0.00,0,11
01/31/2024,RB202,CAI/DAM,Y,144,0,0,0,0,0,52,0.00,0 %,0.00,ACT,0.00,0,144
02/01/2024,RB515,DAM/DXB,C,27,0,0,0,0,0,17,0.00,0 %,0.00,ACT,0.00,0,27
02/01/2024,RB515,DAM/DXB,Y,254,0,0,0,0,0,8,0.00,0 %,0.00,ACT,0.00,0,254
02/01/2024,RB341,DAM/KWI,C,11,0,0,0,0,0,11,0.00,0 %,0.00,ACT,0.00,0,11
02/01/2024,RB341,DAM/KWI,Y,144,0,0,0,0,0,1,0.00,0 %,0.00,ACT,0.00,0,144
02/01/2024,RB0521,DAM/DOH,C,11,0,0,0,0,0,7,0.00,0 %,0.00,ACT,0.00,0,11
02/01/2024,RB0521,DAM/DOH,Y,144,0,0,0,0,0,4,0.00,0 %,0.00,ACT,0.00,0,144
02/01/2024,RB342,KWI/DAM,C,11,0,0,0,0,0,9,0.00,0 %,0.00,ACT,0.00,0,11
02/01/2024,RB342,KWI/DAM,Y,144,0,0,0,0,0,66,0.00,0 %,0.00,ACT,0.00,0,144
02/01/2024,RB516,DXB/DAM,C,27,0,0,0,0,0,13,0.00,0 %,0.00,ACT,0.00,0,27
02/01/2024,RB516,DXB/DAM,Y,254,0,0,0,0,0,30,0.00,0 %,0.00,ACT,0.00,0,254
02/01/2024,RB522,DOH/DAM,C,11,0,0,0,0,0,8,0.00,0 %,0.00,ACT,0.00,0,11
02/01/2024,RB522,DOH/DAM,Y,144,0,0,0,0,0,102,0.00,0 %,0.00,ACT,0.00,0,144
02/01/2024,RB201,DAM/CAI,C,11,0,0,0,0,0,7,0.00,0 %,0.00,ACT,0.00,0,11
02/01/2024,RB201,DAM/CAI,Y,144,0,0,0,0,0,32,0.00,0 %,0.00,ACT,0.00,0,144
02/01/2024,RB202,CAI/DAM,C,11,0,0,0,0,0,4,0.00,0 %,0.00,ACT,0.00,0,11
02/01/2024,RB202,CAI/DAM,Y,144,0,0,0,0,0,48,0.00,0 %,0.00,ACT,0.00,0,144
02/01/2024,RB531,DAM/BGW,C,11,0,0,0,0,0,10,0.00,0 %,0.00,ACT,0.00,0,11
02/01/2024,RB531,DAM/BGW,Y,144,0,0,0,0,0,8,0.00,0 %,0.00,ACT,0.00,0,144
02/01/2024,RB532,BGW/DAM,C,11,0,0,0,0,0,11,0.00,0 %,0.00,ACT,0.00,0,11
02/01/2024,RB532,BGW/DAM,Y,144,0,0,0,0,0,0,0.00,0 %,0.00,ACT,0.00,0,144
02/02/2024,RB121,DAM/KAC,C,11,0,0,0,0,0,7,0.00,0 %,0.00,ACT,0.00,0,11
02/02/2024,RB121,DAM/KAC,Y,144,0,0,0,0,0,13,0.00,0 %,0.00,ACT,0.00,0,144
02/02/2024,RB501,DAM/SHJ,C,11,0,0,0,0,0,0,0.00,0 %,0.00,ACT,0.00,0,11
02/02/2024,RB501,DAM/SHJ,Y,144,0,0,0,0,0,0,0.00,0 %,0.00,ACT,0.00,0,144
02/02/2024,RB122,KAC/DAM,C,11,0,0,0,0,0,3,0.00,0 %,0.00,ACT,0.00,0,11
02/02/2024,RB122,KAC/DAM,Y,144,0,0,0,0,0,29,0.00,0 %,0.00,ACT,0.00,0,144
02/02/2024,RB503,DAM/AUH,C,11,0,0,0,0,0,9,0.00,0 %,0.00,ACT,0.00,0,11
02/02/2024,RB503,DAM/AUH,Y,144,0,0,0,0,0,0,0.00,0 %,0.00,ACT,0.00,0,144
02/02/2024,RB502,SHJ/DAM,C,11,0,0,0,0,0,1,0.00,0 %,0.00,ACT,0.00,0,11
02/02/2024,RB502,SHJ/DAM,Y,144,0,0,0,0,0,7,0.00,0 %,0.00,ACT,0.00,0,144
02/02/2024,RB504,AUH/DAM,C,11,0,0,0,0,0,8,0.00,0 %,0.00,ACT,0.00,0,11
02/02/2024,RB504,AUH/DAM,Y,144,0,0,0,0,0,10,0.00,0 %,0.00,ACT,0.00,0,144
02/02/2024,RB533,DAM/NJF,C,11,0,0,0,0,0,11,0.00,0 %,0.00,ACT,0.00,0,11
02/02/2024,RB533,DAM/NJF,Y,144,0,0,0,0,0,0,0.00,0 %,0.00,ACT,0.00,0,144
02/02/2024,RB534,NJF/DAM,C,11,0,0,0,0,0,11,0.00,0 %,0.00,ACT,0.00,0,11
02/02/2024,RB534,NJF/DAM,Y,144,0,0,0,0,0,0,0.00,0 %,0.00,ACT,0.00,0,144
02/03/2024,RB521,DAM/DOH,C,11,0,0,0,0,0,3,0.00,0 %,0.00,ACT,0.00,0,11
02/03/2024,RB521,DAM/DOH,Y,144,0,0,0,0,0,6,0.00,0 %,0.00,ACT,0.00,0,144
02/03/2024,RB515,DAM/DXB,C,27,0,0,0,0,0,3,0.00,0 %,0.00,ACT,0.00,0,27
02/03/2024,RB515,DAM/DXB,Y,254,0,0,0,0,0,3,0.00,0 %,0.00,ACT,0.00,0,254
02/03/2024,RB201,DAM/CAI,C,11,0,0,0,0,0,2,0.00,0 %,0.00,ACT,0.00,0,11
02/03/2024,RB201,DAM/CAI,Y,144,0,0,0,0,0,32,0.00,0 %,0.00,ACT,0.00,0,144
02/03/2024,RB522,DOH/DAM,C,11,0,0,0,0,0,1,0.00,0 %,0.00,ACT,0.00,0,11
02/03/2024,RB522,DOH/DAM,Y,144,0,0,0,0,0,14,0.00,0 %,0.00,ACT,0.00,0,144
02/03/2024,RB202,CAI/DAM,C,11,0,0,0,0,0,3,0.00,0 %,0.00,ACT,0.00,0,11
02/03/2024,RB202,CAI/DAM,Y,144,0,0,0,0,0,35,0.00,0 %,0.00,ACT,0.00,0,144
02/03/2024,RB516,DXB/DAM,C,27,0,0,0,0,0,0,0.00,0 %,0.00,ACT,0.00,0,27
02/03/2024,RB516,DXB/DAM,Y,254,0,0,0,0,0,13,0.00,0 %,0.00,ACT,0.00,0,254
02/03/2024,RB341,DAM/KWI,C,11,0,0,0,0,0,2,0.00,0 %,0.00,ACT,0.00,0,11
02/03/2024,RB341,DAM/KWI,Y,144,0,0,0,0,0,2,0.00,0 %,0.00,ACT,0.00,0,144
02/03/2024,RB342,KWI/DAM,C,11,0,0,0,0,0,11,0.00,0 %,0.00,ACT,0.00,0,11
02/03/2024,RB342,KWI/DAM,Y,144,0,0,0,0,0,95,0.00,0 %,0.00,ACT,0.00,0,144
02/04/2024,RB441,DAM/VKO,C,11,0,0,0,0,0,2,0.00,0 %,0.00,ACT,0.00,0,11
02/04/2024,RB441,DAM/VKO,Y,96,0,0,0,0,0,0,0.00,0 %,0.00,ACT,0.00,0,96
02/04/2024,RB501,DAM/SHJ,C,27,0,0,0,0,0,19,0.00,0 %,0.00,ACT,0.00,0,27
02/04/2024,RB501,DAM/SHJ,Y,254,0,0,0,0,0,5,0.00,0 %,0.00,ACT,0.00,0,254
02/04/2024,RB502,SHJ/DAM,C,27,0,0,0,0,0,22,0.00,0 %,0.00,ACT,0.00,0,27
02/04/2024,RB502,SHJ/DAM,Y,254,0,0,0,0,0,114,0.00,0 %,0.00,ACT,0.00,0,254
02/04/2024,RB442,VKO/DAM,C,11,0,0,0,0,0,0,0.00,0 %,0.00,ACT,0.00,0,11
02/04/2024,RB442,VKO/DAM,Y,114,0,0,0,0,0,74,0.00,0 %,0.00,ACT,0.00,0,114
02/05/2024,RB0521,DAM/DOH,C,11,0,0,0,0,0,4,0.00,0 %,0.00,ACT,0.00,0,11
02/05/2024,RB0521,DAM/DOH,Y,144,0,0,0,0,0,3,0.00,0 %,0.00,ACT,0.00,0,144
02/05/2024,RB515,DAM/DXB,C,27,0,0,0,0,0,4,0.00,0 %,0.00,ACT,0.00,0,27
02/05/2024,RB515,DAM/DXB,Y,254,0,0,0,0,0,2,0.00,0 %,0.00,ACT,0.00,0,254
02/05/2024,RB522,DOH/DAM,C,11,0,0,0,0,0,10,0.00,0 %,0.00,ACT,0.00,0,11
02/05/2024,RB522,DOH/DAM,Y,144,0,0,0,0,0,82,0.00,0 %,0.00,ACT,0.00,0,144
02/05/2024,RB201,DAM/CAI,C,11,0,0,0,0,0,6,0.00,0 %,0.00,ACT,0.00,0,11
02/05/2024,RB201,DAM/CAI,Y,144,0,0,0,0,0,25,0.00,0 %,0.00,ACT,0.00,0,144
02/05/2024,RB202,CAI/DAM,C,11,0,0,0,0,0,8,0.00,0 %,0.00,ACT,0.00,0,11
02/05/2024,RB202,CAI/DAM,Y,144,0,0,0,0,0,63,0.00,0 %,0.00,ACT,0.00,0,144
02/05/2024,RB516,DXB/DAM,C,27,0,0,0,0,0,15,0.00,0 %,0.00,ACT,0.00,0,27
02/05/2024,RB516,DXB/DAM,Y,254,0,0,0,0,0,35,0.00,0 %,0.00,ACT,0.00,0,254
02/05/2024,RB531,DAM/BGW,C,11,0,0,0,0,0,11,0.00,0 %,0.00,ACT,0.00,0,11
02/05/2024,RB531,DAM/BGW,Y,144,0,0,0,0,0,37,0.00,0 %,0.00,ACT,0.00,0,144
02/05/2024,RB532,BGW/DAM,C,11,0,0,0,0,0,11,0.00,0 %,0.00,ACT,0.00,0,11
02/05/2024,RB532,BGW/DAM,Y,144,0,0,0,0,0,6,0.00,0 %,0.00,ACT,0.00,0,144
02/06/2024,RB533,DAM/NJF,C,11,0,0,0,0,0,11,0.00,0 %,0.00,ACT,0.00,0,11
02/06/2024,RB533,DAM/NJF,Y,144,0,0,0,0,0,94,0.00,0 %,0.00,ACT,0.00,0,144
02/06/2024,RB501,DAM/SHJ,C,11,0,0,0,0,0,3,0.00,0 %,0.00,ACT,0.00,0,11
02/06/2024,RB501,DAM/SHJ,Y,144,0,0,0,0,0,2,0.00,0 %,0.00,ACT,0.00,0,144
02/06/2024,RB534,NJF/DAM,C,11,0,0,0,0,0,11,0.00,0 %,0.00,ACT,0.00,0,11
02/06/2024,RB534,NJF/DAM,Y,144,0,0,0,0,0,32,0.00,0 %,0.00,ACT,0.00,0,144
02/06/2024,RB503,DAM/AUH,C,11,0,0,0,0,0,8,0.00,0 %,0.00,ACT,0.00,0,11
02/06/2024,RB503,DAM/AUH,Y,144,0,0,0,0,0,19,0.00,0 %,0.00,ACT,0.00,0,144
02/06/2024,RB502,SHJ/DAM,C,11,0,0,0,0,0,10,0.00,0 %,0.00,ACT,0.00,0,11
02/06/2024,RB502,SHJ/DAM,Y,144,0,0,0,0,0,28,0.00,0 %,0.00,ACT,0.00,0,144
02/06/2024,RB504,AUH/DAM,C,11,0,0,0,0,0,10,0.00,0 %,0.00,ACT,0.00,0,11
02/06/2024,RB504,AUH/DAM,Y,144,0,0,0,0,0,30,0.00,0 %,0.00,ACT,0.00,0,144
02/07/2024,RB521,DAM/DOH,C,11,0,0,0,0,0,9,0.00,0 %,0.00,ACT,0.00,0,11
02/07/2024,RB521,DAM/DOH,Y,144,0,0,0,0,0,3,0.00,0 %,0.00,ACT,0.00,0,144
02/07/2024,RB515,DAM/DXB,C,27,0,0,0,0,0,8,0.00,0 %,0.00,ACT,0.00,0,27
02/07/2024,RB515,DAM/DXB,Y,254,0,0,0,0,0,5,0.00,0 %,0.00,ACT,0.00,0,254
02/07/2024,RB522,DOH/DAM,C,11,0,0,0,0,0,3,0.00,0 %,0.00,ACT,0.00,0,11
02/07/2024,RB522,DOH/DAM,Y,144,0,0,0,0,0,46,0.00,0 %,0.00,ACT,0.00,0,144
02/07/2024,RB1531,DAM/BGW,C,11,0,0,0,0,0,11,0.00,0 %,0.00,ACT,0.00,0,11
02/07/2024,RB1531,DAM/BGW,Y,144,0,0,0,0,0,144,0.00,0 %,0.00,ACT,0.00,0,144
02/07/2024,RB516,DXB/DAM,C,27,0,0,0,0,0,18,0.00,0 %,0.00,ACT,0.00,0,27
02/07/2024,RB516,DXB/DAM,Y,254,0,0,0,0,0,97,0.00,0 %,0.00,ACT,0.00,0,254
02/07/2024,RB1532,BGW/DAM,C,11,0,0,0,0,0,11,0.00,0 %,0.00,ACT,0.00,0,11
02/07/2024,RB1532,BGW/DAM,Y,144,0,0,0,0,0,144,0.00,0 %,0.00,ACT,0.00,0,144
02/08/2024,RB515,DAM/DXB,C,27,0,0,0,0,0,18,0.00,0 %,0.00,ACT,0.00,0,27
02/08/2024,RB515,DAM/DXB,Y,254,0,0,0,0,0,5,0.00,0 %,0.00,ACT,0.00,0,254
02/08/2024,RB341,DAM/KWI,C,11,0,0,0,0,0,10,0.00,0 %,0.00,ACT,0.00,0,11
02/08/2024,RB341,DAM/KWI,Y,144,0,0,0,0,0,46,0.00,0 %,0.00,ACT,0.00,0,144
02/08/2024,RB0521,DAM/DOH,C,11,0,0,0,0,0,10,0.00,0 %,0.00,ACT,0.00,0,11
02/08/2024,RB0521,DAM/DOH,Y,144,0,0,0,0,0,9,0.00,0 %,0.00,ACT,0.00,0,144
02/08/2024,RB342,KWI/DAM,C,11,0,0,0,0,0,9,0.00,0 %,0.00,ACT,0.00,0,11
02/08/2024,RB342,KWI/DAM,Y,144,0,0,0,0,0,30,0.00,0 %,0.00,ACT,0.00,0,144
02/08/2024,RB516,DXB/DAM,C,27,0,0,0,0,0,12,0.00,0 %,0.00,ACT,0.00,0,27
02/08/2024,RB516,DXB/DAM,Y,254,0,0,0,0,0,10,0.00,0 %,0.00,ACT,0.00,0,254
02/08/2024,RB522,DOH/DAM,C,11,0,0,0,0,0,10,0.00,0 %,0.00,ACT,0.00,0,11
02/08/2024,RB522,DOH/DAM,Y,144,0,0,0,0,0,49,0.00,0 %,0.00,ACT,0.00,0,144
02/08/2024,RB201,DAM/CAI,C,11,0,0,0,0,0,0,0.00,0 %,0.00,ACT,0.00,0,11
02/08/2024,RB201,DAM/CAI,Y,144,0,0,0,0,0,5,0.00,0 %,0.00,ACT,0.00,0,144
02/08/2024,RB202,CAI/DAM,C,11,0,0,0,0,0,2,0.00,0 %,0.00,ACT,0.00,0,11
02/08/2024,RB202,CAI/DAM,Y,144,0,0,0,0,0,0,0.00,0 %,0.00,ACT,0.00,0,144
02/08/2024,RB531,DAM/BGW,C,11,0,0,0,0,0,11,0.00,0 %,0.00,ACT,0.00,0,11
02/08/2024,RB531,DAM/BGW,Y,144,0,0,0,0,0,0,0.00,0 %,0.00,ACT,0.00,0,144
02/08/2024,RB532,BGW/DAM,C,11,0,0,0,0,0,11,0.00,0 %,0.00,ACT,0.00,0,11
02/08/2024,RB532,BGW/DAM,Y,144,0,0,0,0,0,0,0.00,0 %,0.00,ACT,0.00,0,144
02/09/2024,RB121,DAM/KAC,C,11,0,0,0,0,0,11,0.00,0 %,0.00,ACT,0.00,0,11
02/09/2024,RB121,DAM/KAC,Y,144,0,0,0,0,0,22,0.00,0 %,0.00,ACT,0.00,0,144
02/09/2024,RB122,KAC/DAM,C,11,0,0,0,0,0,10,0.00,0 %,0.00,ACT,0.00,0,11
02/09/2024,RB122,KAC/DAM,Y,144,0,0,0,0,0,26,0.00,0 %,0.00,ACT,0.00,0,144
02/09/2024,RB501,DAM/SHJ,C,11,0,0,0,0,0,5,0.00,0 %,0.00,ACT,0.00,0,11
02/09/2024,RB501,DAM/SHJ,Y,144,0,0,0,0,0,0,0.00,0 %,0.00,ACT,0.00,0,144
02/09/2024,RB503,DAM/AUH,C,11,0,0,0,0,0,10,0.00,0 %,0.00,ACT,0.00,0,11
02/09/2024,RB503,DAM/AUH,Y,144,0,0,0,0,0,4,0.00,0 %,0.00,ACT,0.00,0,144
02/09/2024,RB502,SHJ/DAM,C,11,0,0,0,0,0,5,0.00,0 %,0.00,ACT,0.00,0,11
02/09/2024,RB502,SHJ/DAM,Y,144,0,0,0,0,0,5,0.00,0 %,0.00,ACT,0.00,0,144
02/09/2024,RB504,AUH/DAM,C,11,0,0,0,0,0,11,0.00,0 %,0.00,ACT,0.00,0,11
02/09/2024,RB504,AUH/DAM,Y,144,0,0,0,0,0,4,0.00,0 %,0.00,ACT,0.00,0,144
02/09/2024,RB533,DAM/NJF,C,11,0,0,0,0,0,11,0.00,0 %,0.00,ACT,0.00,0,11
02/09/2024,RB533,DAM/NJF,Y,144,0,0,0,0,0,10,0.00,0 %,0.00,ACT,0.00,0,144
02/09/2024,RB534,NJF/DAM,C,11,0,0,0,0,0,11,0.00,0 %,0.00,ACT,0.00,0,11
02/09/2024,RB534,NJF/DAM,Y,144,0,0,0,0,0,0,0.00,0 %,0.00,ACT,0.00,0,144
02/10/2024,RB521,DAM/DOH,C,11,0,0,0,0,0,6,0.00,0 %,0.00,ACT,0.00,0,11
02/10/2024,RB521,DAM/DOH,Y,144,0,0,0,0,0,7,0.00,0 %,0.00,ACT,0.00,0,144
02/10/2024,RB515,DAM/DXB,C,27,0,0,0,0,0,3,0.00,0 %,0.00,ACT,0.00,0,27
02/10/2024,RB515,DAM/DXB,Y,254,0,0,0,0,0,2,0.00,0 %,0.00,ACT,0.00,0,254
02/10/2024,RB201,DAM/CAI,C,11,0,0,0,0,0,1,0.00,0 %,0.00,ACT,0.00,0,11
02/10/2024,RB201,DAM/CAI,Y,144,0,0,0,0,0,5,0.00,0 %,0.00,ACT,0.00,0,144
02/10/2024,RB522,DOH/DAM,C,11,0,0,0,0,0,5,0.00,0 %,0.00,ACT,0.00,0,11
02/10/2024,RB522,DOH/DAM,Y,144,0,0,0,0,0,8,0.00,0 %,0.00,ACT,0.00,0,144
02/10/2024,RB202,CAI/DAM,C,11,0,0,0,0,0,1,0.00,0 %,0.00,ACT,0.00,0,11
02/10/2024,RB202,CAI/DAM,Y,144,0,0,0,0,0,2,0.00,0 %,0.00,ACT,0.00,0,144
02/10/2024,RB516,DXB/DAM,C,27,0,0,0,0,0,3,0.00,0 %,0.00,ACT,0.00,0,27
02/10/2024,RB516,DXB/DAM,Y,254,0,0,0,0,0,8,0.00,0 %,0.00,ACT,0.00,0,254
02/10/2024,RB341,DAM/KWI,C,11,0,0,0,0,0,9,0.00,0 %,0.00,ACT,0.00,0,11
02/10/2024,RB341,DAM/KWI,Y,144,0,0,0,0,0,4,0.00,0 %,0.00,ACT,0.00,0,144
02/10/2024,RB342,KWI/DAM,C,11,0,0,0,0,0,11,0.00,0 %,0.00,ACT,0.00,0,11
02/10/2024,RB342,KWI/DAM,Y,144,0,0,0,0,0,101,0.00,0 %,0.00,ACT,0.00,0,144
02/11/2024,RB441,DAM/VKO,C,11,0,0,0,0,0,4,0.00,0 %,0.00,ACT,0.00,0,11
02/11/2024,RB441,DAM/VKO,Y,96,0,0,0,0,0,39,0.00,0 %,0.00,ACT,0.00,0,96
02/11/2024,RB501,DAM/SHJ,C,27,0,0,0,0,0,26,0.00,0 %,0.00,ACT,0.00,0,27
02/11/2024,RB501,DAM/SHJ,Y,254,0,0,0,0,0,34,0.00,0 %,0.00,ACT,0.00,0,254
02/11/2024,RB502,SHJ/DAM,C,27,0,0,0,0,0,24,0.00,0 %,0.00,ACT,0.00,0,27
02/11/2024,RB502,SHJ/DAM,Y,254,0,0,0,0,0,24,0.00,0 %,0.00,ACT,0.00,0,254
02/11/2024,RB442,VKO/DAM,C,11,0,0,0,0,0,10,0.00,0 %,0.00,ACT,0.00,0,11
02/11/2024,RB442,VKO/DAM,Y,114,0,0,0,0,0,49,0.00,0 %,0.00,ACT,0.00,0,114
02/12/2024,RB0521,DAM/DOH,C,11,0,0,0,0,0,11,0.00,0 %,0.00,ACT,0.00,0,11
02/12/2024,RB0521,DAM/DOH,Y,144,0,0,0,0,0,55,0.00,0 %,0.00,ACT,0.00,0,144
02/12/2024,RB515,DAM/DXB,C,27,0,0,0,0,0,7,0.00,0 %,0.00,ACT,0.00,0,27
02/12/2024,RB515,DAM/DXB,Y,254,0,0,0,0,0,4,0.00,0 %,0.00,ACT,0.00,0,254
02/12/2024,RB522,DOH/DAM,C,11,0,0,0,0,0,2,0.00,0 %,0.00,ACT,0.00,0,11
02/12/2024,RB522,DOH/DAM,Y,144,0,0,0,0,0,12,0.00,0 %,0.00,ACT,0.00,0,144
02/12/2024,RB201,DAM/CAI,C,11,0,0,0,0,0,1,0.00,0 %,0.00,ACT,0.00,0,11
02/12/2024,RB201,DAM/CAI,Y,144,0,0,0,0,0,10,0.00,0 %,0.00,ACT,0.00,0,144
02/12/2024,RB202,CAI/DAM,C,11,0,0,0,0,0,0,0.00,0 %,0.00,ACT,0.00,0,11
02/12/2024,RB202,CAI/DAM,Y,144,0,0,0,0,0,48,0.00,0 %,0.00,ACT,0.00,0,144
02/12/2024,RB516,DXB/DAM,C,27,0,0,0,0,0,18,0.00,0 %,0.00,ACT,0.00,0,27
02/12/2024,RB516,DXB/DAM,Y,254,0,0,0,0,0,13,0.00,0 %,0.00,ACT,0.00,0,254
02/12/2024,RB531,DAM/BGW,C,11,0,0,0,0,0,11,0.00,0 %,0.00,ACT,0.00,0,11
02/12/2024,RB531,DAM/BGW,Y,144,0,0,0,0,0,0,0.00,0 %,0.00,ACT,0.00,0,144
02/12/2024,RB532,BGW/DAM,C,11,0,0,0,0,0,11,0.00,0 %,0.00,ACT,0.00,0,11
02/12/2024,RB532,BGW/DAM,Y,144,0,0,0,0,0,41,0.00,0 %,0.00,ACT,0.00,0,144
02/13/2024,RB533,DAM/NJF,C,11,0,0,0,0,0,11,0.00,0 %,0.00,ACT,0.00,0,11
02/13/2024,RB533,DAM/NJF,Y,144,0,0,0,0,0,33,0.00,0 %,0.00,ACT,0.00,0,144
02/13/2024,RB501,DAM/SHJ,C,11,0,0,0,0,0,4,0.00,0 %,0.00,ACT,0.00,0,11
02/13/2024,RB501,DAM/SHJ,Y,144,0,0,0,0,0,39,0.00,0 %,0.00,ACT,0.00,0,144
02/13/2024,RB534,NJF/DAM,C,11,0,0,0,0,0,11,0.00,0 %,0.00,ACT,0.00,0,11
02/13/2024,RB534,NJF/DAM,Y,144,0,0,0,0,0,75,0.00,0 %,0.00,ACT,0.00,0,144
02/13/2024,RB503,DAM/AUH,C,11,0,0,0,0,0,11,0.00,0 %,0.00,ACT,0.00,0,11
02/13/2024,RB503,DAM/AUH,Y,144,0,0,0,0,0,7,0.00,0 %,0.00,ACT,0.00,0,144
02/13/2024,RB502,SHJ/DAM,C,11,0,0,0,0,0,8,0.00,0 %,0.00,ACT,0.00,0,11
02/13/2024,RB502,SHJ/DAM,Y,144,0,0,0,0,0,1,0.00,0 %,0.00,ACT,0.00,0,144
02/13/2024,RB504,AUH/DAM,C,11,0,0,0,0,0,10,0.00,0 %,0.00,ACT,0.00,0,11
02/13/2024,RB504,AUH/DAM,Y,144,0,0,0,0,0,54,0.00,0 %,0.00,ACT,0.00,0,144
02/14/2024,RB521,DAM/DOH,C,11,0,0,0,0,0,8,0.00,0 %,0.00,ACT,0.00,0,11
02/14/2024,RB521,DAM/DOH,Y,144,0,0,0,0,0,29,0.00,0 %,0.00,ACT,0.00,0,144
02/14/2024,RB515,DAM/DXB,C,27,0,0,0,0,0,9,0.00,0 %,0.00,ACT,0.00,0,27
02/14/2024,RB515,DAM/DXB,Y,254,0,0,0,0,0,13,0.00,0 %,0.00,ACT,0.00,0,254
02/14/2024,RB522,DOH/DAM,C,11,0,0,0,0,0,2,0.00,0 %,0.00,ACT,0.00,0,11
02/14/2024,RB522,DOH/DAM,Y,144,0,0,0,0,0,9,0.00,0 %,0.00,ACT,0.00,0,144
02/14/2024,RB516,DXB/DAM,C,27,0,0,0,0,0,7,0.00,0 %,0.00,ACT,0.00,0,27
02/14/2024,RB516,DXB/DAM,Y,254,0,0,0,0,0,48,0.00,0 %,0.00,ACT,0.00,0,254
02/15/2024,RB515,DAM/DXB,C,27,0,0,0,0,0,2,0.00,0 %,0.00,ACT,0.00,0,27
02/15/2024,RB515,DAM/DXB,Y,254,0,0,0,0,0,14,0.00,0 %,0.00,ACT,0.00,0,254
02/15/2024,RB341,DAM/KWI,C,11,0,0,0,0,0,11,0.00,0 %,0.00,ACT,0.00,0,11
02/15/2024,RB341,DAM/KWI,Y,144,0,0,0,0,0,103,0.00,0 %,0.00,ACT,0.00,0,144
02/15/2024,RB0521,DAM/DOH,C,11,0,0,0,0,0,11,0.00,0 %,0.00,ACT,0.00,0,11
02/15/2024,RB0521,DAM/DOH,Y,144,0,0,0,0,0,43,0.00,0 %,0.00,ACT,0.00,0,144
02/15/2024,RB342,KWI/DAM,C,11,0,0,0,0,0,10,0.00,0 %,0.00,ACT,0.00,0,11
02/15/2024,RB342,KWI/DAM,Y,144,0,0,0,0,0,26,0.00,0 %,0.00,ACT,0.00,0,144
02/15/2024,RB516,DXB/DAM,C,27,0,0,0,0,0,1,0.00,0 %,0.00,ACT,0.00,0,27
02/15/2024,RB516,DXB/DAM,Y,254,0,0,0,0,0,19,0.00,0 %,0.00,ACT,0.00,0,254
02/15/2024,RB522,DOH/DAM,C,11,0,0,0,0,0,3,0.00,0 %,0.00,ACT,0.00,0,11
02/15/2024,RB522,DOH/DAM,Y,144,0,0,0,0,0,7,0.00,0 %,0.00,ACT,0.00,0,144
02/15/2024,RB201,DAM/CAI,C,11,0,0,0,0,0,0,0.00,0 %,0.00,ACT,0.00,0,11
02/15/2024,RB201,DAM/CAI,Y,144,0,0,0,0,0,6,0.00,0 %,0.00,ACT,0.00,0,144
02/15/2024,RB202,CAI/DAM,C,11,0,0,0,0,0,1,0.00,0 %,0.00,ACT,0.00,0,11
02/15/2024,RB202,CAI/DAM,Y,144,0,0,0,0,0,9,0.00,0 %,0.00,ACT,0.00,0,144
02/15/2024,RB531,DAM/BGW,C,11,0,0,0,0,0,11,0.00,0 %,0.00,ACT,0.00,0,11
02/15/2024,RB531,DAM/BGW,Y,144,0,0,0,0,0,0,0.00,0 %,0.00,ACT,0.00,0,144
02/15/2024,RB532,BGW/DAM,C,11,0,0,0,0,0,11,0.00,0 %,0.00,ACT,0.00,0,11
02/15/2024,RB532,BGW/DAM,Y,144,0,0,0,0,0,54,0.00,0 %,0.00,ACT,0.00,0,144
02/16/2024,RB121,DAM/KAC,C,11,0,0,0,0,0,11,0.00,0 %,0.00,ACT,0.00,0,11
02/16/2024,RB121,DAM/KAC,Y,144,0,0,0,0,0,16,0.00,0 %,0.00,ACT,0.00,0,144
02/16/2024,RB122,KAC/DAM,C,11,0,0,0,0,0,6,0.00,0 %,0.00,ACT,0.00,0,11
02/16/2024,RB122,KAC/DAM,Y,144,0,0,0,0,0,8,0.00,0 %,0.00,ACT,0.00,0,144
02/16/2024,RB501,DAM/SHJ,C,11,0,0,0,0,0,2,0.00,0 %,0.00,ACT,0.00,0,11
02/16/2024,RB501,DAM/SHJ,Y,144,0,0,0,0,0,0,0.00,0 %,0.00,ACT,0.00,0,144
02/16/2024,RB503,DAM/AUH,C,11,0,0,0,0,0,11,0.00,0 %,0.00,ACT,0.00,0,11
02/16/2024,RB503,DAM/AUH,Y,144,0,0,0,0,0,2,0.00,0 %,0.00,ACT,0.00,0,144
02/16/2024,RB502,SHJ/DAM,C,11,0,0,0,0,0,9,0.00,0 %,0.00,ACT,0.00,0,11
02/16/2024,RB502,SHJ/DAM,Y,144,0,0,0,0,0,10,0.00,0 %,0.00,ACT,0.00,0,144
02/16/2024,RB504,AUH/DAM,C,11,0,0,0,0,0,3,0.00,0 %,0.00,ACT,0.00,0,11
02/16/2024,RB504,AUH/DAM,Y,144,0,0,0,0,0,2,0.00,0 %,0.00,ACT,0.00,0,144
02/16/2024,RB533,DAM/NJF,C,11,0,0,0,0,0,11,0.00,0 %,0.00,ACT,0.00,0,11
02/16/2024,RB533,DAM/NJF,Y,144,0,0,0,0,0,0,0.00,0 %,0.00,ACT,0.00,0,144
02/16/2024,RB534,NJF/DAM,C,11,0,0,0,0,0,11,0.00,0 %,0.00,ACT,0.00,0,11
02/16/2024,RB534,NJF/DAM,Y,144,0,0,0,0,0,69,0.00,0 %,0.00,ACT,0.00,0,144
02/17/2024,RB521,DAM/DOH,C,11,0,0,0,0,0,8,0.00,0 %,0.00,ACT,0.00,0,11
02/17/2024,RB521,DAM/DOH,Y,144,0,0,0,0,0,1,0.00,0 %,0.00,ACT,0.00,0,144
02/17/2024,RB515,DAM/DXB,C,27,0,0,0,0,0,0,0.00,0 %,0.00,ACT,0.00,0,27
02/17/2024,RB515,DAM/DXB,Y,254,0,0,0,0,0,3,0.00,0 %,0.00,ACT,0.00,0,254
02/17/2024,RB201,DAM/CAI,C,11,0,0,0,0,0,0,0.00,0 %,0.00,ACT,0.00,0,11
02/17/2024,RB201,DAM/CAI,Y,144,0,0,0,0,0,0,0.00,0 %,0.00,ACT,0.00,0,144
02/17/2024,RB522,DOH/DAM,C,11,0,0,0,0,0,3,0.00,0 %,0.00,ACT,0.00,0,11
02/17/2024,RB522,DOH/DAM,Y,144,0,0,0,0,0,2,0.00,0 %,0.00,ACT,0.00,0,144
02/17/2024,RB202,CAI/DAM,C,11,0,0,0,0,0,3,0.00,0 %,0.00,ACT,0.00,0,11
02/17/2024,RB202,CAI/DAM,Y,144,0,0,0,0,0,3,0.00,0 %,0.00,ACT,0.00,0,144
02/17/2024,RB516,DXB/DAM,C,27,0,0,0,0,0,3,0.00,0 %,0.00,ACT,0.00,0,27
02/17/2024,RB516,DXB/DAM,Y,254,0,0,0,0,0,19,0.00,0 %,0.00,ACT,0.00,0,254
02/17/2024,RB341,DAM/KWI,C,11,0,0,0,0,0,10,0.00,0 %,0.00,ACT,0.00,0,11
02/17/2024,RB341,DAM/KWI,Y,144,0,0,0,0,0,34,0.00,0 %,0.00,ACT,0.00,0,144
02/17/2024,RB342,KWI/DAM,C,11,0,0,0,0,0,11,0.00,0 %,0.00,ACT,0.00,0,11
02/17/2024,RB342,KWI/DAM,Y,144,0,0,0,0,0,97,0.00,0 %,0.00,ACT,0.00,0,144
02/18/2024,RB441,DAM/VKO,C,11,0,0,0,0,0,8,0.00,0 %,0.00,ACT,0.00,0,11
02/18/2024,RB441,DAM/VKO,Y,96,0,0,0,0,0,42,0.00,0 %,0.00,ACT,0.00,0,96
02/18/2024,RB501,DAM/SHJ,C,27,0,0,0,0,0,0,0.00,0 %,0.00,ACT,0.00,0,27
02/18/2024,RB501,DAM/SHJ,Y,254,0,0,0,0,0,1,0.00,0 %,0.00,ACT,0.00,0,254
02/18/2024,RB502,SHJ/DAM,C,27,0,0,0,0,0,24,0.00,0 %,0.00,ACT,0.00,0,27
02/18/2024,RB502,SHJ/DAM,Y,254,0,0,0,0,0,94,0.00,0 %,0.00,ACT,0.00,0,254
02/18/2024,RB442,VKO/DAM,C,11,0,0,0,0,0,6,0.00,0 %,0.00,ACT,0.00,0,11
02/18/2024,RB442,VKO/DAM,Y,114,0,0,0,0,0,71,0.00,0 %,0.00,ACT,0.00,0,114
02/19/2024,RB0521,DAM/DOH,C,11,0,0,0,0,0,4,0.00,0 %,0.00,ACT,0.00,0,11
02/19/2024,RB0521,DAM/DOH,Y,144,0,0,0,0,0,60,0.00,0 %,0.00,ACT,0.00,0,144
02/19/2024,RB515,DAM/DXB,C,27,0,0,0,0,0,7,0.00,0 %,0.00,ACT,0.00,0,27
02/19/2024,RB515,DAM/DXB,Y,254,0,0,0,0,0,9,0.00,0 %,0.00,ACT,0.00,0,254
02/19/2024,RB522,DOH/DAM,C,11,0,0,0,0,0,0,0.00,0 %,0.00,ACT,0.00,0,11
02/19/2024,RB522,DOH/DAM,Y,144,0,0,0,0,0,2,0.00,0 %,0.00,ACT,0.00,0,144
02/19/2024,RB201,DAM/CAI,C,11,0,0,0,0,0,0,0.00,0 %,0.00,ACT,0.00,0,11
02/19/2024,RB201,DAM/CAI,Y,144,0,0,0,0,0,2,0.00,0 %,0.00,ACT,0.00,0,144
02/19/2024,RB202,CAI/DAM,C,11,0,0,0,0,0,7,0.00,0 %,0.00,ACT,0.00,0,11
02/19/2024,RB202,CAI/DAM,Y,144,0,0,0,0,0,48,0.00,0 %,0.00,ACT,0.00,0,144
02/19/2024,RB516,DXB/DAM,C,27,0,0,0,0,0,4,0.00,0 %,0.00,ACT,0.00,0,27
02/19/2024,RB516,DXB/DAM,Y,254,0,0,0,0,0,26,0.00,0 %,0.00,ACT,0.00,0,254
02/19/2024,RB531,DAM/BGW,C,11,0,0,0,0,0,9,0.00,0 %,0.00,ACT,0.00,0,11
02/19/2024,RB531,DAM/BGW,Y,144,0,0,0,0,0,36,0.00,0 %,0.00,ACT,0.00,0,144
02/19/2024,RB532,BGW/DAM,C,11,0,0,0,0,0,11,0.00,0 %,0.00,ACT,0.00,0,11
02/19/2024,RB532,BGW/DAM,Y,144,0,0,0,0,0,60,0.00,0 %,0.00,ACT,0.00,0,144
02/20/2024,RB501,DAM/SHJ,C,11,0,0,0,0,0,4,0.00,0 %,0.00,ACT,0.00,0,11
02/20/2024,RB501,DAM/SHJ,Y,144,0,0,0,0,0,6,0.00,0 %,0.00,ACT,0.00,0,144
02/20/2024,RB503,DAM/AUH,C,11,0,0,0,0,0,5,0.00,0 %,0.00,ACT,0.00,0,11
02/20/2024,RB503,DAM/AUH,Y,144,0,0,0,0,0,2,0.00,0 %,0.00,ACT,0.00,0,144
02/20/2024,RB502,SHJ/DAM,C,11,0,0,0,0,0,8,0.00,0 %,0.00,ACT,0.00,0,11
02/20/2024,RB502,SHJ/DAM,Y,144,0,0,0,0,0,19,0.00,0 %,0.00,ACT,0.00,0,144
02/20/2024,RB504,AUH/DAM,C,11,0,0,0,0,0,9,0.00,0 %,0.00,ACT,0.00,0,11
02/20/2024,RB504,AUH/DAM,Y,144,0,0,0,0,0,19,0.00,0 %,0.00,ACT,0.00,0,144
02/21/2024,RB521,DAM/DOH,C,11,0,0,0,0,0,7,0.00,0 %,0.00,ACT,0.00,0,11
02/21/2024,RB521,DAM/DOH,Y,144,0,0,0,0,0,50,0.00,0 %,0.00,ACT,0.00,0,144
02/21/2024,RB515,DAM/DXB,C,27,0,0,0,0,0,11,0.00,0 %,0.00,ACT,0.00,0,27
02/21/2024,RB515,DAM/DXB,Y,254,0,0,0,0,0,2,0.00,0 %,0.00,ACT,0.00,0,254
02/21/2024,RB522,DOH/DAM,C,11,0,0,0,0,0,1,0.00,0 %,0.00,ACT,0.00,0,11
02/21/2024,RB522,DOH/DAM,Y,144,0,0,0,0,0,4,0.00,0 %,0.00,ACT,0.00,0,144
02/21/2024,RB516,DXB/DAM,C,27,0,0,0,0,0,9,0.00,0 %,0.00,ACT,0.00,0,27
02/21/2024,RB516,DXB/DAM,Y,254,0,0,0,0,0,34,0.00,0 %,0.00,ACT,0.00,0,254
02/22/2024,RB515,DAM/DXB,C,27,0,0,0,0,0,15,0.00,0 %,0.00,ACT,0.00,0,27
02/22/2024,RB515,DAM/DXB,Y,254,0,0,0,0,0,20,0.00,0 %,0.00,ACT,0.00,0,254
02/22/2024,RB341,DAM/KWI,C,11,0,0,0,0,0,11,0.00,0 %,0.00,ACT,0.00,0,11
02/22/2024,RB341,DAM/KWI,Y,144,0,0,0,0,0,104,0.00,0 %,0.00,ACT,0.00,0,144
02/22/2024,RB0521,DAM/DOH,C,11,0,0,0,0,0,5,0.00,0 %,0.00,ACT,0.00,0,11
02/22/2024,RB0521,DAM/DOH,Y,144,0,0,0,0,0,71,0.00,0 %,0.00,ACT,0.00,0,144
02/22/2024,RB342,KWI/DAM,C,11,0,0,0,0,0,0,0.00,0 %,0.00,ACT,0.00,0,11
02/22/2024,RB342,KWI/DAM,Y,144,0,0,0,0,0,1,0.00,0 %,0.00,ACT,0.00,0,144
02/22/2024,RB516,DXB/DAM,C,27,0,0,0,0,0,7,0.00,0 %,0.00,ACT,0.00,0,27
02/22/2024,RB516,DXB/DAM,Y,254,0,0,0,0,0,5,0.00,0 %,0.00,ACT,0.00,0,254
02/22/2024,RB522,DOH/DAM,C,11,0,0,0,0,0,2,0.00,0 %,0.00,ACT,0.00,0,11
02/22/2024,RB522,DOH/DAM,Y,144,0,0,0,0,0,8,0.00,0 %,0.00,ACT,0.00,0,144
02/22/2024,RB201,DAM/CAI,C,11,0,0,0,0,0,1,0.00,0 %,0.00,ACT,0.00,0,11
02/22/2024,RB201,DAM/CAI,Y,144,0,0,0,0,0,3,0.00,0 %,0.00,ACT,0.00,0,144
02/22/2024,RB202,CAI/DAM,C,11,0,0,0,0,0,0,0.00,0 %,0.00,ACT,0.00,0,11
02/22/2024,RB202,CAI/DAM,Y,144,0,0,0,0,0,3,0.00,0 %,0.00,ACT,0.00,0,144
02/22/2024,RB531,DAM/BGW,C,11,0,0,0,0,0,11,0.00,0 %,0.00,ACT,0.00,0,11
02/22/2024,RB531,DAM/BGW,Y,144,0,0,0,0,0,57,0.00,0 %,0.00,ACT,0.00,0,144
02/22/2024,RB532,BGW/DAM,C,11,0,0,0,0,0,9,0.00,0 %,0.00,ACT,0.00,0,11
02/22/2024,RB532,BGW/DAM,Y,144,0,0,0,0,0,0,0.00,0 %,0.00,ACT,0.00,0,144
02/23/2024,RB121,DAM/KAC,C,11,0,0,0,0,0,9,0.00,0 %,0.00,ACT,0.00,0,11
02/23/2024,RB121,DAM/KAC,Y,144,0,0,0,0,0,8,0.00,0 %,0.00,ACT,0.00,0,144
02/23/2024,RB122,KAC/DAM,C,11,0,0,0,0,0,5,0.00,0 %,0.00,ACT,0.00,0,11
02/23/2024,RB122,KAC/DAM,Y,144,0,0,0,0,0,7,0.00,0 %,0.00,ACT,0.00,0,144
02/23/2024,RB501,DAM/SHJ,C,11,0,0,0,0,0,0,0.00,0 %,0.00,ACT,0.00,0,11
02/23/2024,RB501,DAM/SHJ,Y,144,0,0,0,0,0,3,0.00,0 %,0.00,ACT,0.00,0,144
02/23/2024,RB503,DAM/AUH,C,11,0,0,0,0,0,7,0.00,0 %,0.00,ACT,0.00,0,11
02/23/2024,RB503,DAM/AUH,Y,144,0,0,0,0,0,2,0.00,0 %,0.00,ACT,0.00,0,144
02/23/2024,RB502,SHJ/DAM,C,11,0,0,0,0,0,2,0.00,0 %,0.00,ACT,0.00,0,11
02/23/2024,RB502,SHJ/DAM,Y,144,0,0,0,0,0,9,0.00,0 %,0.00,ACT,0.00,0,144
02/23/2024,RB504,AUH/DAM,C,11,0,0,0,0,0,5,0.00,0 %,0.00,ACT,0.00,0,11
02/23/2024,RB504,AUH/DAM,Y,144,0,0,0,0,0,7,0.00,0 %,0.00,ACT,0.00,0,144
02/23/2024,RB533,DAM/NJF,C,11,0,0,0,0,0,11,0.00,0 %,0.00,ACT,0.00,0,11
02/23/2024,RB533,DAM/NJF,Y,144,0,0,0,0,0,6,0.00,0 %,0.00,ACT,0.00,0,144
02/23/2024,RB534,NJF/DAM,C,11,0,0,0,0,0,11,0.00,0 %,0.00,ACT,0.00,0,11
02/23/2024,RB534,NJF/DAM,Y,144,0,0,0,0,0,9,0.00,0 %,0.00,ACT,0.00,0,144
02/24/2024,RB527,DAM/DOH,C,11,0,0,0,0,0,11,0.00,0 %,0.00,ACT,0.00,0,11
02/24/2024,RB527,DAM/DOH,Y,144,0,0,0,0,0,144,0.00,0 %,0.00,ACT,0.00,0,144
02/24/2024,RB526,DOH/DAM,C,11,0,0,0,0,0,3,0.00,0 %,0.00,ACT,0.00,0,11
02/24/2024,RB526,DOH/DAM,Y,144,0,0,0,0,0,18,0.00,0 %,0.00,ACT,0.00,0,144
02/24/2024,RB528,DOH/DAM,C,11,0,0,0,0,0,4,0.00,0 %,0.00,ACT,0.00,0,11
02/24/2024,RB528,DOH/DAM,Y,144,0,0,0,0,0,18,0.00,0 %,0.00,ACT,0.00,0,144
02/24/2024,RB521,DAM/DOH,C,11,0,0,0,0,0,10,0.00,0 %,0.00,ACT,0.00,0,11
02/24/2024,RB521,DAM/DOH,Y,144,0,0,0,0,0,6,0.00,0 %,0.00,ACT,0.00,0,144
02/24/2024,RB515,DAM/DXB,C,27,0,0,0,0,0,2,0.00,0 %,0.00,ACT,0.00,0,27
02/24/2024,RB515,DAM/DXB,Y,254,0,0,0,0,0,0,0.00,0 %,0.00,ACT,0.00,0,254
02/24/2024,RB201,DAM/CAI,C,11,0,0,0,0,0,0,0.00,0 %,0.00,ACT,0.00,0,11
02/24/2024,RB201,DAM/CAI,Y,144,0,0,0,0,0,4,0.00,0 %,0.00,ACT,0.00,0,144
02/24/2024,RB522,DOH/DAM,C,11,0,0,0,0,0,0,0.00,0 %,0.00,ACT,0.00,0,11
02/24/2024,RB522,DOH/DAM,Y,144,0,0,0,0,0,4,0.00,0 %,0.00,ACT,0.00,0,144
02/24/2024,RB202,CAI/DAM,C,11,0,0,0,0,0,4,0.00,0 %,0.00,ACT,0.00,0,11
02/24/2024,RB202,CAI/DAM,Y,144,0,0,0,0,0,0,0.00,0 %,0.00,ACT,0.00,0,144
02/24/2024,RB516,DXB/DAM,C,27,0,0,0,0,0,1,0.00,0 %,0.00,ACT,0.00,0,27
02/24/2024,RB516,DXB/DAM,Y,254,0,0,0,0,0,3,0.00,0 %,0.00,ACT,0.00,0,254
02/24/2024,RB341,DAM/KWI,C,11,0,0,0,0,0,8,0.00,0 %,0.00,ACT,0.00,0,11
02/24/2024,RB341,DAM/KWI,Y,144,0,0,0,0,0,39,0.00,0 %,0.00,ACT,0.00,0,144
02/24/2024,RB342,KWI/DAM,C,11,0,0,0,0,0,0,0.00,0 %,0.00,ACT,0.00,0,11
02/24/2024,RB342,KWI/DAM,Y,144,0,0,0,0,0,1,0.00,0 %,0.00,ACT,0.00,0,144
02/25/2024,RB441,DAM/VKO,C,11,0,0,0,0,0,3,0.00,0 %,0.00,ACT,0.00,0,11
02/25/2024,RB441,DAM/VKO,Y,96,0,0,0,0,0,80,0.00,0 %,0.00,ACT,0.00,0,96
02/25/2024,RB501,DAM/SHJ,C,27,0,0,0,0,0,15,0.00,0 %,0.00,ACT,0.00,0,27
02/25/2024,RB501,DAM/SHJ,Y,254,0,0,0,0,0,47,0.00,0 %,0.00,ACT,0.00,0,254
02/25/2024,RB502,SHJ/DAM,C,27,0,0,0,0,0,0,0.00,0 %,0.00,ACT,0.00,0,27
02/25/2024,RB502,SHJ/DAM,Y,254,0,0,0,0,0,6,0.00,0 %,0.00,ACT,0.00,0,254
02/25/2024,RB442,VKO/DAM,C,11,0,0,0,0,0,8,0.00,0 %,0.00,ACT,0.00,0,11
02/25/2024,RB442,VKO/DAM,Y,114,0,0,0,0,0,17,0.00,0 %,0.00,ACT,0.00,0,114
02/26/2024,RB0521,DAM/DOH,C,11,0,0,0,0,0,8,0.00,0 %,0.00,ACT,0.00,0,11
02/26/2024,RB0521,DAM/DOH,Y,144,0,0,0,0,0,57,0.00,0 %,0.00,ACT,0.00,0,144
02/26/2024,RB515,DAM/DXB,C,27,0,0,0,0,0,8,0.00,0 %,0.00,ACT,0.00,0,27
02/26/2024,RB515,DAM/DXB,Y,254,0,0,0,0,0,5,0.00,0 %,0.00,ACT,0.00,0,254
02/26/2024,RB522,DOH/DAM,C,11,0,0,0,0,0,0,0.00,0 %,0.00,ACT,0.00,0,11
02/26/2024,RB522,DOH/DAM,Y,144,0,0,0,0,0,1,0.00,0 %,0.00,ACT,0.00,0,144
02/26/2024,RB201,DAM/CAI,C,11,0,0,0,0,0,0,0.00,0 %,0.00,ACT,0.00,0,11
02/26/2024,RB201,DAM/CAI,Y,144,0,0,0,0,0,4,0.00,0 %,0.00,ACT,0.00,0,144
02/26/2024,RB202,CAI/DAM,C,11,0,0,0,0,0,9,0.00,0 %,0.00,ACT,0.00,0,11
02/26/2024,RB202,CAI/DAM,Y,144,0,0,0,0,0,42,0.00,0 %,0.00,ACT,0.00,0,144
02/26/2024,RB516,DXB/DAM,C,27,0,0,0,0,0,0,0.00,0 %,0.00,ACT,0.00,0,27
02/26/2024,RB516,DXB/DAM,Y,254,0,0,0,0,0,3,0.00,0 %,0.00,ACT,0.00,0,254
02/26/2024,RB531,DAM/BGW,C,11,0,0,0,0,0,11,0.00,0 %,0.00,ACT,0.00,0,11
02/26/2024,RB531,DAM/BGW,Y,144,0,0,0,0,0,64,0.00,0 %,0.00,ACT,0.00,0,144
02/26/2024,RB532,BGW/DAM,C,11,0,0,0,0,0,11,0.00,0 %,0.00,ACT,0.00,0,11
02/26/2024,RB532,BGW/DAM,Y,144,0,0,0,0,0,39,0.00,0 %,0.00,ACT,0.00,0,144
02/27/2024,RB501,DAM/SHJ,C,11,0,0,0,0,0,5,0.00,0 %,0.00,ACT,0.00,0,11
02/27/2024,RB501,DAM/SHJ,Y,144,0,0,0,0,0,4,0.00,0 %,0.00,ACT,0.00,0,144
02/27/2024,RB503,DAM/AUH,C,11,0,0,0,0,0,8,0.00,0 %,0.00,ACT,0.00,0,11
02/27/2024,RB503,DAM/AUH,Y,144,0,0,0,0,0,3,0.00,0 %,0.00,ACT,0.00,0,144
02/27/2024,RB502,SHJ/DAM,C,11,0,0,0,0,0,2,0.00,0 %,0.00,ACT,0.00,0,11
02/27/2024,RB502,SHJ/DAM,Y,144,0,0,0,0,0,9,0.00,0 %,0.00,ACT,0.00,0,144
02/27/2024,RB504,AUH/DAM,C,11,0,0,0,0,0,7,0.00,0 %,0.00,ACT,0.00,0,11
02/27/2024,RB504,AUH/DAM,Y,144,0,0,0,0,0,4,0.00,0 %,0.00,ACT,0.00,0,144
02/28/2024,RB521,DAM/DOH,C,11,0,0,0,0,0,9,0.00,0 %,0.00,ACT,0.00,0,11
02/28/2024,RB521,DAM/DOH,Y,144,0,0,0,0,0,7,0.00,0 %,0.00,ACT,0.00,0,144
02/28/2024,RB515,DAM/DXB,C,27,0,0,0,0,0,7,0.00,0 %,0.00,ACT,0.00,0,27
02/28/2024,RB515,DAM/DXB,Y,254,0,0,0,0,0,11,0.00,0 %,0.00,ACT,0.00,0,254
02/28/2024,RB522,DOH/DAM,C,11,0,0,0,0,0,2,0.00,0 %,0.00,ACT,0.00,0,11
02/28/2024,RB522,DOH/DAM,Y,144,0,0,0,0,0,7,0.00,0 %,0.00,ACT,0.00,0,144
02/28/2024,RB516,DXB/DAM,C,27,0,0,0,0,0,0,0.00,0 %,0.00,ACT,0.00,0,27
02/28/2024,RB516,DXB/DAM,Y,254,0,0,0,0,0,8,0.00,0 %,0.00,ACT,0.00,0,254
02/29/2024,RB515,DAM/DXB,C,27,0,0,0,0,0,15,0.00,0 %,0.00,ACT,0.00,0,27
02/29/2024,RB515,DAM/DXB,Y,254,0,0,0,0,0,24,0.00,0 %,0.00,ACT,0.00,0,254
02/29/2024,RB341,DAM/KWI,C,11,0,0,0,0,0,9,0.00,0 %,0.00,ACT,0.00,0,11
02/29/2024,RB341,DAM/KWI,Y,144,0,0,0,0,0,48,0.00,0 %,0.00,ACT,0.00,0,144
02/29/2024,RB0521,DAM/DOH,C,11,0,0,0,0,0,8,0.00,0 %,0.00,ACT,0.00,0,11
02/29/2024,RB0521,DAM/DOH,Y,144,0,0,0,0,0,33,0.00,0 %,0.00,ACT,0.00,0,144
02/29/2024,RB342,KWI/DAM,C,11,0,0,0,0,0,9,0.00,0 %,0.00,ACT,0.00,0,11
02/29/2024,RB342,KWI/DAM,Y,144,0,0,0,0,0,1,0.00,0 %,0.00,ACT,0.00,0,144
02/29/2024,RB516,DXB/DAM,C,27,0,0,0,0,0,0,0.00,0 %,0.00,ACT,0.00,0,27
02/29/2024,RB516,DXB/DAM,Y,254,0,0,0,0,0,6,0.00,0 %,0.00,ACT,0.00,0,254
02/29/2024,RB522,DOH/DAM,C,11,0,0,0,0,0,2,0.00,0 %,0.00,ACT,0.00,0,11
02/29/2024,RB522,DOH/DAM,Y,144,0,0,0,0,0,1,0.00,0 %,0.00,ACT,0.00,0,144
02/29/2024,RB201,DAM/CAI,C,11,0,0,0,0,0,2,0.00,0 %,0.00,ACT,0.00,0,11
02/29/2024,RB201,DAM/CAI,Y,144,0,0,0,0,0,2,0.00,0 %,0.00,ACT,0.00,0,144
02/29/2024,RB202,CAI/DAM,C,11,0,0,0,0,0,0,0.00,0 %,0.00,ACT,0.00,0,11
02/29/2024,RB202,CAI/DAM,Y,144,0,0,0,0,0,5,0.00,0 %,0.00,ACT,0.00,0,144
02/29/2024,RB531,DAM/BGW,C,11,0,0,0,0,0,11,0.00,0 %,0.00,ACT,0.00,0,11
02/29/2024,RB531,DAM/BGW,Y,144,0,0,0,0,0,2,0.00,0 %,0.00,ACT,0.00,0,144
02/29/2024,RB532,BGW/DAM,C,11,0,0,0,0,0,11,0.00,0 %,0.00,ACT,0.00,0,11
02/29/2024,RB532,BGW/DAM,Y,144,0,0,0,0,0,31,0.00,0 %,0.00,ACT,0.00,0,144
03/01/2024,RB121,DAM/KAC,C,11,0,0,0,0,0,5,0.00,0 %,0.00,ACT,0.00,0,11
03/01/2024,RB121,DAM/KAC,Y,144,0,0,0,0,0,5,0.00,0 %,0.00,ACT,0.00,0,144
03/01/2024,RB122,KAC/DAM,C,11,0,0,0,0,0,2,0.00,0 %,0.00,ACT,0.00,0,11
03/01/2024,RB122,KAC/DAM,Y,144,0,0,0,0,0,7,0.00,0 %,0.00,ACT,0.00,0,144
03/01/2024,RB501,DAM/SHJ,C,11,0,0,0,0,0,2,0.00,0 %,0.00,ACT,0.00,0,11
03/01/2024,RB501,DAM/SHJ,Y,144,0,0,0,0,0,4,0.00,0 %,0.00,ACT,0.00,0,144
03/01/2024,RB503,DAM/AUH,C,11,0,0,0,0,0,4,0.00,0 %,0.00,ACT,0.00,0,11
03/01/2024,RB503,DAM/AUH,Y,144,0,0,0,0,0,9,0.00,0 %,0.00,ACT,0.00,0,144
03/01/2024,RB502,SHJ/DAM,C,11,0,0,0,0,0,2,0.00,0 %,0.00,ACT,0.00,0,11
03/01/2024,RB502,SHJ/DAM,Y,144,0,0,0,0,0,16,0.00,0 %,0.00,ACT,0.00,0,144
03/01/2024,RB504,AUH/DAM,C,11,0,0,0,0,0,0,0.00,0 %,0.00,ACT,0.00,0,11
03/01/2024,RB504,AUH/DAM,Y,144,0,0,0,0,0,7,0.00,0 %,0.00,ACT,0.00,0,144
03/01/2024,RB533,DAM/NJF,C,11,0,0,0,0,0,11,0.00,0 %,0.00,ACT,0.00,0,11
03/01/2024,RB533,DAM/NJF,Y,144,0,0,0,0,0,8,0.00,0 %,0.00,ACT,0.00,0,144
03/01/2024,RB534,NJF/DAM,C,11,0,0,0,0,0,11,0.00,0 %,0.00,ACT,0.00,0,11
03/01/2024,RB534,NJF/DAM,Y,144,0,0,0,0,0,0,0.00,0 %,0.00,ACT,0.00,0,144
03/02/2024,RB521,DAM/DOH,C,11,0,0,0,0,0,0,0.00,0 %,0.00,ACT,0.00,0,11
03/02/2024,RB521,DAM/DOH,Y,144,0,0,0,0,0,1,0.00,0 %,0.00,ACT,0.00,0,144
03/02/2024,RB515,DAM/DXB,C,27,0,0,0,0,0,8,0.00,0 %,0.00,ACT,0.00,0,27
03/02/2024,RB515,DAM/DXB,Y,254,0,0,0,0,0,12,0.00,0 %,0.00,ACT,0.00,0,254
03/02/2024,RB201,DAM/CAI,C,11,0,0,0,0,0,0,0.00,0 %,0.00,ACT,0.00,0,11
03/02/2024,RB201,DAM/CAI,Y,144,0,0,0,0,0,25,0.00,0 %,0.00,ACT,0.00,0,144
03/02/2024,RB522,DOH/DAM,C,11,0,0,0,0,0,1,0.00,0 %,0.00,ACT,0.00,0,11
03/02/2024,RB522,DOH/DAM,Y,144,0,0,0,0,0,3,0.00,0 %,0.00,ACT,0.00,0,144
03/02/2024,RB202,CAI/DAM,C,11,0,0,0,0,0,3,0.00,0 %,0.00,ACT,0.00,0,11
03/02/2024,RB202,CAI/DAM,Y,144,0,0,0,0,0,2,0.00,0 %,0.00,ACT,0.00,0,144
03/02/2024,RB516,DXB/DAM,C,27,0,0,0,0,0,0,0.00,0 %,0.00,ACT,0.00,0,27
03/02/2024,RB516,DXB/DAM,Y,254,0,0,0,0,0,20,0.00,0 %,0.00,ACT,0.00,0,254
03/02/2024,RB341,DAM/KWI,C,11,0,0,0,0,0,3,0.00,0 %,0.00,ACT,0.00,0,11
03/02/2024,RB341,DAM/KWI,Y,144,0,0,0,0,0,1,0.00,0 %,0.00,ACT,0.00,0,144
03/02/2024,RB342,KWI/DAM,C,11,0,0,0,0,0,7,0.00,0 %,0.00,ACT,0.00,0,11
03/02/2024,RB342,KWI/DAM,Y,144,0,0,0,0,0,1,0.00,0 %,0.00,ACT,0.00,0,144
03/03/2024,RB441,DAM/VKO,C,11,0,0,0,0,0,9,0.00,0 %,0.00,ACT,0.00,0,11
03/03/2024,RB441,DAM/VKO,Y,96,0,0,0,0,0,53,0.00,0 %,0.00,ACT,0.00,0,96
03/03/2024,RB501,DAM/SHJ,C,27,0,0,0,0,0,15,0.00,0 %,0.00,ACT,0.00,0,27
03/03/2024,RB501,DAM/SHJ,Y,254,0,0,0,0,0,69,0.00,0 %,0.00,ACT,0.00,0,254
03/03/2024,RB201,DAM/CAI,C,11,0,0,0,0,0,9,0.00,0 %,0.00,ACT,0.00,0,11
03/03/2024,RB201,DAM/CAI,Y,144,0,0,0,0,0,63,0.00,0 %,0.00,ACT,0.00,0,144
03/03/2024,RB502,SHJ/DAM,C,27,0,0,0,0,0,12,0.00,0 %,0.00,ACT,0.00,0,27
03/03/2024,RB502,SHJ/DAM,Y,254,0,0,0,0,0,15,0.00,0 %,0.00,ACT,0.00,0,254
03/03/2024,RB442,VKO/DAM,C,11,0,0,0,0,0,5,0.00,0 %,0.00,ACT,0.00,0,11
03/03/2024,RB442,VKO/DAM,Y,114,0,0,0,0,0,30,0.00,0 %,0.00,ACT,0.00,0,114
03/04/2024,RB1515,DAM/DXB,C,11,0,0,0,0,0,0,0.00,0 %,0.00,ACT,0.00,0,11
03/04/2024,RB1515,DAM/DXB,Y,144,0,0,0,0,0,2,0.00,0 %,0.00,ACT,0.00,0,144
03/04/2024,RB515,DAM/DXB,C,11,0,0,0,0,0,0,0.00,0 %,0.00,ACT,0.00,0,11
03/04/2024,RB515,DAM/DXB,Y,144,0,0,0,0,0,4,0.00,0 %,0.00,ACT,0.00,0,144
03/04/2024,RB1516,DXB/DAM,C,11,0,0,0,0,0,0,0.00,0 %,0.00,ACT,0.00,0,11
03/04/2024,RB1516,DXB/DAM,Y,144,0,0,0,0,0,9,0.00,0 %,0.00,ACT,0.00,0,144
03/04/2024,RB516,DXB/DAM,C,11,0,0,0,0,0,0,0.00,0 %,0.00,ACT,0.00,0,11
03/04/2024,RB516,DXB/DAM,Y,144,0,0,0,0,0,6,0.00,0 %,0.00,ACT,0.00,0,144
03/04/2024,RB201,DAM/CAI,C,11,0,0,0,0,0,5,0.00,0 %,0.00,ACT,0.00,0,11
03/04/2024,RB201,DAM/CAI,Y,144,0,0,0,0,0,1,0.00,0 %,0.00,ACT,0.00,0,144
03/04/2024,RB531,DAM/BGW,C,11,0,0,0,0,0,11,0.00,0 %,0.00,ACT,0.00,0,11
03/04/2024,RB531,DAM/BGW,Y,144,0,0,0,0,0,39,0.00,0 %,0.00,ACT,0.00,0,144
03/04/2024,RB202,CAI/DAM,C,11,0,0,0,0,0,4,0.00,0 %,0.00,ACT,0.00,0,11
03/04/2024,RB202,CAI/DAM,Y,144,0,0,0,0,0,56,0.00,0 %,0.00,ACT,0.00,0,144
03/04/2024,RB532,BGW/DAM,C,11,0,0,0,0,0,11,0.00,0 %,0.00,ACT,0.00,0,11
03/04/2024,RB532,BGW/DAM,Y,144,0,0,0,0,0,0,0.00,0 %,0.00,ACT,0.00,0,144
03/05/2024,RB501,DAM/SHJ,C,11,0,0,0,0,0,7,0.00,0 %,0.00,ACT,0.00,0,11
03/05/2024,RB501,DAM/SHJ,Y,144,0,0,0,0,0,2,0.00,0 %,0.00,ACT,0.00,0,144
03/05/2024,RB503,DAM/AUH,C,11,0,0,0,0,0,2,0.00,0 %,0.00,ACT,0.00,0,11
03/05/2024,RB503,DAM/AUH,Y,144,0,0,0,0,0,4,0.00,0 %,0.00,ACT,0.00,0,144
03/05/2024,RB502,SHJ/DAM,C,11,0,0,0,0,0,1,0.00,0 %,0.00,ACT,0.00,0,11
03/05/2024,RB502,SHJ/DAM,Y,144,0,0,0,0,0,7,0.00,0 %,0.00,ACT,0.00,0,144
03/05/2024,RB504,AUH/DAM,C,11,0,0,0,0,0,3,0.00,0 %,0.00,ACT,0.00,0,11
03/05/2024,RB504,AUH/DAM,Y,144,0,0,0,0,0,12,0.00,0 %,0.00,ACT,0.00,0,144
03/06/2024,RB521,DAM/DOH,C,11,0,0,0,0,0,0,0.00,0 %,0.00,ACT,0.00,0,11
03/06/2024,RB521,DAM/DOH,Y,144,0,0,0,0,0,0,0.00,0 %,0.00,ACT,0.00,0,144
03/06/2024,RB515,DAM/DXB,C,28,0,0,0,0,0,0,0.00,0 %,0.00,ACT,0.00,0,28
03/06/2024,RB515,DAM/DXB,Y,254,0,0,0,0,0,49,0.00,0 %,0.00,ACT,0.00,0,254
03/06/2024,RB522,DOH/DAM,C,11,0,0,0,0,0,0,0.00,0 %,0.00,ACT,0.00,0,11
03/06/2024,RB522,DOH/DAM,Y,144,0,0,0,0,0,6,0.00,0 %,0.00,ACT,0.00,0,144
03/06/2024,RB201,DAM/CAI,C,11,0,0,0,0,0,0,0.00,0 %,0.00,ACT,0.00,0,11
03/06/2024,RB201,DAM/CAI,Y,144,0,0,0,0,0,2,0.00,0 %,0.00,ACT,0.00,0,144
03/06/2024,RB516,DXB/DAM,C,28,0,0,0,0,0,0,0.00,0 %,0.00,ACT,0.00,0,28
03/06/2024,RB516,DXB/DAM,Y,254,0,0,0,0,0,6,0.00,0 %,0.00,ACT,0.00,0,254
03/06/2024,RB202,CAI/DAM,C,11,0,0,0,0,0,10,0.00,0 %,0.00,ACT,0.00,0,11
03/06/2024,RB202,CAI/DAM,Y,144,0,0,0,0,0,40,0.00,0 %,0.00,ACT,0.00,0,144
03/07/2024,RB515,DAM/DXB,C,28,0,0,0,0,0,16,0.00,0 %,0.00,ACT,0.00,0,28
03/07/2024,RB515,DAM/DXB,Y,254,0,0,0,0,0,104,0.00,0 %,0.00,ACT,0.00,0,254
03/07/2024,RB341,DAM/KWI,C,11,0,0,0,0,0,10,0.00,0 %,0.00,ACT,0.00,0,11
03/07/2024,RB341,DAM/KWI,Y,144,0,0,0,0,0,77,0.00,0 %,0.00,ACT,0.00,0,144
03/07/2024,RB342,KWI/DAM,C,11,0,0,0,0,0,4,0.00,0 %,0.00,ACT,0.00,0,11
03/07/2024,RB342,KWI/DAM,Y,144,0,0,0,0,0,6,0.00,0 %,0.00,ACT,0.00,0,144
03/07/2024,RB516,DXB/DAM,C,28,0,0,0,0,0,1,0.00,0 %,0.00,ACT,0.00,0,28
03/07/2024,RB516,DXB/DAM,Y,254,0,0,0,0,0,0,0.00,0 %,0.00,ACT,0.00,0,254
03/07/2024,RB201,DAM/CAI,C,27,0,0,0,0,0,16,0.00,0 %,0.00,ACT,0.00,0,27
03/07/2024,RB201,DAM/CAI,Y,254,0,0,0,0,0,14,0.00,0 %,0.00,ACT,0.00,0,254
03/07/2024,RB531,DAM/BGW,C,11,0,0,0,0,0,11,0.00,0 %,0.00,ACT,0.00,0,11
03/07/2024,RB531,DAM/BGW,Y,144,0,0,0,0,0,18,0.00,0 %,0.00,ACT,0.00,0,144
03/07/2024,RB202,CAI/DAM,C,27,0,0,0,0,0,20,0.00,0 %,0.00,ACT,0.00,0,27
03/07/2024,RB202,CAI/DAM,Y,254,0,0,0,0,0,8,0.00,0 %,0.00,ACT,0.00,0,254
03/07/2024,RB532,BGW/DAM,C,11,0,0,0,0,0,11,0.00,0 %,0.00,ACT,0.00,0,11
03/07/2024,RB532,BGW/DAM,Y,144,0,0,0,0,0,61,0.00,0 %,0.00,ACT,0.00,0,144
03/08/2024,RB121,DAM/KAC,C,11,0,0,0,0,0,1,0.00,0 %,0.00,ACT,0.00,0,11
03/08/2024,RB121,DAM/KAC,Y,144,0,0,0,0,0,4,0.00,0 %,0.00,ACT,0.00,0,144
03/08/2024,RB122,KAC/DAM,C,11,0,0,0,0,0,9,0.00,0 %,0.00,ACT,0.00,0,11
03/08/2024,RB122,KAC/DAM,Y,144,0,0,0,0,0,23,0.00,0 %,0.00,ACT,0.00,0,144
03/08/2024,RB501,DAM/SHJ,C,11,0,0,0,0,0,9,0.00,0 %,0.00,ACT,0.00,0,11
03/08/2024,RB501,DAM/SHJ,Y,144,0,0,0,0,0,3,0.00,0 %,0.00,ACT,0.00,0,144
03/08/2024,RB503,DAM/AUH,C,11,0,0,0,0,0,5,0.00,0 %,0.00,ACT,0.00,0,11
03/08/2024,RB503,DAM/AUH,Y,144,0,0,0,0,0,1,0.00,0 %,0.00,ACT,0.00,0,144
03/08/2024,RB502,SHJ/DAM,C,11,0,0,0,0,0,5,0.00,0 %,0.00,ACT,0.00,0,11
03/08/2024,RB502,SHJ/DAM,Y,144,0,0,0,0,0,2,0.00,0 %,0.00,ACT,0.00,0,144
03/08/2024,RB504,AUH/DAM,C,11,0,0,0,0,0,3,0.00,0 %,0.00,ACT,0.00,0,11
03/08/2024,RB504,AUH/DAM,Y,144,0,0,0,0,0,2,0.00,0 %,0.00,ACT,0.00,0,144
03/08/2024,RB533,DAM/NJF,C,11,0,0,0,0,0,11,0.00,0 %,0.00,ACT,0.00,0,11
03/08/2024,RB533,DAM/NJF,Y,144,0,0,0,0,0,0,0.00,0 %,0.00,ACT,0.00,0,144
03/08/2024,RB534,NJF/DAM,C,11,0,0,0,0,0,11,0.00,0 %,0.00,ACT,0.00,0,11
03/08/2024,RB534,NJF/DAM,Y,144,0,0,0,0,0,144,0.00,0 %,0.00,ACT,0.00,0,144
03/09/2024,RB521,DAM/DOH,C,11,0,0,0,0,0,1,0.00,0 %,0.00,ACT,0.00,0,11
03/09/2024,RB521,DAM/DOH,Y,144,0,0,0,0,0,3,0.00,0 %,0.00,ACT,0.00,0,144
03/09/2024,RB515,DAM/DXB,C,28,0,0,0,0,0,0,0.00,0 %,0.00,ACT,0.00,0,28
03/09/2024,RB515,DAM/DXB,Y,254,0,0,0,0,0,60,0.00,0 %,0.00,ACT,0.00,0,254
03/09/2024,RB201,DAM/CAI,C,11,0,0,0,0,0,3,0.00,0 %,0.00,ACT,0.00,0,11
03/09/2024,RB201,DAM/CAI,Y,144,0,0,0,0,0,5,0.00,0 %,0.00,ACT,0.00,0,144
03/09/2024,RB522,DOH/DAM,C,11,0,0,0,0,0,0,0.00,0 %,0.00,ACT,0.00,0,11
03/09/2024,RB522,DOH/DAM,Y,144,0,0,0,0,0,0,0.00,0 %,0.00,ACT,0.00,0,144
03/09/2024,RB202,CAI/DAM,C,11,0,0,0,0,0,3,0.00,0 %,0.00,ACT,0.00,0,11
03/09/2024,RB202,CAI/DAM,Y,144,0,0,0,0,0,22,0.00,0 %,0.00,ACT,0.00,0,144
03/09/2024,RB516,DXB/DAM,C,28,0,0,0,0,0,1,0.00,0 %,0.00,ACT,0.00,0,28
03/09/2024,RB516,DXB/DAM,Y,254,0,0,0,0,0,12,0.00,0 %,0.00,ACT,0.00,0,254
03/09/2024,RB341,DAM/KWI,C,11,0,0,0,0,0,8,0.00,0 %,0.00,ACT,0.00,0,11
03/09/2024,RB341,DAM/KWI,Y,144,0,0,0,0,0,42,0.00,0 %,0.00,ACT,0.00,0,144
03/09/2024,RB342,KWI/DAM,C,11,0,0,0,0,0,7,0.00,0 %,0.00,ACT,0.00,0,11
03/09/2024,RB342,KWI/DAM,Y,89,0,0,0,0,0,0,0.00,0 %,0.00,ACT,0.00,0,89
03/10/2024,RB441,DAM/VKO,C,11,0,0,0,0,0,8,0.00,0 %,0.00,ACT,0.00,0,11
03/10/2024,RB441,DAM/VKO,Y,96,0,0,0,0,0,42,0.00,0 %,0.00,ACT,0.00,0,96
03/10/2024,RB501,DAM/SHJ,C,28,0,0,0,0,0,24,0.00,0 %,0.00,ACT,0.00,0,28
03/10/2024,RB501,DAM/SHJ,Y,254,0,0,0,0,0,134,0.00,0 %,0.00,ACT,0.00,0,254
03/10/2024,RB502,SHJ/DAM,C,28,0,0,0,0,0,6,0.00,0 %,0.00,ACT,0.00,0,28
03/10/2024,RB502,SHJ/DAM,Y,254,0,0,0,0,0,18,0.00,0 %,0.00,ACT,0.00,0,254
03/10/2024,RB442,VKO/DAM,C,11,0,0,0,0,0,7,0.00,0 %,0.00,ACT,0.00,0,11
03/10/2024,RB442,VKO/DAM,Y,114,0,0,0,0,0,74,0.00,0 %,0.00,ACT,0.00,0,114
03/11/2024,RB515,DAM/DXB,C,28,0,0,0,0,0,19,0.00,0 %,0.00,ACT,0.00,0,28
03/11/2024,RB515,DAM/DXB,Y,254,0,0,0,0,0,135,0.00,0 %,0.00,ACT,0.00,0,254
03/11/2024,RB201,DAM/CAI,C,11,0,0,0,0,0,5,0.00,0 %,0.00,ACT,0.00,0,11
03/11/2024,RB201,DAM/CAI,Y,144,0,0,0,0,0,2,0.00,0 %,0.00,ACT,0.00,0,144
03/11/2024,RB202,CAI/DAM,C,11,0,0,0,0,0,6,0.00,0 %,0.00,ACT,0.00,0,11
03/11/2024,RB202,CAI/DAM,Y,144,0,0,0,0,0,38,0.00,0 %,0.00,ACT,0.00,0,144
03/11/2024,RB516,DXB/DAM,C,28,0,0,0,0,0,1,0.00,0 %,0.00,ACT,0.00,0,28
03/11/2024,RB516,DXB/DAM,Y,254,0,0,0,0,0,21,0.00,0 %,0.00,ACT,0.00,0,254
03/11/2024,RB531,DAM/BGW,C,11,0,0,0,0,0,11,0.00,0 %,0.00,ACT,0.00,0,11
03/11/2024,RB531,DAM/BGW,Y,144,0,0,0,0,0,0,0.00,0 %,0.00,ACT,0.00,0,144
03/11/2024,RB532,BGW/DAM,C,11,0,0,0,0,0,11,0.00,0 %,0.00,ACT,0.00,0,11
03/11/2024,RB532,BGW/DAM,Y,144,0,0,0,0,0,114,0.00,0 %,0.00,ACT,0.00,0,144
03/12/2024,RB501,DAM/SHJ,C,11,0,0,0,0,0,9,0.00,0 %,0.00,ACT,0.00,0,11
03/12/2024,RB501,DAM/SHJ,Y,144,0,0,0,0,0,87,0.00,0 %,0.00,ACT,0.00,0,144
03/12/2024,RB503,DAM/AUH,C,11,0,0,0,0,0,6,0.00,0 %,0.00,ACT,0.00,0,11
03/12/2024,RB503,DAM/AUH,Y,144,0,0,0,0,0,62,0.00,0 %,0.00,ACT,0.00,0,144
03/12/2024,RB502,SHJ/DAM,C,11,0,0,0,0,0,0,0.00,0 %,0.00,ACT,0.00,0,11
03/12/2024,RB502,SHJ/DAM,Y,144,0,0,0,0,0,4,0.00,0 %,0.00,ACT,0.00,0,144
03/12/2024,RB504,AUH/DAM,C,11,0,0,0,0,0,7,0.00,0 %,0.00,ACT,0.00,0,11
03/12/2024,RB504,AUH/DAM,Y,144,0,0,0,0,0,13,0.00,0 %,0.00,ACT,0.00,0,144
03/13/2024,RB521,DAM/DOH,C,11,0,0,0,0,0,7,0.00,0 %,0.00,ACT,0.00,0,11
03/13/2024,RB521,DAM/DOH,Y,144,0,0,0,0,0,10,0.00,0 %,0.00,ACT,0.00,0,144
03/13/2024,RB522,DOH/DAM,C,11,0,0,0,0,0,1,0.00,0 %,0.00,ACT,0.00,0,11
03/13/2024,RB522,DOH/DAM,Y,144,0,0,0,0,0,13,0.00,0 %,0.00,ACT,0.00,0,144
03/13/2024,RB515,DAM/DXB,C,11,0,0,0,0,0,8,0.00,0 %,0.00,ACT,0.00,0,11
03/13/2024,RB515,DAM/DXB,Y,144,0,0,0,0,0,51,0.00,0 %,0.00,ACT,0.00,0,144
03/13/2024,RB516,DXB/DAM,C,11,0,0,0,0,0,0,0.00,0 %,0.00,ACT,0.00,0,11
03/13/2024,RB516,DXB/DAM,Y,144,0,0,0,0,0,16,0.00,0 %,0.00,ACT,0.00,0,144
03/14/2024,RB515,DAM/DXB,C,11,0,0,0,0,0,7,0.00,0 %,0.00,ACT,0.00,0,11
03/14/2024,RB515,DAM/DXB,Y,144,0,0,0,0,0,82,0.00,0 %,0.00,ACT,0.00,0,144
03/14/2024,RB1516,DXB/DAM,C,11,0,0,0,0,0,5,0.00,0 %,0.00,ACT,0.00,0,11
03/14/2024,RB1516,DXB/DAM,Y,144,0,0,0,0,0,43,0.00,0 %,0.00,ACT,0.00,0,144
03/14/2024,RB516,DXB/DAM,C,11,0,0,0,0,0,3,0.00,0 %,0.00,ACT,0.00,0,11
03/14/2024,RB516,DXB/DAM,Y,144,0,0,0,0,0,35,0.00,0 %,0.00,ACT,0.00,0,144
03/14/2024,RB201,DAM/CAI,C,11,0,0,0,0,0,4,0.00,0 %,0.00,ACT,0.00,0,11
03/14/2024,RB201,DAM/CAI,Y,144,0,0,0,0,0,16,0.00,0 %,0.00,ACT,0.00,0,144
03/14/2024,RB531,DAM/BGW,C,11,0,0,0,0,0,11,0.00,0 %,0.00,ACT,0.00,0,11
03/14/2024,RB531,DAM/BGW,Y,144,0,0,0,0,0,66,0.00,0 %,0.00,ACT,0.00,0,144
03/14/2024,RB202,CAI/DAM,C,11,0,0,0,0,0,10,0.00,0 %,0.00,ACT,0.00,0,11
03/14/2024,RB202,CAI/DAM,Y,144,0,0,0,0,0,6,0.00,0 %,0.00,ACT,0.00,0,144
03/14/2024,RB532,BGW/DAM,C,11,0,0,0,0,0,11,0.00,0 %,0.00,ACT,0.00,0,11
03/14/2024,RB532,BGW/DAM,Y,144,0,0,0,0,0,115,0.00,0 %,0.00,ACT,0.00,0,144
03/15/2024,RB121,DAM/KAC,C,11,0,0,0,0,0,10,0.00,0 %,0.00,ACT,0.00,0,11
03/15/2024,RB121,DAM/KAC,Y,144,0,0,0,0,0,14,0.00,0 %,0.00,ACT,0.00,0,144
03/15/2024,RB122,KAC/DAM,C,11,0,0,0,0,0,11,0.00,0 %,0.00,ACT,0.00,0,11
03/15/2024,RB122,KAC/DAM,Y,144,0,0,0,0,0,34,0.00,0 %,0.00,ACT,0.00,0,144
03/15/2024,RB501,DAM/SHJ,C,11,0,0,0,0,0,7,0.00,0 %,0.00,ACT,0.00,0,11
03/15/2024,RB501,DAM/SHJ,Y,144,0,0,0,0,0,70,0.00,0 %,0.00,ACT,0.00,0,144
03/15/2024,RB503,DAM/AUH,C,11,0,0,0,0,0,11,0.00,0 %,0.00,ACT,0.00,0,11
03/15/2024,RB503,DAM/AUH,Y,144,0,0,0,0,0,61,0.00,0 %,0.00,ACT,0.00,0,144
03/15/2024,RB502,SHJ/DAM,C,11,0,0,0,0,0,2,0.00,0 %,0.00,ACT,0.00,0,11
03/15/2024,RB502,SHJ/DAM,Y,144,0,0,0,0,0,8,0.00,0 %,0.00,ACT,0.00,0,144
03/15/2024,RB504,AUH/DAM,C,11,0,0,0,0,0,10,0.00,0 %,0.00,ACT,0.00,0,11
03/15/2024,RB504,AUH/DAM,Y,144,0,0,0,0,0,24,0.00,0 %,0.00,ACT,0.00,0,144
03/16/2024,RB521,DAM/DOH,C,11,0,0,0,0,0,8,0.00,0 %,0.00,ACT,0.00,0,11
03/16/2024,RB521,DAM/DOH,Y,144,0,0,0,0,0,36,0.00,0 %,0.00,ACT,0.00,0,144
03/16/2024,RB515,DAM/DXB,C,11,0,0,0,0,0,5,0.00,0 %,0.00,ACT,0.00,0,11
03/16/2024,RB515,DAM/DXB,Y,144,0,0,0,0,0,18,0.00,0 %,0.00,ACT,0.00,0,144
03/16/2024,RB522,DOH/DAM,C,11,0,0,0,0,0,8,0.00,0 %,0.00,ACT,0.00,0,11
03/16/2024,RB522,DOH/DAM,Y,144,0,0,0,0,0,20,0.00,0 %,0.00,ACT,0.00,0,144
03/16/2024,RB516,DXB/DAM,C,11,0,0,0,0,0,4,0.00,0 %,0.00,ACT,0.00,0,11
03/16/2024,RB516,DXB/DAM,Y,144,0,0,0,0,0,21,0.00,0 %,0.00,ACT,0.00,0,144
03/16/2024,RB201,DAM/CAI,C,11,0,0,0,0,0,3,0.00,0 %,0.00,ACT,0.00,0,11
03/16/2024,RB201,DAM/CAI,Y,144,0,0,0,0,0,64,0.00,0 %,0.00,ACT,0.00,0,144
03/16/2024,RB202,CAI/DAM,C,11,0,0,0,0,0,9,0.00,0 %,0.00,ACT,0.00,0,11
03/16/2024,RB202,CAI/DAM,Y,144,0,0,0,0,0,42,0.00,0 %,0.00,ACT,0.00,0,144
03/16/2024,RB1516,DXB/DAM,C,11,0,0,0,0,0,3,0.00,0 %,0.00,ACT,0.00,0,11
03/16/2024,RB1516,DXB/DAM,Y,144,0,0,0,0,0,68,0.00,0 %,0.00,ACT,0.00,0,144
03/17/2024,RB341,DAM/KWI,C,11,0,0,0,0,0,9,0.00,0 %,0.00,ACT,0.00,0,11
03/17/2024,RB341,DAM/KWI,Y,144,0,0,0,0,0,99,0.00,0 %,0.00,ACT,0.00,0,144
03/17/2024,RB342,KWI/DAM,C,11,0,0,0,0,0,11,0.00,0 %,0.00,ACT,0.00,0,11
03/17/2024,RB342,KWI/DAM,Y,144,0,0,0,0,0,76,0.00,0 %,0.00,ACT,0.00,0,144
03/17/2024,RB441,DAM/VKO,C,11,0,0,0,0,0,3,0.00,0 %,0.00,ACT,0.00,0,11
03/17/2024,RB441,DAM/VKO,Y,96,0,0,0,0,0,57,0.00,0 %,0.00,ACT,0.00,0,96
03/17/2024,RB501,DAM/SHJ,C,11,0,0,0,0,0,5,0.00,0 %,0.00,ACT,0.00,0,11
03/17/2024,RB501,DAM/SHJ,Y,144,0,0,0,0,0,76,0.00,0 %,0.00,ACT,0.00,0,144
03/17/2024,RB502,SHJ/DAM,C,11,0,0,0,0,0,10,0.00,0 %,0.00,ACT,0.00,0,11
03/17/2024,RB502,SHJ/DAM,Y,144,0,0,0,0,0,19,0.00,0 %,0.00,ACT,0.00,0,144
03/17/2024,RB442,VKO/DAM,C,11,0,0,0,0,0,4,0.00,0 %,0.00,ACT,0.00,0,11
03/17/2024,RB442,VKO/DAM,Y,114,0,0,0,0,0,66,0.00,0 %,0.00,ACT,0.00,0,114
03/18/2024,RB515,DAM/DXB,C,11,0,0,0,0,0,5,0.00,0 %,0.00,ACT,0.00,0,11
03/18/2024,RB515,DAM/DXB,Y,144,0,0,0,0,0,31,0.00,0 %,0.00,ACT,0.00,0,144
03/18/2024,RB201,DAM/CAI,C,11,0,0,0,0,0,10,0.00,0 %,0.00,ACT,0.00,0,11
03/18/2024,RB201,DAM/CAI,Y,144,0,0,0,0,0,48,0.00,0 %,0.00,ACT,0.00,0,144
03/18/2024,RB202,CAI/DAM,C,11,0,0,0,0,0,3,0.00,0 %,0.00,ACT,0.00,0,11
03/18/2024,RB202,CAI/DAM,Y,144,0,0,0,0,0,87,0.00,0 %,0.00,ACT,0.00,0,144
03/18/2024,RB516,DXB/DAM,C,11,0,0,0,0,0,2,0.00,0 %,0.00,ACT,0.00,0,11
03/18/2024,RB516,DXB/DAM,Y,144,0,0,0,0,0,23,0.00,0 %,0.00,ACT,0.00,0,144
03/19/2024,RB501,DAM/SHJ,C,11,0,0,0,0,0,11,0.00,0 %,0.00,ACT,0.00,0,11
03/19/2024,RB501,DAM/SHJ,Y,144,0,0,0,0,0,91,0.00,0 %,0.00,ACT,0.00,0,144
03/19/2024,RB503,DAM/AUH,C,11,0,0,0,0,0,10,0.00,0 %,0.00,ACT,0.00,0,11
03/19/2024,RB503,DAM/AUH,Y,144,0,0,0,0,0,88,0.00,0 %,0.00,ACT,0.00,0,144
03/19/2024,RB502,SHJ/DAM,C,11,0,0,0,0,0,3,0.00,0 %,0.00,ACT,0.00,0,11
03/19/2024,RB502,SHJ/DAM,Y,144,0,0,0,0,0,8,0.00,0 %,0.00,ACT,0.00,0,144
03/19/2024,RB504,AUH/DAM,C,11,0,0,0,0,0,10,0.00,0 %,0.00,ACT,0.00,0,11
03/19/2024,RB504,AUH/DAM,Y,144,0,0,0,0,0,32,0.00,0 %,0.00,ACT,0.00,0,144
03/20/2024,RB521,DAM/DOH,C,11,0,0,0,0,0,10,0.00,0 %,0.00,ACT,0.00,0,11
03/20/2024,RB521,DAM/DOH,Y,144,0,0,0,0,0,41,0.00,0 %,0.00,ACT,0.00,0,144
03/20/2024,RB515,DAM/DXB,C,11,0,0,0,0,0,5,0.00,0 %,0.00,ACT,0.00,0,11
03/20/2024,RB515,DAM/DXB,Y,144,0,0,0,0,0,47,0.00,0 %,0.00,ACT,0.00,0,144
03/20/2024,RB522,DOH/DAM,C,11,0,0,0,0,0,5,0.00,0 %,0.00,ACT,0.00,0,11
03/20/2024,RB522,DOH/DAM,Y,144,0,0,0,0,0,56,0.00,0 %,0.00,ACT,0.00,0,144
03/20/2024,RB516,DXB/DAM,C,11,0,0,0,0,0,0,0.00,0 %,0.00,ACT,0.00,0,11
03/20/2024,RB516,DXB/DAM,Y,144,0,0,0,0,0,17,0.00,0 %,0.00,ACT,0.00,0,144
03/21/2024,RB515,DAM/DXB,C,28,0,0,0,0,0,24,0.00,0 %,0.00,ACT,0.00,0,28
03/21/2024,RB515,DAM/DXB,Y,254,0,0,0,0,0,187,0.00,0 %,0.00,ACT,0.00,0,254
03/21/2024,RB341,DAM/KWI,C,11,0,0,0,0,0,10,0.00,0 %,0.00,ACT,0.00,0,11
03/21/2024,RB341,DAM/KWI,Y,144,0,0,0,0,0,99,0.00,0 %,0.00,ACT,0.00,0,144
03/21/2024,RB342,KWI/DAM,C,11,0,0,0,0,0,8,0.00,0 %,0.00,ACT,0.00,0,11
03/21/2024,RB342,KWI/DAM,Y,144,0,0,0,0,0,61,0.00,0 %,0.00,ACT,0.00,0,144
03/21/2024,RB516,DXB/DAM,C,28,0,0,0,0,0,10,0.00,0 %,0.00,ACT,0.00,0,28
03/21/2024,RB516,DXB/DAM,Y,254,0,0,0,0,0,119,0.00,0 %,0.00,ACT,0.00,0,254
03/21/2024,RB201,DAM/CAI,C,11,0,0,0,0,0,0,0.00,0 %,0.00,ACT,0.00,0,11
03/21/2024,RB201,DAM/CAI,Y,144,0,0,0,0,0,10,0.00,0 %,0.00,ACT,0.00,0,144
03/21/2024,RB202,CAI/DAM,C,11,0,0,0,0,0,9,0.00,0 %,0.00,ACT,0.00,0,11
03/21/2024,RB202,CAI/DAM,Y,144,0,0,0,0,0,29,0.00,0 %,0.00,ACT,0.00,0,144
03/22/2024,RB121,DAM/KAC,C,11,0,0,0,0,0,11,0.00,0 %,0.00,ACT,0.00,0,11
03/22/2024,RB121,DAM/KAC,Y,144,0,0,0,0,0,24,0.00,0 %,0.00,ACT,0.00,0,144
03/22/2024,RB122,KAC/DAM,C,11,0,0,0,0,0,8,0.00,0 %,0.00,ACT,0.00,0,11
03/22/2024,RB122,KAC/DAM,Y,144,0,0,0,0,0,22,0.00,0 %,0.00,ACT,0.00,0,144
03/22/2024,RB501,DAM/SHJ,C,11,0,0,0,0,0,8,0.00,0 %,0.00,ACT,0.00,0,11
03/22/2024,RB501,DAM/SHJ,Y,144,0,0,0,0,0,83,0.00,0 %,0.00,ACT,0.00,0,144
03/22/2024,RB503,DAM/AUH,C,11,0,0,0,0,0,11,0.00,0 %,0.00,ACT,0.00,0,11
03/22/2024,RB503,DAM/AUH,Y,144,0,0,0,0,0,70,0.00,0 %,0.00,ACT,0.00,0,144
03/22/2024,RB502,SHJ/DAM,C,11,0,0,0,0,0,0,0.00,0 %,0.00,ACT,0.00,0,11
03/22/2024,RB502,SHJ/DAM,Y,144,0,0,0,0,0,8,0.00,0 %,0.00,ACT,0.00,0,144
03/22/2024,RB504,AUH/DAM,C,11,0,0,0,0,0,2,0.00,0 %,0.00,ACT,0.00,0,11
03/22/2024,RB504,AUH/DAM,Y,144,0,0,0,0,0,15,0.00,0 %,0.00,ACT,0.00,0,144
03/23/2024,RB521,DAM/DOH,C,11,0,0,0,0,0,7,0.00,0 %,0.00,ACT,0.00,0,11
03/23/2024,RB521,DAM/DOH,Y,144,0,0,0,0,0,45,0.00,0 %,0.00,ACT,0.00,0,144
03/23/2024,RB515,DAM/DXB,C,28,0,0,0,0,0,12,0.00,0 %,0.00,ACT,0.00,0,28
03/23/2024,RB515,DAM/DXB,Y,254,0,0,0,0,0,127,0.00,0 %,0.00,ACT,0.00,0,254
03/23/2024,RB201,DAM/CAI,C,11,0,0,0,0,0,7,0.00,0 %,0.00,ACT,0.00,0,11
03/23/2024,RB201,DAM/CAI,Y,144,0,0,0,0,0,47,0.00,0 %,0.00,ACT,0.00,0,144
03/23/2024,RB522,DOH/DAM,C,11,0,0,0,0,0,4,0.00,0 %,0.00,ACT,0.00,0,11
03/23/2024,RB522,DOH/DAM,Y,144,0,0,0,0,0,61,0.00,0 %,0.00,ACT,0.00,0,144
03/23/2024,RB202,CAI/DAM,C,11,0,0,0,0,0,9,0.00,0 %,0.00,ACT,0.00,0,11
03/23/2024,RB202,CAI/DAM,Y,144,0,0,0,0,0,52,0.00,0 %,0.00,ACT,0.00,0,144
03/23/2024,RB516,DXB/DAM,C,28,0,0,0,0,0,15,0.00,0 %,0.00,ACT,0.00,0,28
03/23/2024,RB516,DXB/DAM,Y,254,0,0,0,0,0,29,0.00,0 %,0.00,ACT,0.00,0,254
03/24/2024,RB441,DAM/VKO,C,11,0,0,0,0,0,3,0.00,0 %,0.00,ACT,0.00,0,11
03/24/2024,RB441,DAM/VKO,Y,96,0,0,0,0,0,37,0.00,0 %,0.00,ACT,0.00,0,96
03/24/2024,RB501,DAM/SHJ,C,28,0,0,0,0,0,22,0.00,0 %,0.00,ACT,0.00,0,28
03/24/2024,RB501,DAM/SHJ,Y,254,0,0,0,0,0,198,0.00,0 %,0.00,ACT,0.00,0,254
03/24/2024,RB502,SHJ/DAM,C,28,0,0,0,0,0,17,0.00,0 %,0.00,ACT,0.00,0,28
03/24/2024,RB502,SHJ/DAM,Y,254,0,0,0,0,0,108,0.00,0 %,0.00,ACT,0.00,0,254
03/24/2024,RB442,VKO/DAM,C,11,0,0,0,0,0,7,0.00,0 %,0.00,ACT,0.00,0,11
03/24/2024,RB442,VKO/DAM,Y,114,0,0,0,0,0,49,0.00,0 %,0.00,ACT,0.00,0,114
03/25/2024,RB515,DAM/DXB,C,28,0,0,0,0,0,21,0.00,0 %,0.00,ACT,0.00,0,28
03/25/2024,RB515,DAM/DXB,Y,254,0,0,0,0,0,124,0.00,0 %,0.00,ACT,0.00,0,254
03/25/2024,RB201,DAM/CAI,C,11,0,0,0,0,0,11,0.00,0 %,0.00,ACT,0.00,0,11
03/25/2024,RB201,DAM/CAI,Y,144,0,0,0,0,0,41,0.00,0 %,0.00,ACT,0.00,0,144
03/25/2024,RB202,CAI/DAM,C,11,0,0,0,0,0,8,0.00,0 %,0.00,ACT,0.00,0,11
03/25/2024,RB202,CAI/DAM,Y,144,0,0,0,0,0,71,0.00,0 %,0.00,ACT,0.00,0,144
03/25/2024,RB516,DXB/DAM,C,28,0,0,0,0,0,21,0.00,0 %,0.00,ACT,0.00,0,28
03/25/2024,RB516,DXB/DAM,Y,254,0,0,0,0,0,100,0.00,0 %,0.00,ACT,0.00,0,254
03/26/2024,RB501,DAM/SHJ,C,11,0,0,0,0,0,6,0.00,0 %,0.00,ACT,0.00,0,11
03/26/2024,RB501,DAM/SHJ,Y,144,0,0,0,0,0,81,0.00,0 %,0.00,ACT,0.00,0,144
03/26/2024,RB503,DAM/AUH,C,11,0,0,0,0,0,9,0.00,0 %,0.00,ACT,0.00,0,11
03/26/2024,RB503,DAM/AUH,Y,144,0,0,0,0,0,67,0.00,0 %,0.00,ACT,0.00,0,144
03/26/2024,RB502,SHJ/DAM,C,11,0,0,0,0,0,9,0.00,0 %,0.00,ACT,0.00,0,11
03/26/2024,RB502,SHJ/DAM,Y,144,0,0,0,0,0,13,0.00,0 %,0.00,ACT,0.00,0,144
03/26/2024,RB504,AUH/DAM,C,11,0,0,0,0,0,10,0.00,0 %,0.00,ACT,0.00,0,11
03/26/2024,RB504,AUH/DAM,Y,144,0,0,0,0,0,21,0.00,0 %,0.00,ACT,0.00,0,144
03/27/2024,RB0521,DAM/DOH,C,11,0,0,0,0,0,6,0.00,0 %,0.00,ACT,0.00,0,11
03/27/2024,RB0521,DAM/DOH,Y,144,0,0,0,0,0,34,0.00,0 %,0.00,ACT,0.00,0,144
03/27/2024,RB515,DAM/DXB,C,28,0,0,0,0,0,15,0.00,0 %,0.00,ACT,0.00,0,28
03/27/2024,RB515,DAM/DXB,Y,254,0,0,0,0,0,127,0.00,0 %,0.00,ACT,0.00,0,254
03/27/2024,RB522,DOH/DAM,C,11,0,0,0,0,0,6,0.00,0 %,0.00,ACT,0.00,0,11
03/27/2024,RB522,DOH/DAM,Y,144,0,0,0,0,0,29,0.00,0 %,0.00,ACT,0.00,0,144
03/27/2024,RB516,DXB/DAM,C,28,0,0,0,0,0,17,0.00,0 %,0.00,ACT,0.00,0,28
03/27/2024,RB516,DXB/DAM,Y,254,0,0,0,0,0,87,0.00,0 %,0.00,ACT,0.00,0,254
03/28/2024,RB515,DAM/DXB,C,28,0,0,0,0,0,22,0.00,0 %,0.00,ACT,0.00,0,28
03/28/2024,RB515,DAM/DXB,Y,254,0,0,0,0,0,153,0.00,0 %,0.00,ACT,0.00,0,254
03/28/2024,RB341,DAM/KWI,C,11,0,0,0,0,0,10,0.00,0 %,0.00,ACT,0.00,0,11
03/28/2024,RB341,DAM/KWI,Y,144,0,0,0,0,0,93,0.00,0 %,0.00,ACT,0.00,0,144
03/28/2024,RB342,KWI/DAM,C,11,0,0,0,0,0,5,0.00,0 %,0.00,ACT,0.00,0,11
03/28/2024,RB342,KWI/DAM,Y,144,0,0,0,0,0,21,0.00,0 %,0.00,ACT,0.00,0,144
03/28/2024,RB516,DXB/DAM,C,28,0,0,0,0,0,11,0.00,0 %,0.00,ACT,0.00,0,28
03/28/2024,RB516,DXB/DAM,Y,254,0,0,0,0,0,59,0.00,0 %,0.00,ACT,0.00,0,254
03/28/2024,RB201,DAM/CAI,C,11,0,0,0,0,0,5,0.00,0 %,0.00,ACT,0.00,0,11
03/28/2024,RB201,DAM/CAI,Y,144,0,0,0,0,0,8,0.00,0 %,0.00,ACT,0.00,0,144
03/28/2024,RB202,CAI/DAM,C,11,0,0,0,0,0,6,0.00,0 %,0.00,ACT,0.00,0,11
03/28/2024,RB202,CAI/DAM,Y,144,0,0,0,0,0,27,0.00,0 %,0.00,ACT,0.00,0,144
03/29/2024,RB121,DAM/KAC,C,11,0,0,0,0,0,11,0.00,0 %,0.00,ACT,0.00,0,11
03/29/2024,RB121,DAM/KAC,Y,144,0,0,0,0,0,6,0.00,0 %,0.00,ACT,0.00,0,144
03/29/2024,RB122,KAC/DAM,C,11,0,0,0,0,0,10,0.00,0 %,0.00,ACT,0.00,0,11
03/29/2024,RB122,KAC/DAM,Y,144,0,0,0,0,0,42,0.00,0 %,0.00,ACT,0.00,0,144
03/29/2024,RB0501,DAM/SHJ,C,11,0,0,0,0,0,8,0.00,0 %,0.00,ACT,0.00,0,11
03/29/2024,RB0501,DAM/SHJ,Y,144,0,0,0,0,0,71,0.00,0 %,0.00,ACT,0.00,0,144
03/29/2024,RB503,DAM/AUH,C,11,0,0,0,0,0,9,0.00,0 %,0.00,ACT,0.00,0,11
03/29/2024,RB503,DAM/AUH,Y,144,0,0,0,0,0,55,0.00,0 %,0.00,ACT,0.00,0,144
03/29/2024,RB502,SHJ/DAM,C,11,0,0,0,0,0,5,0.00,0 %,0.00,ACT,0.00,0,11
03/29/2024,RB502,SHJ/DAM,Y,144,0,0,0,0,0,13,0.00,0 %,0.00,ACT,0.00,0,144
03/29/2024,RB504,AUH/DAM,C,11,0,0,0,0,0,2,0.00,0 %,0.00,ACT,0.00,0,11
03/29/2024,RB504,AUH/DAM,Y,144,0,0,0,0,0,5,0.00,0 %,0.00,ACT,0.00,0,144
03/30/2024,RB0521,DAM/DOH,C,11,0,0,0,0,0,8,0.00,0 %,0.00,ACT,0.00,0,11
03/30/2024,RB0521,DAM/DOH,Y,144,0,0,0,0,0,30,0.00,0 %,0.00,ACT,0.00,0,144
03/30/2024,RB515,DAM/DXB,C,28,0,0,0,0,0,20,0.00,0 %,0.00,ACT,0.00,0,28
03/30/2024,RB515,DAM/DXB,Y,254,0,0,0,0,0,100,0.00,0 %,0.00,ACT,0.00,0,254
03/30/2024,RB201,DAM/CAI,C,11,0,0,0,0,0,4,0.00,0 %,0.00,ACT,0.00,0,11
03/30/2024,RB201,DAM/CAI,Y,144,0,0,0,0,0,13,0.00,0 %,0.00,ACT,0.00,0,144
03/30/2024,RB522,DOH/DAM,C,11,0,0,0,0,0,6,0.00,0 %,0.00,ACT,0.00,0,11
03/30/2024,RB522,DOH/DAM,Y,144,0,0,0,0,0,30,0.00,0 %,0.00,ACT,0.00,0,144
03/30/2024,RB202,CAI/DAM,C,11,0,0,0,0,0,6,0.00,0 %,0.00,ACT,0.00,0,11
03/30/2024,RB202,CAI/DAM,Y,144,0,0,0,0,0,21,0.00,0 %,0.00,ACT,0.00,0,144
03/30/2024,RB516,DXB/DAM,C,28,0,0,0,0,0,5,0.00,0 %,0.00,ACT,0.00,0,28
03/30/2024,RB516,DXB/DAM,Y,254,0,0,0,0,0,66,0.00,0 %,0.00,ACT,0.00,0,254
03/31/2024,RB501,DAM/SHJ,C,11,0,0,0,0,0,7,0.00,0 %,0.00,ACT,0.00,0,11
03/31/2024,RB501,DAM/SHJ,Y,144,0,0,0,0,0,38,0.00,0 %,0.00,ACT,0.00,0,144
03/31/2024,RB441,DAM/VKO,C,11,0,0,0,0,0,2,0.00,0 %,0.00,ACT,0.00,0,11
03/31/2024,RB441,DAM/VKO,Y,96,0,0,0,0,0,44,0.00,0 %,0.00,ACT,0.00,0,96
03/31/2024,RB502,SHJ/DAM,C,11,0,0,0,0,0,3,0.00,0 %,0.00,ACT,0.00,0,11
03/31/2024,RB502,SHJ/DAM,Y,144,0,0,0,0,0,4,0.00,0 %,0.00,ACT,0.00,0,144
03/31/2024,RB442,VKO/DAM,C,11,0,0,0,0,0,6,0.00,0 %,0.00,ACT,0.00,0,11
03/31/2024,RB442,VKO/DAM,Y,114,0,0,0,0,0,31,0.00,0 %,0.00,ACT,0.00,0,114
04/01/2024,RB515,DAM/DXB,C,28,0,0,0,0,0,21,0.00,0 %,0.00,ACT,0.00,0,28
04/01/2024,RB515,DAM/DXB,Y,254,0,0,0,0,0,167,0.00,0 %,0.00,ACT,0.00,0,254
04/01/2024,RB516,DXB/DAM,C,28,0,0,0,0,0,8,0.00,0 %,0.00,ACT,0.00,0,28
04/01/2024,RB516,DXB/DAM,Y,254,0,0,0,0,0,37,0.00,0 %,0.00,ACT,0.00,0,254
04/01/2024,RB201,DAM/CAI,C,11,0,0,0,0,0,11,0.00,0 %,0.00,ACT,0.00,0,11
04/01/2024,RB201,DAM/CAI,Y,144,0,0,0,0,0,76,0.00,0 %,0.00,ACT,0.00,0,144
04/01/2024,RB202,CAI/DAM,C,11,0,0,0,0,0,0,0.00,0 %,0.00,ACT,0.00,0,11
04/01/2024,RB202,CAI/DAM,Y,144,0,0,0,0,0,7,0.00,0 %,0.00,ACT,0.00,0,144
04/02/2024,RB503,DAM/AUH,C,11,0,0,0,0,0,10,0.00,0 %,0.00,ACT,0.00,0,11
04/02/2024,RB503,DAM/AUH,Y,144,0,0,0,0,0,98,0.00,0 %,0.00,ACT,0.00,0,144
04/02/2024,RB501,DAM/SHJ,C,11,0,0,0,0,0,3,0.00,0 %,0.00,ACT,0.00,0,11
04/02/2024,RB501,DAM/SHJ,Y,144,0,0,0,0,0,91,0.00,0 %,0.00,ACT,0.00,0,144
04/02/2024,RB504,AUH/DAM,C,11,0,0,0,0,0,7,0.00,0 %,0.00,ACT,0.00,0,11
04/02/2024,RB504,AUH/DAM,Y,144,0,0,0,0,0,9,0.00,0 %,0.00,ACT,0.00,0,144
04/02/2024,RB502,SHJ/DAM,C,11,0,0,0,0,0,7,0.00,0 %,0.00,ACT,0.00,0,11
04/02/2024,RB502,SHJ/DAM,Y,144,0,0,0,0,0,49,0.00,0 %,0.00,ACT,0.00,0,144
04/03/2024,RB515,DAM/DXB,C,28,0,0,0,0,0,8,0.00,0 %,0.00,ACT,0.00,0,28
04/03/2024,RB515,DAM/DXB,Y,254,0,0,0,0,0,143,0.00,0 %,0.00,ACT,0.00,0,254
04/03/2024,RB521,DAM/DOH,C,11,0,0,0,0,0,7,0.00,0 %,0.00,ACT,0.00,0,11
04/03/2024,RB521,DAM/DOH,Y,144,0,0,0,0,0,89,0.00,0 %,0.00,ACT,0.00,0,144
04/03/2024,RB522,DOH/DAM,C,11,0,0,0,0,0,1,0.00,0 %,0.00,ACT,0.00,0,11
04/03/2024,RB522,DOH/DAM,Y,144,0,0,0,0,0,15,0.00,0 %,0.00,ACT,0.00,0,144
04/03/2024,RB516,DXB/DAM,C,28,0,0,0,0,0,0,0.00,0 %,0.00,ACT,0.00,0,28
04/03/2024,RB516,DXB/DAM,Y,254,0,0,0,0,0,61,0.00,0 %,0.00,ACT,0.00,0,254
04/03/2024,RB201,DAM/CAI,C,11,0,0,0,0,0,10,0.00,0 %,0.00,ACT,0.00,0,11
04/03/2024,RB201,DAM/CAI,Y,144,0,0,0,0,0,50,0.00,0 %,0.00,ACT,0.00,0,144
04/03/2024,RB202,CAI/DAM,C,11,0,0,0,0,0,7,0.00,0 %,0.00,ACT,0.00,0,11
04/03/2024,RB202,CAI/DAM,Y,144,0,0,0,0,0,0,0.00,0 %,0.00,ACT,0.00,0,144
04/04/2024,RB515,DAM/DXB,C,28,0,0,0,0,0,12,0.00,0 %,0.00,ACT,0.00,0,28
04/04/2024,RB515,DAM/DXB,Y,254,0,0,0,0,0,126,0.00,0 %,0.00,ACT,0.00,0,254
04/04/2024,RB341,DAM/KWI,C,11,0,0,0,0,0,11,0.00,0 %,0.00,ACT,0.00,0,11
04/04/2024,RB341,DAM/KWI,Y,144,0,0,0,0,0,93,0.00,0 %,0.00,ACT,0.00,0,144
04/04/2024,RB521,DAM/DOH,C,11,0,0,0,0,0,11,0.00,0 %,0.00,ACT,0.00,0,11
04/04/2024,RB521,DAM/DOH,Y,144,0,0,0,0,0,84,0.00,0 %,0.00,ACT,0.00,0,144
04/04/2024,RB342,KWI/DAM,C,11,0,0,0,0,0,10,0.00,0 %,0.00,ACT,0.00,0,11
04/04/2024,RB342,KWI/DAM,Y,144,0,0,0,0,0,6,0.00,0 %,0.00,ACT,0.00,0,144
04/04/2024,RB522,DOH/DAM,C,11,0,0,0,0,0,0,0.00,0 %,0.00,ACT,0.00,0,11
04/04/2024,RB522,DOH/DAM,Y,144,0,0,0,0,0,0,0.00,0 %,0.00,ACT,0.00,0,144
04/04/2024,RB516,DXB/DAM,C,28,0,0,0,0,0,18,0.00,0 %,0.00,ACT,0.00,0,28
04/04/2024,RB516,DXB/DAM,Y,254,0,0,0,0,0,9,0.00,0 %,0.00,ACT,0.00,0,254
04/05/2024,RB121,DAM/KAC,C,11,0,0,0,0,0,0,0.00,0 %,0.00,ACT,0.00,0,11
04/05/2024,RB121,DAM/KAC,Y,144,0,0,0,0,0,6,0.00,0 %,0.00,ACT,0.00,0,144
04/05/2024,RB122,KAC/DAM,C,11,0,0,0,0,0,10,0.00,0 %,0.00,ACT,0.00,0,11
04/05/2024,RB122,KAC/DAM,Y,144,0,0,0,0,0,38,0.00,0 %,0.00,ACT,0.00,0,144
04/05/2024,RB501,DAM/SHJ,C,11,0,0,0,0,0,1,0.00,0 %,0.00,ACT,0.00,0,11
04/05/2024,RB501,DAM/SHJ,Y,144,0,0,0,0,0,53,0.00,0 %,0.00,ACT,0.00,0,144
04/05/2024,RB503,DAM/AUH,C,11,0,0,0,0,0,6,0.00,0 %,0.00,ACT,0.00,0,11
04/05/2024,RB503,DAM/AUH,Y,144,0,0,0,0,0,41,0.00,0 %,0.00,ACT,0.00,0,144
04/05/2024,RB502,SHJ/DAM,C,11,0,0,0,0,0,2,0.00,0 %,0.00,ACT,0.00,0,11
04/05/2024,RB502,SHJ/DAM,Y,144,0,0,0,0,0,3,0.00,0 %,0.00,ACT,0.00,0,144
04/05/2024,RB504,AUH/DAM,C,11,0,0,0,0,0,7,0.00,0 %,0.00,ACT,0.00,0,11
04/05/2024,RB504,AUH/DAM,Y,144,0,0,0,0,0,3,0.00,0 %,0.00,ACT,0.00,0,144
04/06/2024,RB515,DAM/DXB,C,28,0,0,0,0,0,20,0.00,0 %,0.00,ACT,0.00,0,28
04/06/2024,RB515,DAM/DXB,Y,254,0,0,0,0,0,94,0.00,0 %,0.00,ACT,0.00,0,254
04/06/2024,RB201,DAM/CAI,C,11,0,0,0,0,0,8,0.00,0 %,0.00,ACT,0.00,0,11
04/06/2024,RB201,DAM/CAI,Y,144,0,0,0,0,0,29,0.00,0 %,0.00,ACT,0.00,0,144
04/06/2024,RB521,DAM/DOH,C,11,0,0,0,0,0,10,0.00,0 %,0.00,ACT,0.00,0,11
04/06/2024,RB521,DAM/DOH,Y,144,0,0,0,0,0,32,0.00,0 %,0.00,ACT,0.00,0,144
04/06/2024,RB202,CAI/DAM,C,11,0,0,0,0,0,2,0.00,0 %,0.00,ACT,0.00,0,11
04/06/2024,RB202,CAI/DAM,Y,144,0,0,0,0,0,4,0.00,0 %,0.00,ACT,0.00,0,144
04/06/2024,RB522,DOH/DAM,C,11,0,0,0,0,0,0,0.00,0 %,0.00,ACT,0.00,0,11
04/06/2024,RB522,DOH/DAM,Y,144,0,0,0,0,0,2,0.00,0 %,0.00,ACT,0.00,0,144
04/06/2024,RB516,DXB/DAM,C,28,0,0,0,0,0,4,0.00,0 %,0.00,ACT,0.00,0,28
04/06/2024,RB516,DXB/DAM,Y,254,0,0,0,0,0,0,0.00,0 %,0.00,ACT,0.00,0,254
04/06/2024,RB341,DAM/KWI,C,11,0,0,0,0,0,11,0.00,0 %,0.00,ACT,0.00,0,11
04/06/2024,RB341,DAM/KWI,Y,144,0,0,0,0,0,88,0.00,0 %,0.00,ACT,0.00,0,144
04/06/2024,RB342,KWI/DAM,C,11,0,0,0,0,0,6,0.00,0 %,0.00,ACT,0.00,0,11
04/06/2024,RB342,KWI/DAM,Y,144,0,0,0,0,0,4,0.00,0 %,0.00,ACT,0.00,0,144
04/07/2024,RB501,DAM/SHJ,C,28,0,0,0,0,0,16,0.00,0 %,0.00,ACT,0.00,0,28
04/07/2024,RB501,DAM/SHJ,Y,254,0,0,0,0,0,130,0.00,0 %,0.00,ACT,0.00,0,254
04/07/2024,RB441,DAM/VKO,C,11,0,0,0,0,0,8,0.00,0 %,0.00,ACT,0.00,0,11
04/07/2024,RB441,DAM/VKO,Y,96,0,0,0,0,0,22,0.00,0 %,0.00,ACT,0.00,0,96
04/07/2024,RB502,SHJ/DAM,C,28,0,0,0,0,0,2,0.00,0 %,0.00,ACT,0.00,0,28
04/07/2024,RB502,SHJ/DAM,Y,254,0,0,0,0,0,2,0.00,0 %,0.00,ACT,0.00,0,254
04/07/2024,RB442,VKO/DAM,C,11,0,0,0,0,0,3,0.00,0 %,0.00,ACT,0.00,0,11
04/07/2024,RB442,VKO/DAM,Y,114,0,0,0,0,0,19,0.00,0 %,0.00,ACT,0.00,0,114
04/08/2024,RB515,DAM/DXB,C,28,0,0,0,0,0,21,0.00,0 %,0.00,ACT,0.00,0,28
04/08/2024,RB515,DAM/DXB,Y,254,0,0,0,0,0,88,0.00,0 %,0.00,ACT,0.00,0,254
04/08/2024,RB516,DXB/DAM,C,28,0,0,0,0,0,0,0.00,0 %,0.00,ACT,0.00,0,28
04/08/2024,RB516,DXB/DAM,Y,254,0,0,0,0,0,6,0.00,0 %,0.00,ACT,0.00,0,254
04/08/2024,RB201,DAM/CAI,C,11,0,0,0,0,0,5,0.00,0 %,0.00,ACT,0.00,0,11
04/08/2024,RB201,DAM/CAI,Y,144,0,0,0,0,0,22,0.00,0 %,0.00,ACT,0.00,0,144
04/08/2024,RB202,CAI/DAM,C,11,0,0,0,0,0,0,0.00,0 %,0.00,ACT,0.00,0,11
04/08/2024,RB202,CAI/DAM,Y,144,0,0,0,0,0,0,0.00,0 %,0.00,ACT,0.00,0,144
04/08/2024,RB531,DAM/BGW,C,11,0,0,0,0,0,11,0.00,0 %,0.00,ACT,0.00,0,11
04/08/2024,RB531,DAM/BGW,Y,144,0,0,0,0,0,142,0.00,0 %,0.00,ACT,0.00,0,144
04/08/2024,RB532,BGW/DAM,C,11,0,0,0,0,0,11,0.00,0 %,0.00,ACT,0.00,0,11
04/08/2024,RB532,BGW/DAM,Y,144,0,0,0,0,0,0,0.00,0 %,0.00,ACT,0.00,0,144
04/09/2024,RB503,DAM/AUH,C,11,0,0,0,0,0,8,0.00,0 %,0.00,ACT,0.00,0,11
04/09/2024,RB503,DAM/AUH,Y,144,0,0,0,0,0,81,0.00,0 %,0.00,ACT,0.00,0,144
04/09/2024,RB501,DAM/SHJ,C,11,0,0,0,0,0,4,0.00,0 %,0.00,ACT,0.00,0,11
04/09/2024,RB501,DAM/SHJ,Y,144,0,0,0,0,0,78,0.00,0 %,0.00,ACT,0.00,0,144
04/09/2024,RB504,AUH/DAM,C,11,0,0,0,0,0,7,0.00,0 %,0.00,ACT,0.00,0,11
04/09/2024,RB504,AUH/DAM,Y,144,0,0,0,0,0,14,0.00,0 %,0.00,ACT,0.00,0,144
04/09/2024,RB341,DAM/KWI,C,11,0,0,0,0,0,11,0.00,0 %,0.00,ACT,0.00,0,11
04/09/2024,RB341,DAM/KWI,Y,144,0,0,0,0,0,120,0.00,0 %,0.00,ACT,0.00,0,144
04/09/2024,RB502,SHJ/DAM,C,11,0,0,0,0,0,0,0.00,0 %,0.00,ACT,0.00,0,11
04/09/2024,RB502,SHJ/DAM,Y,144,0,0,0,0,0,0,0.00,0 %,0.00,ACT,0.00,0,144
04/09/2024,RB342,KWI/DAM,C,11,0,0,0,0,0,4,0.00,0 %,0.00,ACT,0.00,0,11
04/09/2024,RB342,KWI/DAM,Y,144,0,0,0,0,0,36,0.00,0 %,0.00,ACT,0.00,0,144
04/09/2024,RB533,DAM/NJF,C,11,0,0,0,0,0,11,0.00,0 %,0.00,ACT,0.00,0,11
04/09/2024,RB533,DAM/NJF,Y,144,0,0,0,0,0,144,0.00,0 %,0.00,ACT,0.00,0,144
04/09/2024,RB534,NJF/DAM,C,11,0,0,0,0,0,11,0.00,0 %,0.00,ACT,0.00,0,11
04/09/2024,RB534,NJF/DAM,Y,144,0,0,0,0,0,19,0.00,0 %,0.00,ACT,0.00,0,144
04/10/2024,RB515,DAM/DXB,C,28,0,0,0,0,0,1,0.00,0 %,0.00,ACT,0.00,0,28
04/10/2024,RB515,DAM/DXB,Y,254,0,0,0,0,0,91,0.00,0 %,0.00,ACT,0.00,0,254
04/10/2024,RB521,DAM/DOH,C,11,0,0,0,0,0,11,0.00,0 %,0.00,ACT,0.00,0,11
04/10/2024,RB521,DAM/DOH,Y,144,0,0,0,0,0,97,0.00,0 %,0.00,ACT,0.00,0,144
04/10/2024,RB522,DOH/DAM,C,11,0,0,0,0,0,0,0.00,0 %,0.00,ACT,0.00,0,11
04/10/2024,RB522,DOH/DAM,Y,144,0,0,0,0,0,43,0.00,0 %,0.00,ACT,0.00,0,144
04/10/2024,RB516,DXB/DAM,C,28,0,0,0,0,0,27,0.00,0 %,0.00,ACT,0.00,0,28
04/10/2024,RB516,DXB/DAM,Y,254,0,0,0,0,0,60,0.00,0 %,0.00,ACT,0.00,0,254
04/10/2024,RB201,DAM/CAI,C,11,0,0,0,0,0,3,0.00,0 %,0.00,ACT,0.00,0,11
04/10/2024,RB201,DAM/CAI,Y,144,0,0,0,0,0,64,0.00,0 %,0.00,ACT,0.00,0,144
04/10/2024,RB202,CAI/DAM,C,11,0,0,0,0,0,8,0.00,0 %,0.00,ACT,0.00,0,11
04/10/2024,RB202,CAI/DAM,Y,144,0,0,0,0,0,6,0.00,0 %,0.00,ACT,0.00,0,144
04/11/2024,RB515,DAM/DXB,C,28,0,0,0,0,0,2,0.00,0 %,0.00,ACT,0.00,0,28
04/11/2024,RB515,DAM/DXB,Y,254,0,0,0,0,0,7,0.00,0 %,0.00,ACT,0.00,0,254
04/11/2024,RB341,DAM/KWI,C,11,0,0,0,0,0,11,0.00,0 %,0.00,ACT,0.00,0,11
04/11/2024,RB341,DAM/KWI,Y,144,0,0,0,0,0,130,0.00,0 %,0.00,ACT,0.00,0,144
04/11/2024,RB521,DAM/DOH,C,11,0,0,0,0,0,10,0.00,0 %,0.00,ACT,0.00,0,11
04/11/2024,RB521,DAM/DOH,Y,144,0,0,0,0,0,119,0.00,0 %,0.00,ACT,0.00,0,144
04/11/2024,RB342,KWI/DAM,C,11,0,0,0,0,0,2,0.00,0 %,0.00,ACT,0.00,0,11
04/11/2024,RB342,KWI/DAM,Y,144,0,0,0,0,0,105,0.00,0 %,0.00,ACT,0.00,0,144
04/11/2024,RB522,DOH/DAM,C,11,0,0,0,0,0,6,0.00,0 %,0.00,ACT,0.00,0,11
04/11/2024,RB522,DOH/DAM,Y,144,0,0,0,0,0,92,0.00,0 %,0.00,ACT,0.00,0,144
04/11/2024,RB516,DXB/DAM,C,28,0,0,0,0,0,26,0.00,0 %,0.00,ACT,0.00,0,28
04/11/2024,RB516,DXB/DAM,Y,254,0,0,0,0,0,99,0.00,0 %,0.00,ACT,0.00,0,254
04/11/2024,RB531,DAM/BGW,C,11,0,0,0,0,0,11,0.00,0 %,0.00,ACT,0.00,0,11
04/11/2024,RB531,DAM/BGW,Y,144,0,0,0,0,0,139,0.00,0 %,0.00,ACT,0.00,0,144
04/11/2024,RB532,BGW/DAM,C,11,0,0,0,0,0,11,0.00,0 %,0.00,ACT,0.00,0,11
04/11/2024,RB532,BGW/DAM,Y,144,0,0,0,0,0,63,0.00,0 %,0.00,ACT,0.00,0,144
04/12/2024,RB121,DAM/KAC,C,11,0,0,0,0,0,11,0.00,0 %,0.00,ACT,0.00,0,11
04/12/2024,RB121,DAM/KAC,Y,144,0,0,0,0,0,59,0.00,0 %,0.00,ACT,0.00,0,144
04/12/2024,RB122,KAC/DAM,C,11,0,0,0,0,0,1,0.00,0 %,0.00,ACT,0.00,0,11
04/12/2024,RB122,KAC/DAM,Y,144,0,0,0,0,0,15,0.00,0 %,0.00,ACT,0.00,0,144
04/12/2024,RB501,DAM/SHJ,C,11,0,0,0,0,0,0,0.00,0 %,0.00,ACT,0.00,0,11
04/12/2024,RB501,DAM/SHJ,Y,144,0,0,0,0,0,1,0.00,0 %,0.00,ACT,0.00,0,144
04/12/2024,RB503,DAM/AUH,C,11,0,0,0,0,0,0,0.00,0 %,0.00,ACT,0.00,0,11
04/12/2024,RB503,DAM/AUH,Y,144,0,0,0,0,0,6,0.00,0 %,0.00,ACT,0.00,0,144
04/12/2024,RB502,SHJ/DAM,C,11,0,0,0,0,0,5,0.00,0 %,0.00,ACT,0.00,0,11
04/12/2024,RB502,SHJ/DAM,Y,144,0,0,0,0,0,70,0.00,0 %,0.00,ACT,0.00,0,144
04/12/2024,RB504,AUH/DAM,C,11,0,0,0,0,0,7,0.00,0 %,0.00,ACT,0.00,0,11
04/12/2024,RB504,AUH/DAM,Y,144,0,0,0,0,0,65,0.00,0 %,0.00,ACT,0.00,0,144
04/12/2024,RB533,DAM/NJF,C,11,0,0,0,0,0,11,0.00,0 %,0.00,ACT,0.00,0,11
04/12/2024,RB533,DAM/NJF,Y,144,0,0,0,0,0,139,0.00,0 %,0.00,ACT,0.00,0,144
04/12/2024,RB534,NJF/DAM,C,11,0,0,0,0,0,11,0.00,0 %,0.00,ACT,0.00,0,11
04/12/2024,RB534,NJF/DAM,Y,144,0,0,0,0,0,50,0.00,0 %,0.00,ACT,0.00,0,144
04/13/2024,RB515,DAM/DXB,C,28,0,0,0,0,0,0,0.00,0 %,0.00,ACT,0.00,0,28
04/13/2024,RB515,DAM/DXB,Y,254,0,0,0,0,0,8,0.00,0 %,0.00,ACT,0.00,0,254
04/13/2024,RB201,DAM/CAI,C,11,0,0,0,0,0,1,0.00,0 %,0.00,ACT,0.00,0,11
04/13/2024,RB201,DAM/CAI,Y,144,0,0,0,0,0,5,0.00,0 %,0.00,ACT,0.00,0,144
04/13/2024,RB521,DAM/DOH,C,11,0,0,0,0,0,1,0.00,0 %,0.00,ACT,0.00,0,11
04/13/2024,RB521,DAM/DOH,Y,144,0,0,0,0,0,10,0.00,0 %,0.00,ACT,0.00,0,144
04/13/2024,RB202,CAI/DAM,C,11,0,0,0,0,0,11,0.00,0 %,0.00,ACT,0.00,0,11
04/13/2024,RB202,CAI/DAM,Y,144,0,0,0,0,0,24,0.00,0 %,0.00,ACT,0.00,0,144
04/13/2024,RB522,DOH/DAM,C,11,0,0,0,0,0,0,0.00,0 %,0.00,ACT,0.00,0,11
04/13/2024,RB522,DOH/DAM,Y,144,0,0,0,0,0,4,0.00,0 %,0.00,ACT,0.00,0,144
04/13/2024,RB516,DXB/DAM,C,28,0,0,0,0,0,10,0.00,0 %,0.00,ACT,0.00,0,28
04/13/2024,RB516,DXB/DAM,Y,254,0,0,0,0,0,49,0.00,0 %,0.00,ACT,0.00,0,254
04/13/2024,RB341,DAM/KWI,C,11,0,0,0,0,0,9,0.00,0 %,0.00,ACT,0.00,0,11
04/13/2024,RB341,DAM/KWI,Y,144,0,0,0,0,0,8,0.00,0 %,0.00,ACT,0.00,0,144
04/13/2024,RB342,KWI/DAM,C,11,0,0,0,0,0,11,0.00,0 %,0.00,ACT,0.00,0,11
04/13/2024,RB342,KWI/DAM,Y,144,0,0,0,0,0,16,0.00,0 %,0.00,ACT,0.00,0,144
04/14/2024,RB501,DAM/SHJ,C,28,0,0,0,0,0,6,0.00,0 %,0.00,ACT,0.00,0,28
04/14/2024,RB501,DAM/SHJ,Y,254,0,0,0,0,0,6,0.00,0 %,0.00,ACT,0.00,0,254
04/14/2024,RB502,SHJ/DAM,C,28,0,0,0,0,0,18,0.00,0 %,0.00,ACT,0.00,0,28
04/14/2024,RB502,SHJ/DAM,Y,254,0,0,0,0,0,118,0.00,0 %,0.00,ACT,0.00,0,254
04/15/2024,RB515,DAM/DXB,C,28,0,0,0,0,0,3,0.00,0 %,0.00,ACT,0.00,0,28
04/15/2024,RB515,DAM/DXB,Y,254,0,0,0,0,0,0,0.00,0 %,0.00,ACT,0.00,0,254
04/15/2024,RB441,DAM/VKO,C,11,0,0,0,0,0,9,0.00,0 %,0.00,ACT,0.00,0,11
04/15/2024,RB441,DAM/VKO,Y,96,0,0,0,0,0,0,0.00,0 %,0.00,ACT,0.00,0,96
04/15/2024,RB516,DXB/DAM,C,28,0,0,0,0,0,21,0.00,0 %,0.00,ACT,0.00,0,28
04/15/2024,RB516,DXB/DAM,Y,254,0,0,0,0,0,67,0.00,0 %,0.00,ACT,0.00,0,254
04/15/2024,RB201,DAM/CAI,C,11,0,0,0,0,0,2,0.00,0 %,0.00,ACT,0.00,0,11
04/15/2024,RB201,DAM/CAI,Y,144,0,0,0,0,0,0,0.00,0 %,0.00,ACT,0.00,0,144
04/15/2024,RB442,VKO/DAM,C,11,0,0,0,0,0,1,0.00,0 %,0.00,ACT,0.00,0,11
04/15/2024,RB442,VKO/DAM,Y,114,0,0,0,0,0,21,0.00,0 %,0.00,ACT,0.00,0,114
04/15/2024,RB202,CAI/DAM,C,11,0,0,0,0,0,6,0.00,0 %,0.00,ACT,0.00,0,11
04/15/2024,RB202,CAI/DAM,Y,144,0,0,0,0,0,35,0.00,0 %,0.00,ACT,0.00,0,144
04/15/2024,RB531,DAM/BGW,C,11,0,0,0,0,0,11,0.00,0 %,0.00,ACT,0.00,0,11
04/15/2024,RB531,DAM/BGW,Y,144,0,0,0,0,0,9,0.00,0 %,0.00,ACT,0.00,0,144
04/15/2024,RB532,BGW/DAM,C,11,0,0,0,0,0,11,0.00,0 %,0.00,ACT,0.00,0,11
04/15/2024,RB532,BGW/DAM,Y,144,0,0,0,0,0,88,0.00,0 %,0.00,ACT,0.00,0,144
04/16/2024,RB503,DAM/AUH,C,11,0,0,0,0,0,0,0.00,0 %,0.00,ACT,0.00,0,11
04/16/2024,RB503,DAM/AUH,Y,144,0,0,0,0,0,2,0.00,0 %,0.00,ACT,0.00,0,144
04/16/2024,RB501,DAM/SHJ,C,11,0,0,0,0,0,2,0.00,0 %,0.00,ACT,0.00,0,11
04/16/2024,RB501,DAM/SHJ,Y,144,0,0,0,0,0,0,0.00,0 %,0.00,ACT,0.00,0,144
04/16/2024,RB504,AUH/DAM,C,11,0,0,0,0,0,5,0.00,0 %,0.00,ACT,0.00,0,11
04/16/2024,RB504,AUH/DAM,Y,144,0,0,0,0,0,69,0.00,0 %,0.00,ACT,0.00,0,144
04/16/2024,RB341,DAM/KWI,C,11,0,0,0,0,0,0,0.00,0 %,0.00,ACT,0.00,0,11
04/16/2024,RB341,DAM/KWI,Y,144,0,0,0,0,0,0,0.00,0 %,0.00,ACT,0.00,0,144
04/16/2024,RB502,SHJ/DAM,C,11,0,0,0,0,0,4,0.00,0 %,0.00,ACT,0.00,0,11
04/16/2024,RB502,SHJ/DAM,Y,144,0,0,0,0,0,57,0.00,0 %,0.00,ACT,0.00,0,144
04/16/2024,RB342,KWI/DAM,C,11,0,0,0,0,0,10,0.00,0 %,0.00,ACT,0.00,0,11
04/16/2024,RB342,KWI/DAM,Y,144,0,0,0,0,0,53,0.00,0 %,0.00,ACT,0.00,0,144
04/16/2024,RB533,DAM/NJF,C,11,0,0,0,0,0,11,0.00,0 %,0.00,ACT,0.00,0,11
04/16/2024,RB533,DAM/NJF,Y,144,0,0,0,0,0,40,0.00,0 %,0.00,ACT,0.00,0,144
04/16/2024,RB534,NJF/DAM,C,11,0,0,0,0,0,11,0.00,0 %,0.00,ACT,0.00,0,11
04/16/2024,RB534,NJF/DAM,Y,144,0,0,0,0,0,0,0.00,0 %,0.00,ACT,0.00,0,144
04/17/2024,RB515,DAM/DXB,C,28,0,0,0,0,0,7,0.00,0 %,0.00,ACT,0.00,0,28
04/17/2024,RB515,DAM/DXB,Y,254,0,0,0,0,0,9,0.00,0 %,0.00,ACT,0.00,0,254
04/17/2024,RB521,DAM/DOH,C,11,0,0,0,0,0,1,0.00,0 %,0.00,ACT,0.00,0,11
04/17/2024,RB521,DAM/DOH,Y,144,0,0,0,0,0,5,0.00,0 %,0.00,ACT,0.00,0,144
04/17/2024,RB522,DOH/DAM,C,11,0,0,0,0,0,4,0.00,0 %,0.00,ACT,0.00,0,11
04/17/2024,RB522,DOH/DAM,Y,144,0,0,0,0,0,46,0.00,0 %,0.00,ACT,0.00,0,144
04/17/2024,RB201,DAM/CAI,C,11,0,0,0,0,0,1,0.00,0 %,0.00,ACT,0.00,0,11
04/17/2024,RB201,DAM/CAI,Y,144,0,0,0,0,0,2,0.00,0 %,0.00,ACT,0.00,0,144
04/17/2024,RB202,CAI/DAM,C,11,0,0,0,0,0,0,0.00,0 %,0.00,ACT,0.00,0,11
04/17/2024,RB202,CAI/DAM,Y,144,0,0,0,0,0,8,0.00,0 %,0.00,ACT,0.00,0,144
04/18/2024,RB341,DAM/KWI,C,11,0,0,0,0,0,4,0.00,0 %,0.00,ACT,0.00,0,11
04/18/2024,RB341,DAM/KWI,Y,144,0,0,0,0,0,10,0.00,0 %,0.00,ACT,0.00,0,144
04/18/2024,RB521,DAM/DOH,C,11,0,0,0,0,0,2,0.00,0 %,0.00,ACT,0.00,0,11
04/18/2024,RB521,DAM/DOH,Y,144,0,0,0,0,0,9,0.00,0 %,0.00,ACT,0.00,0,144
04/18/2024,RB342,KWI/DAM,C,11,0,0,0,0,0,6,0.00,0 %,0.00,ACT,0.00,0,11
04/18/2024,RB342,KWI/DAM,Y,144,0,0,0,0,0,30,0.00,0 %,0.00,ACT,0.00,0,144
04/18/2024,RB522,DOH/DAM,C,11,0,0,0,0,0,10,0.00,0 %,0.00,ACT,0.00,0,11
04/18/2024,RB522,DOH/DAM,Y,144,0,0,0,0,0,100,0.00,0 %,0.00,ACT,0.00,0,144
04/18/2024,RB515,DAM/DXB,C,28,0,0,0,0,0,18,0.00,0 %,0.00,ACT,0.00,0,28
04/18/2024,RB515,DAM/DXB,Y,254,0,0,0,0,0,20,0.00,0 %,0.00,ACT,0.00,0,254
04/18/2024,RB531,DAM/BGW,C,11,0,0,0,0,0,11,0.00,0 %,0.00,ACT,0.00,0,11
04/18/2024,RB531,DAM/BGW,Y,144,0,0,0,0,0,55,0.00,0 %,0.00,ACT,0.00,0,144
04/18/2024,RB532,BGW/DAM,C,11,0,0,0,0,0,11,0.00,0 %,0.00,ACT,0.00,0,11
04/18/2024,RB532,BGW/DAM,Y,144,0,0,0,0,0,0,0.00,0 %,0.00,ACT,0.00,0,144
04/18/2024,RB516,DXB/DAM,C,28,0,0,0,0,0,21,0.00,0 %,0.00,ACT,0.00,0,28
04/18/2024,RB516,DXB/DAM,Y,254,0,0,0,0,0,0,0.00,0 %,0.00,ACT,0.00,0,254
04/19/2024,RB121,DAM/KAC,C,11,0,0,0,0,0,9,0.00,0 %,0.00,ACT,0.00,0,11
04/19/2024,RB121,DAM/KAC,Y,144,0,0,0,0,0,13,0.00,0 %,0.00,ACT,0.00,0,144
04/19/2024,RB122,KAC/DAM,C,11,0,0,0,0,0,3,0.00,0 %,0.00,ACT,0.00,0,11
04/19/2024,RB122,KAC/DAM,Y,144,0,0,0,0,0,10,0.00,0 %,0.00,ACT,0.00,0,144
04/19/2024,RB501,DAM/SHJ,C,11,0,0,0,0,0,0,0.00,0 %,0.00,ACT,0.00,0,11
04/19/2024,RB501,DAM/SHJ,Y,144,0,0,0,0,0,10,0.00,0 %,0.00,ACT,0.00,0,144
04/19/2024,RB503,DAM/AUH,C,11,0,0,0,0,0,4,0.00,0 %,0.00,ACT,0.00,0,11
04/19/2024,RB503,DAM/AUH,Y,144,0,0,0,0,0,13,0.00,0 %,0.00,ACT,0.00,0,144
04/19/2024,RB502,SHJ/DAM,C,11,0,0,0,0,0,6,0.00,0 %,0.00,ACT,0.00,0,11
04/19/2024,RB502,SHJ/DAM,Y,144,0,0,0,0,0,38,0.00,0 %,0.00,ACT,0.00,0,144
04/19/2024,RB504,AUH/DAM,C,11,0,0,0,0,0,1,0.00,0 %,0.00,ACT,0.00,0,11
04/19/2024,RB504,AUH/DAM,Y,144,0,0,0,0,0,38,0.00,0 %,0.00,ACT,0.00,0,144
04/19/2024,RB533,DAM/NJF,C,11,0,0,0,0,0,11,0.00,0 %,0.00,ACT,0.00,0,11
04/19/2024,RB533,DAM/NJF,Y,144,0,0,0,0,0,53,0.00,0 %,0.00,ACT,0.00,0,144
04/19/2024,RB534,NJF/DAM,C,11,0,0,0,0,0,11,0.00,0 %,0.00,ACT,0.00,0,11
04/19/2024,RB534,NJF/DAM,Y,144,0,0,0,0,0,0,0.00,0 %,0.00,ACT,0.00,0,144
04/20/2024,RB515,DAM/DXB,C,28,0,0,0,0,0,2,0.00,0 %,0.00,ACT,0.00,0,28
04/20/2024,RB515,DAM/DXB,Y,254,0,0,0,0,0,24,0.00,0 %,0.00,ACT,0.00,0,254
04/20/2024,RB201,DAM/CAI,C,11,0,0,0,0,0,1,0.00,0 %,0.00,ACT,0.00,0,11
04/20/2024,RB201,DAM/CAI,Y,144,0,0,0,0,0,5,0.00,0 %,0.00,ACT,0.00,0,144
04/20/2024,RB521,DAM/DOH,C,11,0,0,0,0,0,0,0.00,0 %,0.00,ACT,0.00,0,11
04/20/2024,RB521,DAM/DOH,Y,144,0,0,0,0,0,3,0.00,0 %,0.00,ACT,0.00,0,144
04/20/2024,RB202,CAI/DAM,C,11,0,0,0,0,0,0,0.00,0 %,0.00,ACT,0.00,0,11
04/20/2024,RB202,CAI/DAM,Y,144,0,0,0,0,0,1,0.00,0 %,0.00,ACT,0.00,0,144
04/20/2024,RB522,DOH/DAM,C,11,0,0,0,0,0,6,0.00,0 %,0.00,ACT,0.00,0,11
04/20/2024,RB522,DOH/DAM,Y,144,0,0,0,0,0,16,0.00,0 %,0.00,ACT,0.00,0,144
04/20/2024,RB516,DXB/DAM,C,28,0,0,0,0,0,0,0.00,0 %,0.00,ACT,0.00,0,28
04/20/2024,RB516,DXB/DAM,Y,254,0,0,0,0,0,24,0.00,0 %,0.00,ACT,0.00,0,254
04/20/2024,RB341,DAM/KWI,C,11,0,0,0,0,0,7,0.00,0 %,0.00,ACT,0.00,0,11
04/20/2024,RB341,DAM/KWI,Y,144,0,0,0,0,0,6,0.00,0 %,0.00,ACT,0.00,0,144
04/20/2024,RB342,KWI/DAM,C,11,0,0,0,0,0,11,0.00,0 %,0.00,ACT,0.00,0,11
04/20/2024,RB342,KWI/DAM,Y,144,0,0,0,0,0,59,0.00,0 %,0.00,ACT,0.00,0,144
04/21/2024,RB501,DAM/SHJ,C,28,0,0,0,0,0,7,0.00,0 %,0.00,ACT,0.00,0,28
04/21/2024,RB501,DAM/SHJ,Y,254,0,0,0,0,0,10,0.00,0 %,0.00,ACT,0.00,0,254
04/21/2024,RB441,DAM/VKO,C,11,0,0,0,0,0,5,0.00,0 %,0.00,ACT,0.00,0,11
04/21/2024,RB441,DAM/VKO,Y,96,0,0,0,0,0,11,0.00,0 %,0.00,ACT,0.00,0,96
04/21/2024,RB502,SHJ/DAM,C,28,0,0,0,0,0,1,0.00,0 %,0.00,ACT,0.00,0,28
04/21/2024,RB502,SHJ/DAM,Y,254,0,0,0,0,0,51,0.00,0 %,0.00,ACT,0.00,0,254
04/21/2024,RB442,VKO/DAM,C,11,0,0,0,0,0,9,0.00,0 %,0.00,ACT,0.00,0,11
04/21/2024,RB442,VKO/DAM,Y,114,0,0,0,0,0,26,0.00,0 %,0.00,ACT,0.00,0,114
04/22/2024,RB515,DAM/DXB,C,28,0,0,0,0,0,2,0.00,0 %,0.00,ACT,0.00,0,28
04/22/2024,RB515,DAM/DXB,Y,254,0,0,0,0,0,6,0.00,0 %,0.00,ACT,0.00,0,254
04/22/2024,RB516,DXB/DAM,C,28,0,0,0,0,0,1,0.00,0 %,0.00,ACT,0.00,0,28
04/22/2024,RB516,DXB/DAM,Y,254,0,0,0,0,0,39,0.00,0 %,0.00,ACT,0.00,0,254
04/22/2024,RB201,DAM/CAI,C,11,0,0,0,0,0,0,0.00,0 %,0.00,ACT,0.00,0,11
04/22/2024,RB201,DAM/CAI,Y,144,0,0,0,0,0,1,0.00,0 %,0.00,ACT,0.00,0,144
04/22/2024,RB202,CAI/DAM,C,11,0,0,0,0,0,6,0.00,0 %,0.00,ACT,0.00,0,11
04/22/2024,RB202,CAI/DAM,Y,144,0,0,0,0,0,5,0.00,0 %,0.00,ACT,0.00,0,144
04/22/2024,RB531,DAM/BGW,C,11,0,0,0,0,0,11,0.00,0 %,0.00,ACT,0.00,0,11
04/22/2024,RB531,DAM/BGW,Y,144,0,0,0,0,0,96,0.00,0 %,0.00,ACT,0.00,0,144
04/22/2024,RB532,BGW/DAM,C,11,0,0,0,0,0,11,0.00,0 %,0.00,ACT,0.00,0,11
04/22/2024,RB532,BGW/DAM,Y,144,0,0,0,0,0,18,0.00,0 %,0.00,ACT,0.00,0,144
04/23/2024,RB503,DAM/AUH,C,11,0,0,0,0,0,7,0.00,0 %,0.00,ACT,0.00,0,11
04/23/2024,RB503,DAM/AUH,Y,144,0,0,0,0,0,8,0.00,0 %,0.00,ACT,0.00,0,144
04/23/2024,RB501,DAM/SHJ,C,11,0,0,0,0,0,6,0.00,0 %,0.00,ACT,0.00,0,11
04/23/2024,RB501,DAM/SHJ,Y,144,0,0,0,0,0,10,0.00,0 %,0.00,ACT,0.00,0,144
04/23/2024,RB504,AUH/DAM,C,11,0,0,0,0,0,7,0.00,0 %,0.00,ACT,0.00,0,11
04/23/2024,RB504,AUH/DAM,Y,144,0,0,0,0,0,62,0.00,0 %,0.00,ACT,0.00,0,144
04/23/2024,RB341,DAM/KWI,C,11,0,0,0,0,0,5,0.00,0 %,0.00,ACT,0.00,0,11
04/23/2024,RB341,DAM/KWI,Y,144,0,0,0,0,0,4,0.00,0 %,0.00,ACT,0.00,0,144
04/23/2024,RB502,SHJ/DAM,C,11,0,0,0,0,0,0,0.00,0 %,0.00,ACT,0.00,0,11
04/23/2024,RB502,SHJ/DAM,Y,144,0,0,0,0,0,24,0.00,0 %,0.00,ACT,0.00,0,144
04/23/2024,RB342,KWI/DAM,C,11,0,0,0,0,0,6,0.00,0 %,0.00,ACT,0.00,0,11
04/23/2024,RB342,KWI/DAM,Y,144,0,0,0,0,0,42,0.00,0 %,0.00,ACT,0.00,0,144
04/23/2024,RB533,DAM/NJF,C,11,0,0,0,0,0,11,0.00,0 %,0.00,ACT,0.00,0,11
04/23/2024,RB533,DAM/NJF,Y,144,0,0,0,0,0,0,0.00,0 %,0.00,ACT,0.00,0,144
04/23/2024,RB534,NJF/DAM,C,11,0,0,0,0,0,11,0.00,0 %,0.00,ACT,0.00,0,11
04/23/2024,RB534,NJF/DAM,Y,144,0,0,0,0,0,45,0.00,0 %,0.00,ACT,0.00,0,144
04/24/2024,RB201,DAM/CAI,C,11,0,0,0,0,0,0,0.00,0 %,0.00,ACT,0.00,0,11
04/24/2024,RB201,DAM/CAI,Y,144,0,0,0,0,0,0,0.00,0 %,0.00,ACT,0.00,0,144
04/24/2024,RB521,DAM/DOH,C,11,0,0,0,0,0,2,0.00,0 %,0.00,ACT,0.00,0,11
04/24/2024,RB521,DAM/DOH,Y,144,0,0,0,0,0,0,0.00,0 %,0.00,ACT,0.00,0,144
04/25/2024,RB202,CAI/DAM,C,11,0,0,0,0,0,4,0.00,0 %,0.00,ACT,0.00,0,11
04/25/2024,RB202,CAI/DAM,Y,144,0,0,0,0,0,2,0.00,0 %,0.00,ACT,0.00,0,144
04/25/2024,RB522,DOH/DAM,C,11,0,0,0,0,0,10,0.00,0 %,0.00,ACT,0.00,0,11
04/25/2024,RB522,DOH/DAM,Y,144,0,0,0,0,0,27,0.00,0 %,0.00,ACT,0.00,0,144
04/25/2024,RB531,DAM/BGW,C,11,0,0,0,0,0,11,0.00,0 %,0.00,ACT,0.00,0,11
04/25/2024,RB531,DAM/BGW,Y,144,0,0,0,0,0,0,0.00,0 %,0.00,ACT,0.00,0,144
04/25/2024,RB532,BGW/DAM,C,11,0,0,0,0,0,11,0.00,0 %,0.00,ACT,0.00,0,11
04/25/2024,RB532,BGW/DAM,Y,144,0,0,0,0,0,0,0.00,0 %,0.00,ACT,0.00,0,144
04/25/2024,RB515,DAM/DXB,C,28,0,0,0,0,0,15,0.00,0 %,0.00,ACT,0.00,0,28
04/25/2024,RB515,DAM/DXB,Y,254,0,0,0,0,0,8,0.00,0 %,0.00,ACT,0.00,0,254
04/26/2024,RB516,DXB/DAM,C,28,0,0,0,0,0,13,0.00,0 %,0.00,ACT,0.00,0,28
04/26/2024,RB516,DXB/DAM,Y,254,0,0,0,0,0,12,0.00,0 %,0.00,ACT,0.00,0,254
04/26/2024,RB121,DAM/KAC,C,11,0,0,0,0,0,0,0.00,0 %,0.00,ACT,0.00,0,11
04/26/2024,RB121,DAM/KAC,Y,144,0,0,0,0,0,0,0.00,0 %,0.00,ACT,0.00,0,144
04/26/2024,RB122,KAC/DAM,C,11,0,0,0,0,0,0,0.00,0 %,0.00,ACT,0.00,0,11
04/26/2024,RB122,KAC/DAM,Y,144,0,0,0,0,0,9,0.00,0 %,0.00,ACT,0.00,0,144
04/26/2024,RB501,DAM/SHJ,C,11,0,0,0,0,0,8,0.00,0 %,0.00,ACT,0.00,0,11
04/26/2024,RB501,DAM/SHJ,Y,144,0,0,0,0,0,0,0.00,0 %,0.00,ACT,0.00,0,144
04/26/2024,RB503,DAM/AUH,C,11,0,0,0,0,0,8,0.00,0 %,0.00,ACT,0.00,0,11
04/26/2024,RB503,DAM/AUH,Y,144,0,0,0,0,0,7,0.00,0 %,0.00,ACT,0.00,0,144
04/26/2024,RB502,SHJ/DAM,C,11,0,0,0,0,0,7,0.00,0 %,0.00,ACT,0.00,0,11
04/26/2024,RB502,SHJ/DAM,Y,144,0,0,0,0,0,14,0.00,0 %,0.00,ACT,0.00,0,144
04/26/2024,RB504,AUH/DAM,C,11,0,0,0,0,0,4,0.00,0 %,0.00,ACT,0.00,0,11
04/26/2024,RB504,AUH/DAM,Y,144,0,0,0,0,0,37,0.00,0 %,0.00,ACT,0.00,0,144
04/26/2024,RB533,DAM/NJF,C,11,0,0,0,0,0,11,0.00,0 %,0.00,ACT,0.00,0,11
04/26/2024,RB533,DAM/NJF,Y,144,0,0,0,0,0,0,0.00,0 %,0.00,ACT,0.00,0,144
04/26/2024,RB534,NJF/DAM,C,11,0,0,0,0,0,11,0.00,0 %,0.00,ACT,0.00,0,11
04/26/2024,RB534,NJF/DAM,Y,144,0,0,0,0,0,15,0.00,0 %,0.00,ACT,0.00,0,144
04/27/2024,RB515,DAM/DXB,C,28,0,0,0,0,0,8,0.00,0 %,0.00,ACT,0.00,0,28
04/27/2024,RB515,DAM/DXB,Y,254,0,0,0,0,0,11,0.00,0 %,0.00,ACT,0.00,0,254
04/27/2024,RB201,DAM/CAI,C,11,0,0,0,0,0,0,0.00,0 %,0.00,ACT,0.00,0,11
04/27/2024,RB201,DAM/CAI,Y,144,0,0,0,0,0,4,0.00,0 %,0.00,ACT,0.00,0,144
04/27/2024,RB521,DAM/DOH,C,11,0,0,0,0,0,0,0.00,0 %,0.00,ACT,0.00,0,11
04/27/2024,RB521,DAM/DOH,Y,144,0,0,0,0,0,2,0.00,0 %,0.00,ACT,0.00,0,144
04/27/2024,RB202,CAI/DAM,C,11,0,0,0,0,0,2,0.00,0 %,0.00,ACT,0.00,0,11
04/27/2024,RB202,CAI/DAM,Y,144,0,0,0,0,0,6,0.00,0 %,0.00,ACT,0.00,0,144
04/27/2024,RB522,DOH/DAM,C,11,0,0,0,0,0,8,0.00,0 %,0.00,ACT,0.00,0,11
04/27/2024,RB522,DOH/DAM,Y,144,0,0,0,0,0,22,0.00,0 %,0.00,ACT,0.00,0,144
04/27/2024,RB516,DXB/DAM,C,28,0,0,0,0,0,1,0.00,0 %,0.00,ACT,0.00,0,28
04/27/2024,RB516,DXB/DAM,Y,254,0,0,0,0,0,20,0.00,0 %,0.00,ACT,0.00,0,254
04/27/2024,RB341,DAM/KWI,C,11,0,0,0,0,0,10,0.00,0 %,0.00,ACT,0.00,0,11
04/27/2024,RB341,DAM/KWI,Y,144,0,0,0,0,0,4,0.00,0 %,0.00,ACT,0.00,0,144
04/27/2024,RB342,KWI/DAM,C,11,0,0,0,0,0,7,0.00,0 %,0.00,ACT,0.00,0,11
04/27/2024,RB342,KWI/DAM,Y,144,0,0,0,0,0,7,0.00,0 %,0.00,ACT,0.00,0,144
04/28/2024,RB501,DAM/SHJ,C,28,0,0,0,0,0,22,0.00,0 %,0.00,ACT,0.00,0,28
04/28/2024,RB501,DAM/SHJ,Y,254,0,0,0,0,0,16,0.00,0 %,0.00,ACT,0.00,0,254
04/28/2024,RB441,DAM/VKO,C,11,0,0,0,0,0,10,0.00,0 %,0.00,ACT,0.00,0,11
04/28/2024,RB441,DAM/VKO,Y,96,0,0,0,0,0,38,0.00,0 %,0.00,ACT,0.00,0,96
04/28/2024,RB502,SHJ/DAM,C,28,0,0,0,0,0,26,0.00,0 %,0.00,ACT,0.00,0,28
04/28/2024,RB502,SHJ/DAM,Y,254,0,0,0,0,0,130,0.00,0 %,0.00,ACT,0.00,0,254
04/28/2024,RB442,VKO/DAM,C,11,0,0,0,0,0,9,0.00,0 %,0.00,ACT,0.00,0,11
04/28/2024,RB442,VKO/DAM,Y,114,0,0,0,0,0,32,0.00,0 %,0.00,ACT,0.00,0,114
04/29/2024,RB515,DAM/DXB,C,28,0,0,0,0,0,4,0.00,0 %,0.00,ACT,0.00,0,28
04/29/2024,RB515,DAM/DXB,Y,254,0,0,0,0,0,17,0.00,0 %,0.00,ACT,0.00,0,254
04/29/2024,RB516,DXB/DAM,C,28,0,0,0,0,0,13,0.00,0 %,0.00,ACT,0.00,0,28
04/29/2024,RB516,DXB/DAM,Y,254,0,0,0,0,0,51,0.00,0 %,0.00,ACT,0.00,0,254
04/29/2024,RB201,DAM/CAI,C,11,0,0,0,0,0,0,0.00,0 %,0.00,ACT,0.00,0,11
04/29/2024,RB201,DAM/CAI,Y,144,0,0,0,0,0,2,0.00,0 %,0.00,ACT,0.00,0,144
04/29/2024,RB202,CAI/DAM,C,11,0,0,0,0,0,1,0.00,0 %,0.00,ACT,0.00,0,11
04/29/2024,RB202,CAI/DAM,Y,144,0,0,0,0,0,2,0.00,0 %,0.00,ACT,0.00,0,144
04/29/2024,RB531,DAM/BGW,C,11,0,0,0,0,0,11,0.00,0 %,0.00,ACT,0.00,0,11
04/29/2024,RB531,DAM/BGW,Y,144,0,0,0,0,0,30,0.00,0 %,0.00,ACT,0.00,0,144
04/29/2024,RB532,BGW/DAM,C,11,0,0,0,0,0,11,0.00,0 %,0.00,ACT,0.00,0,11
04/29/2024,RB532,BGW/DAM,Y,144,0,0,0,0,0,45,0.00,0 %,0.00,ACT,0.00,0,144
04/30/2024,RB503,DAM/AUH,C,11,0,0,0,0,0,10,0.00,0 %,0.00,ACT,0.00,0,11
04/30/2024,RB503,DAM/AUH,Y,144,0,0,0,0,0,24,0.00,0 %,0.00,ACT,0.00,0,144
04/30/2024,RB501,DAM/SHJ,C,11,0,0,0,0,0,6,0.00,0 %,0.00,ACT,0.00,0,11
04/30/2024,RB501,DAM/SHJ,Y,144,0,0,0,0,0,7,0.00,0 %,0.00,ACT,0.00,0,144
04/30/2024,RB504,AUH/DAM,C,11,0,0,0,0,0,7,0.00,0 %,0.00,ACT,0.00,0,11
04/30/2024,RB504,AUH/DAM,Y,144,0,0,0,0,0,28,0.00,0 %,0.00,ACT,0.00,0,144
04/30/2024,RB341,DAM/KWI,C,11,0,0,0,0,0,6,0.00,0 %,0.00,ACT,0.00,0,11
04/30/2024,RB341,DAM/KWI,Y,144,0,0,0,0,0,28,0.00,0 %,0.00,ACT,0.00,0,144
04/30/2024,RB502,SHJ/DAM,C,11,0,0,0,0,0,8,0.00,0 %,0.00,ACT,0.00,0,11
04/30/2024,RB502,SHJ/DAM,Y,144,0,0,0,0,0,62,0.00,0 %,0.00,ACT,0.00,0,144
04/30/2024,RB342,KWI/DAM,C,11,0,0,0,0,0,11,0.00,0 %,0.00,ACT,0.00,0,11
04/30/2024,RB342,KWI/DAM,Y,144,0,0,0,0,0,42,0.00,0 %,0.00,ACT,0.00,0,144
04/30/2024,RB533,DAM/NJF,C,11,0,0,0,0,0,11,0.00,0 %,0.00,ACT,0.00,0,11
04/30/2024,RB533,DAM/NJF,Y,144,0,0,0,0,0,45,0.00,0 %,0.00,ACT,0.00,0,144
04/30/2024,RB534,NJF/DAM,C,11,0,0,0,0,0,11,0.00,0 %,0.00,ACT,0.00,0,11
04/30/2024,RB534,NJF/DAM,Y,144,0,0,0,0,0,0,0.00,0 %,0.00,ACT,0.00,0,144
05/01/2024,RB515,DAM/DXB,C,28,0,0,0,0,0,12,0.00,0 %,0.00,ACT,0.00,0,28
05/01/2024,RB515,DAM/DXB,Y,254,0,0,0,0,0,36,0.00,0 %,0.00,ACT,0.00,0,254
05/01/2024,RB521,DAM/DOH,C,11,0,0,0,0,0,5,0.00,0 %,0.00,ACT,0.00,0,11
05/01/2024,RB521,DAM/DOH,Y,144,0,0,0,0,0,13,0.00,0 %,0.00,ACT,0.00,0,144
05/01/2024,RB522,DOH/DAM,C,11,0,0,0,0,0,9,0.00,0 %,0.00,ACT,0.00,0,11
05/01/2024,RB522,DOH/DAM,Y,144,0,0,0,0,0,49,0.00,0 %,0.00,ACT,0.00,0,144
05/01/2024,RB516,DXB/DAM,C,28,0,0,0,0,0,8,0.00,0 %,0.00,ACT,0.00,0,28
05/01/2024,RB516,DXB/DAM,Y,254,0,0,0,0,0,58,0.00,0 %,0.00,ACT,0.00,0,254
05/01/2024,RB201,DAM/CAI,C,11,0,0,0,0,0,1,0.00,0 %,0.00,ACT,0.00,0,11
05/01/2024,RB201,DAM/CAI,Y,144,0,0,0,0,0,0,0.00,0 %,0.00,ACT,0.00,0,144
05/01/2024,RB202,CAI/DAM,C,11,0,0,0,0,0,0,0.00,0 %,0.00,ACT,0.00,0,11
05/01/2024,RB202,CAI/DAM,Y,144,0,0,0,0,0,0,0.00,0 %,0.00,ACT,0.00,0,144
05/02/2024,RB515,DAM/DXB,C,28,0,0,0,0,0,6,0.00,0 %,0.00,ACT,0.00,0,28
05/02/2024,RB515,DAM/DXB,Y,254,0,0,0,0,0,73,0.00,0 %,0.00,ACT,0.00,0,254
05/02/2024,RB341,DAM/KWI,C,11,0,0,0,0,0,10,0.00,0 %,0.00,ACT,0.00,0,11
05/02/2024,RB341,DAM/KWI,Y,144,0,0,0,0,0,72,0.00,0 %,0.00,ACT,0.00,0,144
05/02/2024,RB521,DAM/DOH,C,11,0,0,0,0,0,4,0.00,0 %,0.00,ACT,0.00,0,11
05/02/2024,RB521,DAM/DOH,Y,144,0,0,0,0,0,5,0.00,0 %,0.00,ACT,0.00,0,144
05/02/2024,RB342,KWI/DAM,C,11,0,0,0,0,0,4,0.00,0 %,0.00,ACT,0.00,0,11
05/02/2024,RB342,KWI/DAM,Y,144,0,0,0,0,0,4,0.00,0 %,0.00,ACT,0.00,0,144
05/02/2024,RB522,DOH/DAM,C,11,0,0,0,0,0,8,0.00,0 %,0.00,ACT,0.00,0,11
05/02/2024,RB522,DOH/DAM,Y,144,0,0,0,0,0,92,0.00,0 %,0.00,ACT,0.00,0,144
05/02/2024,RB516,DXB/DAM,C,28,0,0,0,0,0,15,0.00,0 %,0.00,ACT,0.00,0,28
05/02/2024,RB516,DXB/DAM,Y,254,0,0,0,0,0,89,0.00,0 %,0.00,ACT,0.00,0,254
05/02/2024,RB531,DAM/BGW,C,11,0,0,0,0,0,11,0.00,0 %,0.00,ACT,0.00,0,11
05/02/2024,RB531,DAM/BGW,Y,144,0,0,0,0,0,0,0.00,0 %,0.00,ACT,0.00,0,144
05/02/2024,RB532,BGW/DAM,C,11,0,0,0,0,0,11,0.00,0 %,0.00,ACT,0.00,0,11
05/02/2024,RB532,BGW/DAM,Y,144,0,0,0,0,0,23,0.00,0 %,0.00,ACT,0.00,0,144
05/03/2024,RB121,DAM/KAC,C,11,0,0,0,0,0,5,0.00,0 %,0.00,ACT,0.00,0,11
05/03/2024,RB121,DAM/KAC,Y,144,0,0,0,0,0,6,0.00,0 %,0.00,ACT,0.00,0,144
05/03/2024,RB122,KAC/DAM,C,11,0,0,0,0,0,3,0.00,0 %,0.00,ACT,0.00,0,11
05/03/2024,RB122,KAC/DAM,Y,144,0,0,0,0,0,10,0.00,0 %,0.00,ACT,0.00,0,144
05/03/2024,RB501,DAM/SHJ,C,11,0,0,0,0,0,0,0.00,0 %,0.00,ACT,0.00,0,11
05/03/2024,RB501,DAM/SHJ,Y,144,0,0,0,0,0,21,0.00,0 %,0.00,ACT,0.00,0,144
05/03/2024,RB503,DAM/AUH,C,11,0,0,0,0,0,7,0.00,0 %,0.00,ACT,0.00,0,11
05/03/2024,RB503,DAM/AUH,Y,144,0,0,0,0,0,34,0.00,0 %,0.00,ACT,0.00,0,144
05/03/2024,RB502,SHJ/DAM,C,11,0,0,0,0,0,9,0.00,0 %,0.00,ACT,0.00,0,11
05/03/2024,RB502,SHJ/DAM,Y,144,0,0,0,0,0,1,0.00,0 %,0.00,ACT,0.00,0,144
05/03/2024,RB504,AUH/DAM,C,11,0,0,0,0,0,6,0.00,0 %,0.00,ACT,0.00,0,11
05/03/2024,RB504,AUH/DAM,Y,144,0,0,0,0,0,27,0.00,0 %,0.00,ACT,0.00,0,144
05/03/2024,RB533,DAM/NJF,C,11,0,0,0,0,0,11,0.00,0 %,0.00,ACT,0.00,0,11
05/03/2024,RB533,DAM/NJF,Y,144,0,0,0,0,0,38,0.00,0 %,0.00,ACT,0.00,0,144
05/03/2024,RB534,NJF/DAM,C,11,0,0,0,0,0,11,0.00,0 %,0.00,ACT,0.00,0,11
05/03/2024,RB534,NJF/DAM,Y,144,0,0,0,0,0,0,0.00,0 %,0.00,ACT,0.00,0,144
05/04/2024,RB515,DAM/DXB,C,28,0,0,0,0,0,3,0.00,0 %,0.00,ACT,0.00,0,28
05/04/2024,RB515,DAM/DXB,Y,254,0,0,0,0,0,46,0.00,0 %,0.00,ACT,0.00,0,254
05/04/2024,RB201,DAM/CAI,C,11,0,0,0,0,0,1,0.00,0 %,0.00,ACT,0.00,0,11
05/04/2024,RB201,DAM/CAI,Y,144,0,0,0,0,0,2,0.00,0 %,0.00,ACT,0.00,0,144
05/04/2024,RB521,DAM/DOH,C,11,0,0,0,0,0,0,0.00,0 %,0.00,ACT,0.00,0,11
05/04/2024,RB521,DAM/DOH,Y,144,0,0,0,0,0,12,0.00,0 %,0.00,ACT,0.00,0,144
05/04/2024,RB202,CAI/DAM,C,11,0,0,0,0,0,0,0.00,0 %,0.00,ACT,0.00,0,11
05/04/2024,RB202,CAI/DAM,Y,144,0,0,0,0,0,0,0.00,0 %,0.00,ACT,0.00,0,144
05/04/2024,RB522,DOH/DAM,C,11,0,0,0,0,0,9,0.00,0 %,0.00,ACT,0.00,0,11
05/04/2024,RB522,DOH/DAM,Y,144,0,0,0,0,0,46,0.00,0 %,0.00,ACT,0.00,0,144
05/04/2024,RB516,DXB/DAM,C,28,0,0,0,0,0,0,0.00,0 %,0.00,ACT,0.00,0,28
05/04/2024,RB516,DXB/DAM,Y,254,0,0,0,0,0,48,0.00,0 %,0.00,ACT,0.00,0,254
05/04/2024,RB341,DAM/KWI,C,11,0,0,0,0,0,8,0.00,0 %,0.00,ACT,0.00,0,11
05/04/2024,RB341,DAM/KWI,Y,144,0,0,0,0,0,9,0.00,0 %,0.00,ACT,0.00,0,144
05/04/2024,RB342,KWI/DAM,C,11,0,0,0,0,0,1,0.00,0 %,0.00,ACT,0.00,0,11
05/04/2024,RB342,KWI/DAM,Y,144,0,0,0,0,0,0,0.00,0 %,0.00,ACT,0.00,0,144
05/05/2024,RB501,DAM/SHJ,C,11,0,0,0,0,0,6,0.00,0 %,0.00,ACT,0.00,0,11
05/05/2024,RB501,DAM/SHJ,Y,144,0,0,0,0,0,4,0.00,0 %,0.00,ACT,0.00,0,144
05/05/2024,RB441,DAM/VKO,C,11,0,0,0,0,0,6,0.00,0 %,0.00,ACT,0.00,0,11
05/05/2024,RB441,DAM/VKO,Y,96,0,0,0,0,0,57,0.00,0 %,0.00,ACT,0.00,0,96
05/05/2024,RB502,SHJ/DAM,C,11,0,0,0,0,0,8,0.00,0 %,0.00,ACT,0.00,0,11
05/05/2024,RB502,SHJ/DAM,Y,144,0,0,0,0,0,4,0.00,0 %,0.00,ACT,0.00,0,144
05/05/2024,RB442,VKO/DAM,C,11,0,0,0,0,0,10,0.00,0 %,0.00,ACT,0.00,0,11
05/05/2024,RB442,VKO/DAM,Y,114,0,0,0,0,0,41,0.00,0 %,0.00,ACT,0.00,0,114
05/06/2024,RB515,DAM/DXB,C,28,0,0,0,0,0,10,0.00,0 %,0.00,ACT,0.00,0,28
05/06/2024,RB515,DAM/DXB,Y,254,0,0,0,0,0,89,0.00,0 %,0.00,ACT,0.00,0,254
05/06/2024,RB516,DXB/DAM,C,28,0,0,0,0,0,0,0.00,0 %,0.00,ACT,0.00,0,28
05/06/2024,RB516,DXB/DAM,Y,254,0,0,0,0,0,76,0.00,0 %,0.00,ACT,0.00,0,254
05/06/2024,RB201,DAM/CAI,C,11,0,0,0,0,0,1,0.00,0 %,0.00,ACT,0.00,0,11
05/06/2024,RB201,DAM/CAI,Y,144,0,0,0,0,0,6,0.00,0 %,0.00,ACT,0.00,0,144
05/06/2024,RB202,CAI/DAM,C,11,0,0,0,0,0,1,0.00,0 %,0.00,ACT,0.00,0,11
05/06/2024,RB202,CAI/DAM,Y,144,0,0,0,0,0,0,0.00,0 %,0.00,ACT,0.00,0,144
05/06/2024,RB531,DAM/BGW,C,11,0,0,0,0,0,11,0.00,0 %,0.00,ACT,0.00,0,11
05/06/2024,RB531,DAM/BGW,Y,144,0,0,0,0,0,50,0.00,0 %,0.00,ACT,0.00,0,144
05/06/2024,RB532,BGW/DAM,C,11,0,0,0,0,0,11,0.00,0 %,0.00,ACT,0.00,0,11
05/06/2024,RB532,BGW/DAM,Y,144,0,0,0,0,0,0,0.00,0 %,0.00,ACT,0.00,0,144
05/07/2024,RB503,DAM/AUH,C,11,0,0,0,0,0,8,0.00,0 %,0.00,ACT,0.00,0,11
05/07/2024,RB503,DAM/AUH,Y,144,0,0,0,0,0,79,0.00,0 %,0.00,ACT,0.00,0,144
05/07/2024,RB501,DAM/SHJ,C,11,0,0,0,0,0,6,0.00,0 %,0.00,ACT,0.00,0,11
05/07/2024,RB501,DAM/SHJ,Y,144,0,0,0,0,0,67,0.00,0 %,0.00,ACT,0.00,0,144
05/07/2024,RB504,AUH/DAM,C,11,0,0,0,0,0,7,0.00,0 %,0.00,ACT,0.00,0,11
05/07/2024,RB504,AUH/DAM,Y,144,0,0,0,0,0,37,0.00,0 %,0.00,ACT,0.00,0,144
05/07/2024,RB341,DAM/KWI,C,11,0,0,0,0,0,11,0.00,0 %,0.00,ACT,0.00,0,11
05/07/2024,RB341,DAM/KWI,Y,144,0,0,0,0,0,77,0.00,0 %,0.00,ACT,0.00,0,144
05/07/2024,RB502,SHJ/DAM,C,11,0,0,0,0,0,5,0.00,0 %,0.00,ACT,0.00,0,11
05/07/2024,RB502,SHJ/DAM,Y,144,0,0,0,0,0,64,0.00,0 %,0.00,ACT,0.00,0,144
05/07/2024,RB342,KWI/DAM,C,11,0,0,0,0,0,5,0.00,0 %,0.00,ACT,0.00,0,11
05/07/2024,RB342,KWI/DAM,Y,144,0,0,0,0,0,0,0.00,0 %,0.00,ACT,0.00,0,144
05/07/2024,RB533,DAM/NJF,C,11,0,0,0,0,0,11,0.00,0 %,0.00,ACT,0.00,0,11
05/07/2024,RB533,DAM/NJF,Y,144,0,0,0,0,0,0,0.00,0 %,0.00,ACT,0.00,0,144
05/07/2024,RB534,NJF/DAM,C,11,0,0,0,0,0,11,0.00,0 %,0.00,ACT,0.00,0,11
05/07/2024,RB534,NJF/DAM,Y,144,0,0,0,0,0,0,0.00,0 %,0.00,ACT,0.00,0,144
05/08/2024,RB515,DAM/DXB,C,28,0,0,0,0,0,17,0.00,0 %,0.00,ACT,0.00,0,28
05/08/2024,RB515,DAM/DXB,Y,254,0,0,0,0,0,105,0.00,0 %,0.00,ACT,0.00,0,254
05/08/2024,RB521,DAM/DOH,C,11,0,0,0,0,0,6,0.00,0 %,0.00,ACT,0.00,0,11
05/08/2024,RB521,DAM/DOH,Y,144,0,0,0,0,0,4,0.00,0 %,0.00,ACT,0.00,0,144
05/08/2024,RB522,DOH/DAM,C,11,0,0,0,0,0,10,0.00,0 %,0.00,ACT,0.00,0,11
05/08/2024,RB522,DOH/DAM,Y,144,0,0,0,0,0,66,0.00,0 %,0.00,ACT,0.00,0,144
05/08/2024,RB516,DXB/DAM,C,28,0,0,0,0,0,16,0.00,0 %,0.00,ACT,0.00,0,28
05/08/2024,RB516,DXB/DAM,Y,254,0,0,0,0,0,65,0.00,0 %,0.00,ACT,0.00,0,254
05/08/2024,RB201,DAM/CAI,C,11,0,0,0,0,0,2,0.00,0 %,0.00,ACT,0.00,0,11
05/08/2024,RB201,DAM/CAI,Y,144,0,0,0,0,0,16,0.00,0 %,0.00,ACT,0.00,0,144
05/08/2024,RB202,CAI/DAM,C,11,0,0,0,0,0,2,0.00,0 %,0.00,ACT,0.00,0,11
05/08/2024,RB202,CAI/DAM,Y,144,0,0,0,0,0,5,0.00,0 %,0.00,ACT,0.00,0,144
05/09/2024,RB515,DAM/DXB,C,28,0,0,0,0,0,26,0.00,0 %,0.00,ACT,0.00,0,28
05/09/2024,RB515,DAM/DXB,Y,254,0,0,0,0,0,122,0.00,0 %,0.00,ACT,0.00,0,254
05/09/2024,RB341,DAM/KWI,C,11,0,0,0,0,0,6,0.00,0 %,0.00,ACT,0.00,0,11
05/09/2024,RB341,DAM/KWI,Y,144,0,0,0,0,0,103,0.00,0 %,0.00,ACT,0.00,0,144
05/09/2024,RB521,DAM/DOH,C,11,0,0,0,0,0,9,0.00,0 %,0.00,ACT,0.00,0,11
05/09/2024,RB521,DAM/DOH,Y,144,0,0,0,0,0,47,0.00,0 %,0.00,ACT,0.00,0,144
05/09/2024,RB342,KWI/DAM,C,11,0,0,0,0,0,3,0.00,0 %,0.00,ACT,0.00,0,11
05/09/2024,RB342,KWI/DAM,Y,144,0,0,0,0,0,8,0.00,0 %,0.00,ACT,0.00,0,144
05/09/2024,RB522,DOH/DAM,C,11,0,0,0,0,0,8,0.00,0 %,0.00,ACT,0.00,0,11
05/09/2024,RB522,DOH/DAM,Y,144,0,0,0,0,0,102,0.00,0 %,0.00,ACT,0.00,0,144
05/09/2024,RB516,DXB/DAM,C,28,0,0,0,0,0,0,0.00,0 %,0.00,ACT,0.00,0,28
05/09/2024,RB516,DXB/DAM,Y,254,0,0,0,0,0,62,0.00,0 %,0.00,ACT,0.00,0,254
05/09/2024,RB531,DAM/BGW,C,11,0,0,0,0,0,11,0.00,0 %,0.00,ACT,0.00,0,11
05/09/2024,RB531,DAM/BGW,Y,144,0,0,0,0,0,20,0.00,0 %,0.00,ACT,0.00,0,144
05/09/2024,RB532,BGW/DAM,C,11,0,0,0,0,0,11,0.00,0 %,0.00,ACT,0.00,0,11
05/09/2024,RB532,BGW/DAM,Y,144,0,0,0,0,0,0,0.00,0 %,0.00,ACT,0.00,0,144
05/10/2024,RB121,DAM/KAC,C,11,0,0,0,0,0,6,0.00,0 %,0.00,ACT,0.00,0,11
05/10/2024,RB121,DAM/KAC,Y,144,0,0,0,0,0,2,0.00,0 %,0.00,ACT,0.00,0,144
05/10/2024,RB122,KAC/DAM,C,11,0,0,0,0,0,3,0.00,0 %,0.00,ACT,0.00,0,11
05/10/2024,RB122,KAC/DAM,Y,144,0,0,0,0,0,9,0.00,0 %,0.00,ACT,0.00,0,144
05/10/2024,RB501,DAM/SHJ,C,11,0,0,0,0,0,7,0.00,0 %,0.00,ACT,0.00,0,11
05/10/2024,RB501,DAM/SHJ,Y,144,0,0,0,0,0,45,0.00,0 %,0.00,ACT,0.00,0,144
05/10/2024,RB503,DAM/AUH,C,11,0,0,0,0,0,7,0.00,0 %,0.00,ACT,0.00,0,11
05/10/2024,RB503,DAM/AUH,Y,144,0,0,0,0,0,50,0.00,0 %,0.00,ACT,0.00,0,144
05/10/2024,RB502,SHJ/DAM,C,11,0,0,0,0,0,0,0.00,0 %,0.00,ACT,0.00,0,11
05/10/2024,RB502,SHJ/DAM,Y,144,0,0,0,0,0,47,0.00,0 %,0.00,ACT,0.00,0,144
05/10/2024,RB504,AUH/DAM,C,11,0,0,0,0,0,3,0.00,0 %,0.00,ACT,0.00,0,11
05/10/2024,RB504,AUH/DAM,Y,144,0,0,0,0,0,45,0.00,0 %,0.00,ACT,0.00,0,144
05/10/2024,RB533,DAM/NJF,C,11,0,0,0,0,0,11,0.00,0 %,0.00,ACT,0.00,0,11
05/10/2024,RB533,DAM/NJF,Y,144,0,0,0,0,0,0,0.00,0 %,0.00,ACT,0.00,0,144
05/10/2024,RB534,NJF/DAM,C,11,0,0,0,0,0,11,0.00,0 %,0.00,ACT,0.00,0,11
05/10/2024,RB534,NJF/DAM,Y,144,0,0,0,0,0,0,0.00,0 %,0.00,ACT,0.00,0,144
05/11/2024,RB515,DAM/DXB,C,28,0,0,0,0,0,4,0.00,0 %,0.00,ACT,0.00,0,28
05/11/2024,RB515,DAM/DXB,Y,254,0,0,0,0,0,89,0.00,0 %,0.00,ACT,0.00,0,254
05/11/2024,RB201,DAM/CAI,C,11,0,0,0,0,0,0,0.00,0 %,0.00,ACT,0.00,0,11
05/11/2024,RB201,DAM/CAI,Y,144,0,0,0,0,0,4,0.00,0 %,0.00,ACT,0.00,0,144
05/11/2024,RB521,DAM/DOH,C,11,0,0,0,0,0,5,0.00,0 %,0.00,ACT,0.00,0,11
05/11/2024,RB521,DAM/DOH,Y,144,0,0,0,0,0,17,0.00,0 %,0.00,ACT,0.00,0,144
05/11/2024,RB202,CAI/DAM,C,11,0,0,0,0,0,1,0.00,0 %,0.00,ACT,0.00,0,11
05/11/2024,RB202,CAI/DAM,Y,144,0,0,0,0,0,0,0.00,0 %,0.00,ACT,0.00,0,144
05/11/2024,RB522,DOH/DAM,C,11,0,0,0,0,0,6,0.00,0 %,0.00,ACT,0.00,0,11
05/11/2024,RB522,DOH/DAM,Y,144,0,0,0,0,0,44,0.00,0 %,0.00,ACT,0.00,0,144
05/11/2024,RB516,DXB/DAM,C,28,0,0,0,0,0,2,0.00,0 %,0.00,ACT,0.00,0,28
05/11/2024,RB516,DXB/DAM,Y,254,0,0,0,0,0,45,0.00,0 %,0.00,ACT,0.00,0,254
05/11/2024,RB341,DAM/KWI,C,11,0,0,0,0,0,8,0.00,0 %,0.00,ACT,0.00,0,11
05/11/2024,RB341,DAM/KWI,Y,144,0,0,0,0,0,55,0.00,0 %,0.00,ACT,0.00,0,144
05/11/2024,RB342,KWI/DAM,C,11,0,0,0,0,0,4,0.00,0 %,0.00,ACT,0.00,0,11
05/11/2024,RB342,KWI/DAM,Y,144,0,0,0,0,0,2,0.00,0 %,0.00,ACT,0.00,0,144
05/12/2024,RB501,DAM/SHJ,C,28,0,0,0,0,0,20,0.00,0 %,0.00,ACT,0.00,0,28
05/12/2024,RB501,DAM/SHJ,Y,254,0,0,0,0,0,108,0.00,0 %,0.00,ACT,0.00,0,254
05/12/2024,RB441,DAM/VKO,C,11,0,0,0,0,0,4,0.00,0 %,0.00,ACT,0.00,0,11
05/12/2024,RB441,DAM/VKO,Y,96,0,0,0,0,0,17,0.00,0 %,0.00,ACT,0.00,0,96
05/12/2024,RB502,SHJ/DAM,C,28,0,0,0,0,0,22,0.00,0 %,0.00,ACT,0.00,0,28
05/12/2024,RB502,SHJ/DAM,Y,254,0,0,0,0,0,147,0.00,0 %,0.00,ACT,0.00,0,254
05/12/2024,RB442,VKO/DAM,C,11,0,0,0,0,0,8,0.00,0 %,0.00,ACT,0.00,0,11
05/12/2024,RB442,VKO/DAM,Y,114,0,0,0,0,0,62,0.00,0 %,0.00,ACT,0.00,0,114
05/13/2024,RB515,DAM/DXB,C,28,0,0,0,0,0,13,0.00,0 %,0.00,ACT,0.00,0,28
05/13/2024,RB515,DAM/DXB,Y,254,0,0,0,0,0,89,0.00,0 %,0.00,ACT,0.00,0,254
05/13/2024,RB516,DXB/DAM,C,28,0,0,0,0,0,0,0.00,0 %,0.00,ACT,0.00,0,28
05/13/2024,RB516,DXB/DAM,Y,254,0,0,0,0,0,112,0.00,0 %,0.00,ACT,0.00,0,254
05/13/2024,RB201,DAM/CAI,C,11,0,0,0,0,0,0,0.00,0 %,0.00,ACT,0.00,0,11
05/13/2024,RB201,DAM/CAI,Y,144,0,0,0,0,0,2,0.00,0 %,0.00,ACT,0.00,0,144
05/13/2024,RB202,CAI/DAM,C,11,0,0,0,0,0,0,0.00,0 %,0.00,ACT,0.00,0,11
05/13/2024,RB202,CAI/DAM,Y,144,0,0,0,0,0,0,0.00,0 %,0.00,ACT,0.00,0,144
05/13/2024,RB531,DAM/BGW,C,11,0,0,0,0,0,11,0.00,0 %,0.00,ACT,0.00,0,11
05/13/2024,RB531,DAM/BGW,Y,144,0,0,0,0,0,0,0.00,0 %,0.00,ACT,0.00,0,144
05/13/2024,RB532,BGW/DAM,C,11,0,0,0,0,0,11,0.00,0 %,0.00,ACT,0.00,0,11
05/13/2024,RB532,BGW/DAM,Y,144,0,0,0,0,0,0,0.00,0 %,0.00,ACT,0.00,0,144
05/14/2024,RB503,DAM/AUH,C,11,0,0,0,0,0,6,0.00,0 %,0.00,ACT,0.00,0,11
05/14/2024,RB503,DAM/AUH,Y,144,0,0,0,0,0,66,0.00,0 %,0.00,ACT,0.00,0,144
05/14/2024,RB501,DAM/SHJ,C,11,0,0,0,0,0,7,0.00,0 %,0.00,ACT,0.00,0,11
05/14/2024,RB501,DAM/SHJ,Y,144,0,0,0,0,0,36,0.00,0 %,0.00,ACT,0.00,0,144
05/14/2024,RB504,AUH/DAM,C,11,0,0,0,0,0,10,0.00,0 %,0.00,ACT,0.00,0,11
05/14/2024,RB504,AUH/DAM,Y,144,0,0,0,0,0,42,0.00,0 %,0.00,ACT,0.00,0,144
05/14/2024,RB341,DAM/KWI,C,11,0,0,0,0,0,10,0.00,0 %,0.00,ACT,0.00,0,11
05/14/2024,RB341,DAM/KWI,Y,144,0,0,0,0,0,88,0.00,0 %,0.00,ACT,0.00,0,144
05/14/2024,RB502,SHJ/DAM,C,11,0,0,0,0,0,10,0.00,0 %,0.00,ACT,0.00,0,11
05/14/2024,RB502,SHJ/DAM,Y,144,0,0,0,0,0,76,0.00,0 %,0.00,ACT,0.00,0,144
05/14/2024,RB342,KWI/DAM,C,11,0,0,0,0,0,2,0.00,0 %,0.00,ACT,0.00,0,11
05/14/2024,RB342,KWI/DAM,Y,144,0,0,0,0,0,0,0.00,0 %,0.00,ACT,0.00,0,144
05/14/2024,RB533,DAM/NJF,C,11,0,0,0,0,0,11,0.00,0 %,0.00,ACT,0.00,0,11
05/14/2024,RB533,DAM/NJF,Y,144,0,0,0,0,0,0,0.00,0 %,0.00,ACT,0.00,0,144
05/14/2024,RB534,NJF/DAM,C,11,0,0,0,0,0,11,0.00,0 %,0.00,ACT,0.00,0,11
05/14/2024,RB534,NJF/DAM,Y,144,0,0,0,0,0,0,0.00,0 %,0.00,ACT,0.00,0,144
05/15/2024,RB515,DAM/DXB,C,28,0,0,0,0,0,15,0.00,0 %,0.00,ACT,0.00,0,28
05/15/2024,RB515,DAM/DXB,Y,254,0,0,0,0,0,104,0.00,0 %,0.00,ACT,0.00,0,254
05/15/2024,RB521,DAM/DOH,C,11,0,0,0,0,0,10,0.00,0 %,0.00,ACT,0.00,0,11
05/15/2024,RB521,DAM/DOH,Y,144,0,0,0,0,0,60,0.00,0 %,0.00,ACT,0.00,0,144
05/15/2024,RB522,DOH/DAM,C,11,0,0,0,0,0,4,0.00,0 %,0.00,ACT,0.00,0,11
05/15/2024,RB522,DOH/DAM,Y,144,0,0,0,0,0,63,0.00,0 %,0.00,ACT,0.00,0,144
05/15/2024,RB516,DXB/DAM,C,28,0,0,0,0,0,7,0.00,0 %,0.00,ACT,0.00,0,28
05/15/2024,RB516,DXB/DAM,Y,254,0,0,0,0,0,100,0.00,0 %,0.00,ACT,0.00,0,254
05/15/2024,RB201,DAM/CAI,C,11,0,0,0,0,0,0,0.00,0 %,0.00,ACT,0.00,0,11
05/15/2024,RB201,DAM/CAI,Y,144,0,0,0,0,0,2,0.00,0 %,0.00,ACT,0.00,0,144
05/15/2024,RB202,CAI/DAM,C,11,0,0,0,0,0,0,0.00,0 %,0.00,ACT,0.00,0,11
05/15/2024,RB202,CAI/DAM,Y,144,0,0,0,0,0,0,0.00,0 %,0.00,ACT,0.00,0,144
05/16/2024,RB515,DAM/DXB,C,28,0,0,0,0,0,18,0.00,0 %,0.00,ACT,0.00,0,28
05/16/2024,RB515,DAM/DXB,Y,254,0,0,0,0,0,103,0.00,0 %,0.00,ACT,0.00,0,254
05/16/2024,RB521,DAM/DOH,C,11,0,0,0,0,0,11,0.00,0 %,0.00,ACT,0.00,0,11
05/16/2024,RB521,DAM/DOH,Y,144,0,0,0,0,0,83,0.00,0 %,0.00,ACT,0.00,0,144
05/16/2024,RB522,DOH/DAM,C,11,0,0,0,0,0,11,0.00,0 %,0.00,ACT,0.00,0,11
05/16/2024,RB522,DOH/DAM,Y,144,0,0,0,0,0,108,0.00,0 %,0.00,ACT,0.00,0,144
05/16/2024,RB516,DXB/DAM,C,28,0,0,0,0,0,7,0.00,0 %,0.00,ACT,0.00,0,28
05/16/2024,RB516,DXB/DAM,Y,254,0,0,0,0,0,105,0.00,0 %,0.00,ACT,0.00,0,254
05/16/2024,RB341,DAM/KWI,C,11,0,0,0,0,0,8,0.00,0 %,0.00,ACT,0.00,0,11
05/16/2024,RB341,DAM/KWI,Y,144,0,0,0,0,0,78,0.00,0 %,0.00,ACT,0.00,0,144
05/16/2024,RB342,KWI/DAM,C,11,0,0,0,0,0,0,0.00,0 %,0.00,ACT,0.00,0,11
05/16/2024,RB342,KWI/DAM,Y,144,0,0,0,0,0,2,0.00,0 %,0.00,ACT,0.00,0,144
05/16/2024,RB531,DAM/BGW,C,11,0,0,0,0,0,9,0.00,0 %,0.00,ACT,0.00,0,11
05/16/2024,RB531,DAM/BGW,Y,144,0,0,0,0,0,0,0.00,0 %,0.00,ACT,0.00,0,144
05/17/2024,RB532,BGW/DAM,C,11,0,0,0,0,0,11,0.00,0 %,0.00,ACT,0.00,0,11
05/17/2024,RB532,BGW/DAM,Y,144,0,0,0,0,0,0,0.00,0 %,0.00,ACT,0.00,0,144
05/17/2024,RB121,DAM/KAC,C,11,0,0,0,0,0,5,0.00,0 %,0.00,ACT,0.00,0,11
05/17/2024,RB121,DAM/KAC,Y,144,0,0,0,0,0,10,0.00,0 %,0.00,ACT,0.00,0,144
05/17/2024,RB122,KAC/DAM,C,11,0,0,0,0,0,8,0.00,0 %,0.00,ACT,0.00,0,11
05/17/2024,RB122,KAC/DAM,Y,144,0,0,0,0,0,15,0.00,0 %,0.00,ACT,0.00,0,144
05/17/2024,RB501,DAM/SHJ,C,11,0,0,0,0,0,2,0.00,0 %,0.00,ACT,0.00,0,11
05/17/2024,RB501,DAM/SHJ,Y,144,0,0,0,0,0,38,0.00,0 %,0.00,ACT,0.00,0,144
05/17/2024,RB503,DAM/AUH,C,11,0,0,0,0,0,7,0.00,0 %,0.00,ACT,0.00,0,11
05/17/2024,RB503,DAM/AUH,Y,144,0,0,0,0,0,38,0.00,0 %,0.00,ACT,0.00,0,144
05/17/2024,RB502,SHJ/DAM,C,11,0,0,0,0,0,8,0.00,0 %,0.00,ACT,0.00,0,11
05/17/2024,RB502,SHJ/DAM,Y,144,0,0,0,0,0,75,0.00,0 %,0.00,ACT,0.00,0,144
05/17/2024,RB504,AUH/DAM,C,11,0,0,0,0,0,5,0.00,0 %,0.00,ACT,0.00,0,11
05/17/2024,RB504,AUH/DAM,Y,144,0,0,0,0,0,50,0.00,0 %,0.00,ACT,0.00,0,144
05/17/2024,RB533,DAM/NJF,C,11,0,0,0,0,0,11,0.00,0 %,0.00,ACT,0.00,0,11
05/17/2024,RB533,DAM/NJF,Y,144,0,0,0,0,0,0,0.00,0 %,0.00,ACT,0.00,0,144
05/17/2024,RB534,NJF/DAM,C,11,0,0,0,0,0,11,0.00,0 %,0.00,ACT,0.00,0,11
05/17/2024,RB534,NJF/DAM,Y,144,0,0,0,0,0,108,0.00,0 %,0.00,ACT,0.00,0,144
05/18/2024,RB515,DAM/DXB,C,28,0,0,0,0,0,3,0.00,0 %,0.00,ACT,0.00,0,28
05/18/2024,RB515,DAM/DXB,Y,254,0,0,0,0,0,91,0.00,0 %,0.00,ACT,0.00,0,254
05/18/2024,RB201,DAM/CAI,C,11,0,0,0,0,0,0,0.00,0 %,0.00,ACT,0.00,0,11
05/18/2024,RB201,DAM/CAI,Y,144,0,0,0,0,0,3,0.00,0 %,0.00,ACT,0.00,0,144
05/18/2024,RB521,DAM/DOH,C,11,0,0,0,0,0,8,0.00,0 %,0.00,ACT,0.00,0,11
05/18/2024,RB521,DAM/DOH,Y,144,0,0,0,0,0,30,0.00,0 %,0.00,ACT,0.00,0,144
05/18/2024,RB202,CAI/DAM,C,11,0,0,0,0,0,0,0.00,0 %,0.00,ACT,0.00,0,11
05/18/2024,RB202,CAI/DAM,Y,144,0,0,0,0,0,0,0.00,0 %,0.00,ACT,0.00,0,144
05/18/2024,RB522,DOH/DAM,C,11,0,0,0,0,0,1,0.00,0 %,0.00,ACT,0.00,0,11
05/18/2024,RB522,DOH/DAM,Y,144,0,0,0,0,0,88,0.00,0 %,0.00,ACT,0.00,0,144
05/18/2024,RB516,DXB/DAM,C,28,0,0,0,0,0,7,0.00,0 %,0.00,ACT,0.00,0,28
05/18/2024,RB516,DXB/DAM,Y,254,0,0,0,0,0,73,0.00,0 %,0.00,ACT,0.00,0,254
05/18/2024,RB341,DAM/KWI,C,11,0,0,0,0,0,9,0.00,0 %,0.00,ACT,0.00,0,11
05/18/2024,RB341,DAM/KWI,Y,144,0,0,0,0,0,69,0.00,0 %,0.00,ACT,0.00,0,144
05/18/2024,RB342,KWI/DAM,C,11,0,0,0,0,0,4,0.00,0 %,0.00,ACT,0.00,0,11
05/18/2024,RB342,KWI/DAM,Y,144,0,0,0,0,0,1,0.00,0 %,0.00,ACT,0.00,0,144
05/19/2024,RB501,DAM/SHJ,C,28,0,0,0,0,0,22,0.00,0 %,0.00,ACT,0.00,0,28
05/19/2024,RB501,DAM/SHJ,Y,254,0,0,0,0,0,136,0.00,0 %,0.00,ACT,0.00,0,254
05/19/2024,RB441,DAM/VKO,C,11,0,0,0,0,0,0,0.00,0 %,0.00,ACT,0.00,0,11
05/19/2024,RB441,DAM/VKO,Y,96,0,0,0,0,0,6,0.00,0 %,0.00,ACT,0.00,0,96
05/19/2024,RB502,SHJ/DAM,C,28,0,0,0,0,0,24,0.00,0 %,0.00,ACT,0.00,0,28
05/19/2024,RB502,SHJ/DAM,Y,254,0,0,0,0,0,137,0.00,0 %,0.00,ACT,0.00,0,254
05/19/2024,RB442,VKO/DAM,C,11,0,0,0,0,0,10,0.00,0 %,0.00,ACT,0.00,0,11
05/19/2024,RB442,VKO/DAM,Y,114,0,0,0,0,0,65,0.00,0 %,0.00,ACT,0.00,0,114
05/20/2024,RB515,DAM/DXB,C,28,0,0,0,0,0,14,0.00,0 %,0.00,ACT,0.00,0,28
05/20/2024,RB515,DAM/DXB,Y,254,0,0,0,0,0,99,0.00,0 %,0.00,ACT,0.00,0,254
05/20/2024,RB516,DXB/DAM,C,28,0,0,0,0,0,9,0.00,0 %,0.00,ACT,0.00,0,28
05/20/2024,RB516,DXB/DAM,Y,254,0,0,0,0,0,84,0.00,0 %,0.00,ACT,0.00,0,254
05/20/2024,RB201,DAM/CAI,C,11,0,0,0,0,0,0,0.00,0 %,0.00,ACT,0.00,0,11
05/20/2024,RB201,DAM/CAI,Y,144,0,0,0,0,0,4,0.00,0 %,0.00,ACT,0.00,0,144
05/20/2024,RB202,CAI/DAM,C,11,0,0,0,0,0,4,0.00,0 %,0.00,ACT,0.00,0,11
05/20/2024,RB202,CAI/DAM,Y,144,0,0,0,0,0,1,0.00,0 %,0.00,ACT,0.00,0,144
05/20/2024,RB531,DAM/BGW,C,11,0,0,0,0,0,11,0.00,0 %,0.00,ACT,0.00,0,11
05/20/2024,RB531,DAM/BGW,Y,144,0,0,0,0,0,0,0.00,0 %,0.00,ACT,0.00,0,144
05/20/2024,RB532,BGW/DAM,C,11,0,0,0,0,0,11,0.00,0 %,0.00,ACT,0.00,0,11
05/20/2024,RB532,BGW/DAM,Y,144,0,0,0,0,0,135,0.00,0 %,0.00,ACT,0.00,0,144
05/21/2024,RB503,DAM/AUH,C,11,0,0,0,0,0,7,0.00,0 %,0.00,ACT,0.00,0,11
05/21/2024,RB503,DAM/AUH,Y,144,0,0,0,0,0,48,0.00,0 %,0.00,ACT,0.00,0,144
05/21/2024,RB501,DAM/SHJ,C,11,0,0,0,0,0,6,0.00,0 %,0.00,ACT,0.00,0,11
05/21/2024,RB501,DAM/SHJ,Y,144,0,0,0,0,0,63,0.00,0 %,0.00,ACT,0.00,0,144
05/21/2024,RB504,AUH/DAM,C,11,0,0,0,0,0,4,0.00,0 %,0.00,ACT,0.00,0,11
05/21/2024,RB504,AUH/DAM,Y,144,0,0,0,0,0,36,0.00,0 %,0.00,ACT,0.00,0,144
05/21/2024,RB341,DAM/KWI,C,11,0,0,0,0,0,10,0.00,0 %,0.00,ACT,0.00,0,11
05/21/2024,RB341,DAM/KWI,Y,144,0,0,0,0,0,81,0.00,0 %,0.00,ACT,0.00,0,144
05/21/2024,RB502,SHJ/DAM,C,11,0,0,0,0,0,7,0.00,0 %,0.00,ACT,0.00,0,11
05/21/2024,RB502,SHJ/DAM,Y,144,0,0,0,0,0,53,0.00,0 %,0.00,ACT,0.00,0,144
05/21/2024,RB342,KWI/DAM,C,11,0,0,0,0,0,1,0.00,0 %,0.00,ACT,0.00,0,11
05/21/2024,RB342,KWI/DAM,Y,144,0,0,0,0,0,2,0.00,0 %,0.00,ACT,0.00,0,144
05/21/2024,RB533,DAM/NJF,C,11,0,0,0,0,0,11,0.00,0 %,0.00,ACT,0.00,0,11
05/21/2024,RB533,DAM/NJF,Y,144,0,0,0,0,0,0,0.00,0 %,0.00,ACT,0.00,0,144
05/21/2024,RB534,NJF/DAM,C,11,0,0,0,0,0,11,0.00,0 %,0.00,ACT,0.00,0,11
05/21/2024,RB534,NJF/DAM,Y,144,0,0,0,0,0,144,0.00,0 %,0.00,ACT,0.00,0,144
05/22/2024,RB515,DAM/DXB,C,11,0,0,0,0,0,2,0.00,0 %,0.00,ACT,0.00,0,11
05/22/2024,RB515,DAM/DXB,Y,144,0,0,0,0,0,30,0.00,0 %,0.00,ACT,0.00,0,144
05/22/2024,RB521,DAM/DOH,C,11,0,0,0,0,0,3,0.00,0 %,0.00,ACT,0.00,0,11
05/22/2024,RB521,DAM/DOH,Y,144,0,0,0,0,0,7,0.00,0 %,0.00,ACT,0.00,0,144
05/22/2024,RB522,DOH/DAM,C,11,0,0,0,0,0,4,0.00,0 %,0.00,ACT,0.00,0,11
05/22/2024,RB522,DOH/DAM,Y,144,0,0,0,0,0,62,0.00,0 %,0.00,ACT,0.00,0,144
05/22/2024,RB516,DXB/DAM,C,11,0,0,0,0,0,2,0.00,0 %,0.00,ACT,0.00,0,11
05/22/2024,RB516,DXB/DAM,Y,144,0,0,0,0,0,15,0.00,0 %,0.00,ACT,0.00,0,144
05/22/2024,RB201,DAM/CAI,C,11,0,0,0,0,0,0,0.00,0 %,0.00,ACT,0.00,0,11
05/22/2024,RB201,DAM/CAI,Y,144,0,0,0,0,0,0,0.00,0 %,0.00,ACT,0.00,0,144
05/22/2024,RB202,CAI/DAM,C,11,0,0,0,0,0,0,0.00,0 %,0.00,ACT,0.00,0,11
05/22/2024,RB202,CAI/DAM,Y,144,0,0,0,0,0,0,0.00,0 %,0.00,ACT,0.00,0,144
05/23/2024,RB515,DAM/DXB,C,28,0,0,0,0,0,16,0.00,0 %,0.00,ACT,0.00,0,28
05/23/2024,RB515,DAM/DXB,Y,254,0,0,0,0,0,109,0.00,0 %,0.00,ACT,0.00,0,254
05/23/2024,RB341,DAM/KWI,C,11,0,0,0,0,0,9,0.00,0 %,0.00,ACT,0.00,0,11
05/23/2024,RB341,DAM/KWI,Y,144,0,0,0,0,0,114,0.00,0 %,0.00,ACT,0.00,0,144
05/23/2024,RB342,KWI/DAM,C,11,0,0,0,0,0,6,0.00,0 %,0.00,ACT,0.00,0,11
05/23/2024,RB342,KWI/DAM,Y,144,0,0,0,0,0,0,0.00,0 %,0.00,ACT,0.00,0,144
05/23/2024,RB516,DXB/DAM,C,28,0,0,0,0,0,11,0.00,0 %,0.00,ACT,0.00,0,28
05/23/2024,RB516,DXB/DAM,Y,254,0,0,0,0,0,53,0.00,0 %,0.00,ACT,0.00,0,254
05/23/2024,RB531,DAM/BGW,C,11,0,0,0,0,0,11,0.00,0 %,0.00,ACT,0.00,0,11
05/23/2024,RB531,DAM/BGW,Y,144,0,0,0,0,0,0,0.00,0 %,0.00,ACT,0.00,0,144
05/23/2024,RB532,BGW/DAM,C,11,0,0,0,0,0,11,0.00,0 %,0.00,ACT,0.00,0,11
05/23/2024,RB532,BGW/DAM,Y,144,0,0,0,0,0,120,0.00,0 %,0.00,ACT,0.00,0,144
05/24/2024,RB121,DAM/KAC,C,11,0,0,0,0,0,9,0.00,0 %,0.00,ACT,0.00,0,11
05/24/2024,RB121,DAM/KAC,Y,144,0,0,0,0,0,20,0.00,0 %,0.00,ACT,0.00,0,144
05/24/2024,RB122,KAC/DAM,C,11,0,0,0,0,0,4,0.00,0 %,0.00,ACT,0.00,0,11
05/24/2024,RB122,KAC/DAM,Y,144,0,0,0,0,0,4,0.00,0 %,0.00,ACT,0.00,0,144
05/24/2024,RB501,DAM/SHJ,C,11,0,0,0,0,0,9,0.00,0 %,0.00,ACT,0.00,0,11
05/24/2024,RB501,DAM/SHJ,Y,144,0,0,0,0,0,36,0.00,0 %,0.00,ACT,0.00,0,144
05/24/2024,RB503,DAM/AUH,C,11,0,0,0,0,0,8,0.00,0 %,0.00,ACT,0.00,0,11
05/24/2024,RB503,DAM/AUH,Y,144,0,0,0,0,0,34,0.00,0 %,0.00,ACT,0.00,0,144
05/24/2024,RB502,SHJ/DAM,C,11,0,0,0,0,0,9,0.00,0 %,0.00,ACT,0.00,0,11
05/24/2024,RB502,SHJ/DAM,Y,144,0,0,0,0,0,19,0.00,0 %,0.00,ACT,0.00,0,144
05/24/2024,RB504,AUH/DAM,C,11,0,0,0,0,0,8,0.00,0 %,0.00,ACT,0.00,0,11
05/24/2024,RB504,AUH/DAM,Y,144,0,0,0,0,0,29,0.00,0 %,0.00,ACT,0.00,0,144
05/25/2024,RB515,DAM/DXB,C,28,0,0,0,0,0,21,0.00,0 %,0.00,ACT,0.00,0,28
05/25/2024,RB515,DAM/DXB,Y,254,0,0,0,0,0,32,0.00,0 %,0.00,ACT,0.00,0,254
05/25/2024,RB201,DAM/CAI,C,11,0,0,0,0,0,0,0.00,0 %,0.00,ACT,0.00,0,11
05/25/2024,RB201,DAM/CAI,Y,144,0,0,0,0,0,8,0.00,0 %,0.00,ACT,0.00,0,144
05/25/2024,RB521,DAM/DOH,C,11,0,0,0,0,0,1,0.00,0 %,0.00,ACT,0.00,0,11
05/25/2024,RB521,DAM/DOH,Y,144,0,0,0,0,0,1,0.00,0 %,0.00,ACT,0.00,0,144
05/25/2024,RB202,CAI/DAM,C,11,0,0,0,0,0,3,0.00,0 %,0.00,ACT,0.00,0,11
05/25/2024,RB202,CAI/DAM,Y,144,0,0,0,0,0,0,0.00,0 %,0.00,ACT,0.00,0,144
05/25/2024,RB522,DOH/DAM,C,11,0,0,0,0,0,2,0.00,0 %,0.00,ACT,0.00,0,11
05/25/2024,RB522,DOH/DAM,Y,144,0,0,0,0,0,17,0.00,0 %,0.00,ACT,0.00,0,144
05/25/2024,RB516,DXB/DAM,C,28,0,0,0,0,0,2,0.00,0 %,0.00,ACT,0.00,0,28
05/25/2024,RB516,DXB/DAM,Y,254,0,0,0,0,0,11,0.00,0 %,0.00,ACT,0.00,0,254
05/25/2024,RB341,DAM/KWI,C,11,0,0,0,0,0,10,0.00,0 %,0.00,ACT,0.00,0,11
05/25/2024,RB341,DAM/KWI,Y,144,0,0,0,0,0,20,0.00,0 %,0.00,ACT,0.00,0,144
05/25/2024,RB342,KWI/DAM,C,11,0,0,0,0,0,0,0.00,0 %,0.00,ACT,0.00,0,11
05/25/2024,RB342,KWI/DAM,Y,144,0,0,0,0,0,0,0.00,0 %,0.00,ACT,0.00,0,144
05/26/2024,RB501,DAM/SHJ,C,11,0,0,0,0,0,10,0.00,0 %,0.00,ACT,0.00,0,11
05/26/2024,RB501,DAM/SHJ,Y,144,0,0,0,0,0,16,0.00,0 %,0.00,ACT,0.00,0,144
05/26/2024,RB441,DAM/VKO,C,11,0,0,0,0,0,10,0.00,0 %,0.00,ACT,0.00,0,11
05/26/2024,RB441,DAM/VKO,Y,96,0,0,0,0,0,41,0.00,0 %,0.00,ACT,0.00,0,96
05/26/2024,RB502,SHJ/DAM,C,11,0,0,0,0,0,1,0.00,0 %,0.00,ACT,0.00,0,11
05/26/2024,RB502,SHJ/DAM,Y,144,0,0,0,0,0,8,0.00,0 %,0.00,ACT,0.00,0,144
05/26/2024,RB442,VKO/DAM,C,11,0,0,0,0,0,0,0.00,0 %,0.00,ACT,0.00,0,11
05/26/2024,RB442,VKO/DAM,Y,114,0,0,0,0,0,5,0.00,0 %,0.00,ACT,0.00,0,114
05/27/2024,RB515,DAM/DXB,C,28,0,0,0,0,0,16,0.00,0 %,0.00,ACT,0.00,0,28
05/27/2024,RB515,DAM/DXB,Y,254,0,0,0,0,0,146,0.00,0 %,0.00,ACT,0.00,0,254
05/27/2024,RB516,DXB/DAM,C,28,0,0,0,0,0,18,0.00,0 %,0.00,ACT,0.00,0,28
05/27/2024,RB516,DXB/DAM,Y,254,0,0,0,0,0,106,0.00,0 %,0.00,ACT,0.00,0,254
05/27/2024,RB201,DAM/CAI,C,11,0,0,0,0,0,0,0.00,0 %,0.00,ACT,0.00,0,11
05/27/2024,RB201,DAM/CAI,Y,144,0,0,0,0,0,7,0.00,0 %,0.00,ACT,0.00,0,144
05/27/2024,RB202,CAI/DAM,C,11,0,0,0,0,0,1,0.00,0 %,0.00,ACT,0.00,0,11
05/27/2024,RB202,CAI/DAM,Y,144,0,0,0,0,0,0,0.00,0 %,0.00,ACT,0.00,0,144
05/28/2024,RB1661,DAM/JED,C,28,0,0,0,0,0,28,0.00,0 %,0.00,ACT,0.00,0,28
05/28/2024,RB1661,DAM/JED,Y,254,0,0,0,0,0,0,0.00,0 %,0.00,ACT,0.00,0,254
05/28/2024,RB503,DAM/AUH,C,11,0,0,0,0,0,6,0.00,0 %,0.00,ACT,0.00,0,11
05/28/2024,RB503,DAM/AUH,Y,144,0,0,0,0,0,101,0.00,0 %,0.00,ACT,0.00,0,144
05/28/2024,RB501,DAM/SHJ,C,11,0,0,0,0,0,11,0.00,0 %,0.00,ACT,0.00,0,11
05/28/2024,RB501,DAM/SHJ,Y,144,0,0,0,0,0,100,0.00,0 %,0.00,ACT,0.00,0,144
05/28/2024,RB504,AUH/DAM,C,11,0,0,0,0,0,10,0.00,0 %,0.00,ACT,0.00,0,11
05/28/2024,RB504,AUH/DAM,Y,144,0,0,0,0,0,90,0.00,0 %,0.00,ACT,0.00,0,144
05/28/2024,RB341,DAM/KWI,C,11,0,0,0,0,0,11,0.00,0 %,0.00,ACT,0.00,0,11
05/28/2024,RB341,DAM/KWI,Y,144,0,0,0,0,0,142,0.00,0 %,0.00,ACT,0.00,0,144
05/28/2024,RB502,SHJ/DAM,C,11,0,0,0,0,0,11,0.00,0 %,0.00,ACT,0.00,0,11
05/28/2024,RB502,SHJ/DAM,Y,144,0,0,0,0,0,96,0.00,0 %,0.00,ACT,0.00,0,144
05/28/2024,RB1667,DAM/JED,C,28,0,0,0,0,0,28,0.00,0 %,0.00,ACT,0.00,0,28
05/28/2024,RB1667,DAM/JED,Y,254,0,0,0,0,0,0,0.00,0 %,0.00,ACT,0.00,0,254
05/28/2024,RB342,KWI/DAM,C,11,0,0,0,0,0,11,0.00,0 %,0.00,ACT,0.00,0,11
05/28/2024,RB342,KWI/DAM,Y,144,0,0,0,0,0,137,0.00,0 %,0.00,ACT,0.00,0,144
05/29/2024,RB1673,DAM/JED,C,28,0,0,0,0,0,28,0.00,0 %,0.00,ACT,0.00,0,28
05/29/2024,RB1673,DAM/JED,Y,254,0,0,0,0,0,0,0.00,0 %,0.00,ACT,0.00,0,254
05/29/2024,RB515,DAM/DXB,C,11,0,0,0,0,0,6,0.00,0 %,0.00,ACT,0.00,0,11
05/29/2024,RB515,DAM/DXB,Y,144,0,0,0,0,0,60,0.00,0 %,0.00,ACT,0.00,0,144
05/29/2024,RB516,DXB/DAM,C,11,0,0,0,0,0,1,0.00,0 %,0.00,ACT,0.00,0,11
05/29/2024,RB516,DXB/DAM,Y,144,0,0,0,0,0,12,0.00,0 %,0.00,ACT,0.00,0,144
05/29/2024,RB201,DAM/CAI,C,27,0,0,0,0,0,14,0.00,0 %,0.00,ACT,0.00,0,27
05/29/2024,RB201,DAM/CAI,Y,254,0,0,0,0,0,110,0.00,0 %,0.00,ACT,0.00,0,254
05/29/2024,RB1679,DAM/JED,C,11,0,0,0,0,0,11,0.00,0 %,0.00,ACT,0.00,0,11
05/29/2024,RB1679,DAM/JED,Y,144,0,0,0,0,0,0,0.00,0 %,0.00,ACT,0.00,0,144
05/29/2024,RB202,CAI/DAM,C,27,0,0,0,0,0,16,0.00,0 %,0.00,ACT,0.00,0,27
05/29/2024,RB202,CAI/DAM,Y,254,0,0,0,0,0,86,0.00,0 %,0.00,ACT,0.00,0,254
05/30/2024,RB521,DAM/DOH,C,11,0,0,0,0,0,2,0.00,0 %,0.00,ACT,0.00,0,11
05/30/2024,RB521,DAM/DOH,Y,144,0,0,0,0,0,2,0.00,0 %,0.00,ACT,0.00,0,144
05/30/2024,RB1683,DAM/JED,C,28,0,0,0,0,0,28,0.00,0 %,0.00,ACT,0.00,0,28
05/30/2024,RB1683,DAM/JED,Y,254,0,0,0,0,0,0,0.00,0 %,0.00,ACT,0.00,0,254
05/30/2024,RB522,DOH/DAM,C,11,0,0,0,0,0,1,0.00,0 %,0.00,ACT,0.00,0,11
05/30/2024,RB522,DOH/DAM,Y,144,0,0,0,0,0,9,0.00,0 %,0.00,ACT,0.00,0,144
05/30/2024,RB341,DAM/KWI,C,11,0,0,0,0,0,11,0.00,0 %,0.00,ACT,0.00,0,11
05/30/2024,RB341,DAM/KWI,Y,144,0,0,0,0,0,105,0.00,0 %,0.00,ACT,0.00,0,144
05/30/2024,RB342,KWI/DAM,C,11,0,0,0,0,0,2,0.00,0 %,0.00,ACT,0.00,0,11
05/30/2024,RB342,KWI/DAM,Y,144,0,0,0,0,0,52,0.00,0 %,0.00,ACT,0.00,0,144
05/30/2024,RB1685,DAM/JED,C,11,0,0,0,0,0,11,0.00,0 %,0.00,ACT,0.00,0,11
05/30/2024,RB1685,DAM/JED,Y,144,0,0,0,0,0,0,0.00,0 %,0.00,ACT,0.00,0,144
05/30/2024,RB515,DAM/DXB,C,11,0,0,0,0,0,2,0.00,0 %,0.00,ACT,0.00,0,11
05/30/2024,RB515,DAM/DXB,Y,144,0,0,0,0,0,9,0.00,0 %,0.00,ACT,0.00,0,144
05/30/2024,RB1687,DAM/JED,C,28,0,0,0,0,0,28,0.00,0 %,0.00,ACT,0.00,0,28
05/30/2024,RB1687,DAM/JED,Y,254,0,0,0,0,0,0,0.00,0 %,0.00,ACT,0.00,0,254
05/30/2024,RB1689,DAM/JED,C,11,0,0,0,0,0,11,0.00,0 %,0.00,ACT,0.00,0,11
05/30/2024,RB1689,DAM/JED,Y,144,0,0,0,0,0,0,0.00,0 %,0.00,ACT,0.00,0,144
05/30/2024,RB516,DXB/DAM,C,11,0,0,0,0,0,0,0.00,0 %,0.00,ACT,0.00,0,11
05/30/2024,RB516,DXB/DAM,Y,144,0,0,0,0,0,38,0.00,0 %,0.00,ACT,0.00,0,144
05/31/2024,RB527,DAM/DOH,C,11,0,0,0,0,0,7,0.00,0 %,0.00,ACT,0.00,0,11
05/31/2024,RB527,DAM/DOH,Y,144,0,0,0,0,0,7,0.00,0 %,0.00,ACT,0.00,0,144
05/31/2024,RB1691,DAM/JED,C,11,0,0,0,0,0,11,0.00,0 %,0.00,ACT,0.00,0,11
05/31/2024,RB1691,DAM/JED,Y,144,0,0,0,0,0,0,0.00,0 %,0.00,ACT,0.00,0,144
05/31/2024,RB528,DOH/DAM,C,11,0,0,0,0,0,4,0.00,0 %,0.00,ACT,0.00,0,11
05/31/2024,RB528,DOH/DAM,Y,144,0,0,0,0,0,11,0.00,0 %,0.00,ACT,0.00,0,144
05/31/2024,RB1693,DAM/JED,C,28,0,0,0,0,0,28,0.00,0 %,0.00,ACT,0.00,0,28
05/31/2024,RB1693,DAM/JED,Y,254,0,0,0,0,0,0,0.00,0 %,0.00,ACT,0.00,0,254
05/31/2024,RB121,DAM/KAC,C,11,0,0,0,0,0,11,0.00,0 %,0.00,ACT,0.00,0,11
05/31/2024,RB121,DAM/KAC,Y,144,0,0,0,0,0,144,0.00,0 %,0.00,ACT,0.00,0,144
05/31/2024,RB122,KAC/DAM,C,11,0,0,0,0,0,10,0.00,0 %,0.00,ACT,0.00,0,11
05/31/2024,RB122,KAC/DAM,Y,144,0,0,0,0,0,143,0.00,0 %,0.00,ACT,0.00,0,144
05/31/2024,RB501,DAM/SHJ,C,11,0,0,0,0,0,11,0.00,0 %,0.00,ACT,0.00,0,11
05/31/2024,RB501,DAM/SHJ,Y,144,0,0,0,0,0,88,0.00,0 %,0.00,ACT,0.00,0,144
05/31/2024,RB503,DAM/AUH,C,11,0,0,0,0,0,10,0.00,0 %,0.00,ACT,0.00,0,11
05/31/2024,RB503,DAM/AUH,Y,144,0,0,0,0,0,77,0.00,0 %,0.00,ACT,0.00,0,144
05/31/2024,RB502,SHJ/DAM,C,11,0,0,0,0,0,9,0.00,0 %,0.00,ACT,0.00,0,11
05/31/2024,RB502,SHJ/DAM,Y,144,0,0,0,0,0,66,0.00,0 %,0.00,ACT,0.00,0,144
05/31/2024,RB504,AUH/DAM,C,11,0,0,0,0,0,11,0.00,0 %,0.00,ACT,0.00,0,11
05/31/2024,RB504,AUH/DAM,Y,144,0,0,0,0,0,81,0.00,0 %,0.00,ACT,0.00,0,144
05/31/2024,RB1695,DAM/JED,C,28,0,0,0,0,0,28,0.00,0 %,0.00,ACT,0.00,0,28
05/31/2024,RB1695,DAM/JED,Y,254,0,0,0,0,0,0,0.00,0 %,0.00,ACT,0.00,0,254
05/31/2024,RB1697,DAM/JED,C,11,0,0,0,0,0,11,0.00,0 %,0.00,ACT,0.00,0,11
05/31/2024,RB1697,DAM/JED,Y,144,0,0,0,0,0,0,0.00,0 %,0.00,ACT,0.00,0,144
06/01/2024,RB1699,DAM/JED,C,11,0,0,0,0,0,11,0.00,0 %,0.00,ACT,0.00,0,11
06/01/2024,RB1699,DAM/JED,Y,144,0,0,0,0,0,0,0.00,0 %,0.00,ACT,0.00,0,144
06/01/2024,RB1701,DAM/JED,C,28,0,0,0,0,0,28,0.00,0 %,0.00,ACT,0.00,0,28
06/01/2024,RB1701,DAM/JED,Y,254,0,0,0,0,0,0,0.00,0 %,0.00,ACT,0.00,0,254
06/01/2024,RB515,DAM/DXB,C,11,0,0,0,0,0,0,0.00,0 %,0.00,ACT,0.00,0,11
06/01/2024,RB515,DAM/DXB,Y,144,0,0,0,0,0,56,0.00,0 %,0.00,ACT,0.00,0,144
06/01/2024,RB516,DXB/DAM,C,11,0,0,0,0,0,0,0.00,0 %,0.00,ACT,0.00,0,11
06/01/2024,RB516,DXB/DAM,Y,144,0,0,0,0,0,1,0.00,0 %,0.00,ACT,0.00,0,144
06/01/2024,RB341,DAM/KWI,C,11,0,0,0,0,0,10,0.00,0 %,0.00,ACT,0.00,0,11
06/01/2024,RB341,DAM/KWI,Y,144,0,0,0,0,0,108,0.00,0 %,0.00,ACT,0.00,0,144
06/01/2024,RB521,DAM/DOH,C,11,0,0,0,0,0,7,0.00,0 %,0.00,ACT,0.00,0,11
06/01/2024,RB521,DAM/DOH,Y,144,0,0,0,0,0,11,0.00,0 %,0.00,ACT,0.00,0,144
06/01/2024,RB1703,DAM/JED,C,11,0,0,0,0,0,11,0.00,0 %,0.00,ACT,0.00,0,11
06/01/2024,RB1703,DAM/JED,Y,144,0,0,0,0,0,0,0.00,0 %,0.00,ACT,0.00,0,144
06/01/2024,RB342,KWI/DAM,C,11,0,0,0,0,0,5,0.00,0 %,0.00,ACT,0.00,0,11
06/01/2024,RB342,KWI/DAM,Y,144,0,0,0,0,0,57,0.00,0 %,0.00,ACT,0.00,0,144
06/01/2024,RB1705,DAM/JED,C,28,0,0,0,0,0,28,0.00,0 %,0.00,ACT,0.00,0,28
06/01/2024,RB1705,DAM/JED,Y,254,0,0,0,0,0,0,0.00,0 %,0.00,ACT,0.00,0,254
06/01/2024,RB522,DOH/DAM,C,11,0,0,0,0,0,1,0.00,0 %,0.00,ACT,0.00,0,11
06/01/2024,RB522,DOH/DAM,Y,144,0,0,0,0,0,6,0.00,0 %,0.00,ACT,0.00,0,144
06/02/2024,RB201,DAM/CAI,C,11,0,0,0,0,0,1,0.00,0 %,0.00,ACT,0.00,0,11
06/02/2024,RB201,DAM/CAI,Y,144,0,0,0,0,0,2,0.00,0 %,0.00,ACT,0.00,0,144
06/02/2024,RB1707,DAM/JED,C,11,0,0,0,0,0,11,0.00,0 %,0.00,ACT,0.00,0,11
06/02/2024,RB1707,DAM/JED,Y,144,0,0,0,0,0,0,0.00,0 %,0.00,ACT,0.00,0,144
06/02/2024,RB202,CAI/DAM,C,11,0,0,0,0,0,0,0.00,0 %,0.00,ACT,0.00,0,11
06/02/2024,RB202,CAI/DAM,Y,144,0,0,0,0,0,0,0.00,0 %,0.00,ACT,0.00,0,144
06/02/2024,RB1709,DAM/JED,C,28,0,0,0,0,0,28,0.00,0 %,0.00,ACT,0.00,0,28
06/02/2024,RB1709,DAM/JED,Y,254,0,0,0,0,0,0,0.00,0 %,0.00,ACT,0.00,0,254
06/02/2024,RB501,DAM/SHJ,C,11,0,0,0,0,0,11,0.00,0 %,0.00,ACT,0.00,0,11
06/02/2024,RB501,DAM/SHJ,Y,144,0,0,0,0,0,119,0.00,0 %,0.00,ACT,0.00,0,144
06/02/2024,RB441,DAM/VKO,C,11,0,0,0,0,0,8,0.00,0 %,0.00,ACT,0.00,0,11
06/02/2024,RB441,DAM/VKO,Y,96,0,0,0,0,0,69,0.00,0 %,0.00,ACT,0.00,0,96
06/02/2024,RB502,SHJ/DAM,C,11,0,0,0,0,0,6,0.00,0 %,0.00,ACT,0.00,0,11
06/02/2024,RB502,SHJ/DAM,Y,144,0,0,0,0,0,107,0.00,0 %,0.00,ACT,0.00,0,144
06/02/2024,RB1711,DAM/JED,C,11,0,0,0,0,0,11,0.00,0 %,0.00,ACT,0.00,0,11
06/02/2024,RB1711,DAM/JED,Y,144,0,0,0,0,0,0,0.00,0 %,0.00,ACT,0.00,0,144
06/02/2024,RB1713,DAM/JED,C,28,0,0,0,0,0,28,0.00,0 %,0.00,ACT,0.00,0,28
06/02/2024,RB1713,DAM/JED,Y,254,0,0,0,0,0,0,0.00,0 %,0.00,ACT,0.00,0,254
06/02/2024,RB442,VKO/DAM,C,11,0,0,0,0,0,9,0.00,0 %,0.00,ACT,0.00,0,11
06/02/2024,RB442,VKO/DAM,Y,114,0,0,0,0,0,61,0.00,0 %,0.00,ACT,0.00,0,114
06/03/2024,RB1715,DAM/JED,C,11,0,0,0,0,0,11,0.00,0 %,0.00,ACT,0.00,0,11
06/03/2024,RB1715,DAM/JED,Y,144,0,0,0,0,0,0,0.00,0 %,0.00,ACT,0.00,0,144
06/03/2024,RB1717,DAM/JED,C,28,0,0,0,0,0,28,0.00,0 %,0.00,ACT,0.00,0,28
06/03/2024,RB1717,DAM/JED,Y,254,0,0,0,0,0,0,0.00,0 %,0.00,ACT,0.00,0,254
06/03/2024,RB515,DAM/DXB,C,11,0,0,0,0,0,4,0.00,0 %,0.00,ACT,0.00,0,11
06/03/2024,RB515,DAM/DXB,Y,144,0,0,0,0,0,64,0.00,0 %,0.00,ACT,0.00,0,144
06/03/2024,RB516,DXB/DAM,C,11,0,0,0,0,0,1,0.00,0 %,0.00,ACT,0.00,0,11
06/03/2024,RB516,DXB/DAM,Y,144,0,0,0,0,0,4,0.00,0 %,0.00,ACT,0.00,0,144
06/03/2024,RB1719,DAM/JED,C,11,0,0,0,0,0,11,0.00,0 %,0.00,ACT,0.00,0,11
06/03/2024,RB1719,DAM/JED,Y,144,0,0,0,0,0,0,0.00,0 %,0.00,ACT,0.00,0,144
06/03/2024,RB201,DAM/CAI,C,11,0,0,0,0,0,2,0.00,0 %,0.00,ACT,0.00,0,11
06/03/2024,RB201,DAM/CAI,Y,144,0,0,0,0,0,7,0.00,0 %,0.00,ACT,0.00,0,144
06/03/2024,RB1721,DAM/JED,C,28,0,0,0,0,0,28,0.00,0 %,0.00,ACT,0.00,0,28
06/03/2024,RB1721,DAM/JED,Y,254,0,0,0,0,0,0,0.00,0 %,0.00,ACT,0.00,0,254
06/03/2024,RB202,CAI/DAM,C,11,0,0,0,0,0,0,0.00,0 %,0.00,ACT,0.00,0,11
06/03/2024,RB202,CAI/DAM,Y,144,0,0,0,0,0,0,0.00,0 %,0.00,ACT,0.00,0,144
06/04/2024,RB1723,DAM/JED,C,11,0,0,0,0,0,11,0.00,0 %,0.00,ACT,0.00,0,11
06/04/2024,RB1723,DAM/JED,Y,144,0,0,0,0,0,0,0.00,0 %,0.00,ACT,0.00,0,144
06/04/2024,RB1725,DAM/JED,C,28,0,0,0,0,0,28,0.00,0 %,0.00,ACT,0.00,0,28
06/04/2024,RB1725,DAM/JED,Y,254,0,0,0,0,0,0,0.00,0 %,0.00,ACT,0.00,0,254
06/04/2024,RB503,DAM/AUH,C,11,0,0,0,0,0,11,0.00,0 %,0.00,ACT,0.00,0,11
06/04/2024,RB503,DAM/AUH,Y,144,0,0,0,0,0,132,0.00,0 %,0.00,ACT,0.00,0,144
06/04/2024,RB501,DAM/SHJ,C,11,0,0,0,0,0,11,0.00,0 %,0.00,ACT,0.00,0,11
06/04/2024,RB501,DAM/SHJ,Y,144,0,0,0,0,0,129,0.00,0 %,0.00,ACT,0.00,0,144
06/04/2024,RB504,AUH/DAM,C,11,0,0,0,0,0,10,0.00,0 %,0.00,ACT,0.00,0,11
06/04/2024,RB504,AUH/DAM,Y,144,0,0,0,0,0,103,0.00,0 %,0.00,ACT,0.00,0,144
06/04/2024,RB1727,DAM/JED,C,11,0,0,0,0,0,11,0.00,0 %,0.00,ACT,0.00,0,11
06/04/2024,RB1727,DAM/JED,Y,144,0,0,0,0,0,0,0.00,0 %,0.00,ACT,0.00,0,144
06/04/2024,RB341,DAM/KWI,C,11,0,0,0,0,0,11,0.00,0 %,0.00,ACT,0.00,0,11
06/04/2024,RB341,DAM/KWI,Y,144,0,0,0,0,0,140,0.00,0 %,0.00,ACT,0.00,0,144
06/04/2024,RB502,SHJ/DAM,C,11,0,0,0,0,0,10,0.00,0 %,0.00,ACT,0.00,0,11
06/04/2024,RB502,SHJ/DAM,Y,144,0,0,0,0,0,115,0.00,0 %,0.00,ACT,0.00,0,144
06/04/2024,RB1729,DAM/JED,C,28,0,0,0,0,0,28,0.00,0 %,0.00,ACT,0.00,0,28
06/04/2024,RB1729,DAM/JED,Y,254,0,0,0,0,0,0,0.00,0 %,0.00,ACT,0.00,0,254
06/04/2024,RB342,KWI/DAM,C,11,0,0,0,0,0,11,0.00,0 %,0.00,ACT,0.00,0,11
06/04/2024,RB342,KWI/DAM,Y,144,0,0,0,0,0,144,0.00,0 %,0.00,ACT,0.00,0,144
06/05/2024,RB1731,DAM/JED,C,11,0,0,0,0,0,11,0.00,0 %,0.00,ACT,0.00,0,11
06/05/2024,RB1731,DAM/JED,Y,144,0,0,0,0,0,0,0.00,0 %,0.00,ACT,0.00,0,144
06/05/2024,RB1733,DAM/JED,C,28,0,0,0,0,0,28,0.00,0 %,0.00,ACT,0.00,0,28
06/05/2024,RB1733,DAM/JED,Y,254,0,0,0,0,0,0,0.00,0 %,0.00,ACT,0.00,0,254
06/05/2024,RB515,DAM/DXB,C,11,0,0,0,0,0,10,0.00,0 %,0.00,ACT,0.00,0,11
06/05/2024,RB515,DAM/DXB,Y,144,0,0,0,0,0,98,0.00,0 %,0.00,ACT,0.00,0,144
06/05/2024,RB516,DXB/DAM,C,11,0,0,0,0,0,0,0.00,0 %,0.00,ACT,0.00,0,11
06/05/2024,RB516,DXB/DAM,Y,144,0,0,0,0,0,8,0.00,0 %,0.00,ACT,0.00,0,144
06/05/2024,RB1737,DAM/JED,C,28,0,0,0,0,0,28,0.00,0 %,0.00,ACT,0.00,0,28
06/05/2024,RB1737,DAM/JED,Y,254,0,0,0,0,0,0,0.00,0 %,0.00,ACT,0.00,0,254
06/05/2024,RB1735,DAM/JED,C,11,0,0,0,0,0,11,0.00,0 %,0.00,ACT,0.00,0,11
06/05/2024,RB1735,DAM/JED,Y,144,0,0,0,0,0,0,0.00,0 %,0.00,ACT,0.00,0,144
06/06/2024,RB527,DAM/DOH,C,11,0,0,0,0,0,0,0.00,0 %,0.00,ACT,0.00,0,11
06/06/2024,RB527,DAM/DOH,Y,144,0,0,0,0,0,4,0.00,0 %,0.00,ACT,0.00,0,144
06/06/2024,RB1739,DAM/JED,C,28,0,0,0,0,0,28,0.00,0 %,0.00,ACT,0.00,0,28
06/06/2024,RB1739,DAM/JED,Y,254,0,0,0,0,0,0,0.00,0 %,0.00,ACT,0.00,0,254
06/06/2024,RB528,DOH/DAM,C,11,0,0,0,0,0,0,0.00,0 %,0.00,ACT,0.00,0,11
06/06/2024,RB528,DOH/DAM,Y,144,0,0,0,0,0,1,0.00,0 %,0.00,ACT,0.00,0,144
06/06/2024,RB341,DAM/KWI,C,11,0,0,0,0,0,11,0.00,0 %,0.00,ACT,0.00,0,11
06/06/2024,RB341,DAM/KWI,Y,144,0,0,0,0,0,119,0.00,0 %,0.00,ACT,0.00,0,144
06/06/2024,RB515,DAM/DXB,C,11,0,0,0,0,0,5,0.00,0 %,0.00,ACT,0.00,0,11
06/06/2024,RB515,DAM/DXB,Y,144,0,0,0,0,0,80,0.00,0 %,0.00,ACT,0.00,0,144
06/06/2024,RB342,KWI/DAM,C,11,0,0,0,0,0,6,0.00,0 %,0.00,ACT,0.00,0,11
06/06/2024,RB342,KWI/DAM,Y,144,0,0,0,0,0,49,0.00,0 %,0.00,ACT,0.00,0,144
06/06/2024,RB516,DXB/DAM,C,11,0,0,0,0,0,0,0.00,0 %,0.00,ACT,0.00,0,11
06/06/2024,RB516,DXB/DAM,Y,144,0,0,0,0,0,0,0.00,0 %,0.00,ACT,0.00,0,144
06/06/2024,RB1741,DAM/JED,C,11,0,0,0,0,0,11,0.00,0 %,0.00,ACT,0.00,0,11
06/06/2024,RB1741,DAM/JED,Y,144,0,0,0,0,0,0,0.00,0 %,0.00,ACT,0.00,0,144
06/06/2024,RB1743,DAM/JED,C,28,0,0,0,0,0,28,0.00,0 %,0.00,ACT,0.00,0,28
06/06/2024,RB1743,DAM/JED,Y,254,0,0,0,0,0,0,0.00,0 %,0.00,ACT,0.00,0,254
06/07/2024,RB1745,DAM/JED,C,11,0,0,0,0,0,11,0.00,0 %,0.00,ACT,0.00,0,11
06/07/2024,RB1745,DAM/JED,Y,144,0,0,0,0,0,0,0.00,0 %,0.00,ACT,0.00,0,144
06/07/2024,RB1749,DAM/JED,C,28,0,0,0,0,0,28,0.00,0 %,0.00,ACT,0.00,0,28
06/07/2024,RB1749,DAM/JED,Y,254,0,0,0,0,0,0,0.00,0 %,0.00,ACT,0.00,0,254
06/07/2024,RB121,DAM/KAC,C,11,0,0,0,0,0,11,0.00,0 %,0.00,ACT,0.00,0,11
06/07/2024,RB121,DAM/KAC,Y,144,0,0,0,0,0,143,0.00,0 %,0.00,ACT,0.00,0,144
06/07/2024,RB122,KAC/DAM,C,11,0,0,0,0,0,11,0.00,0 %,0.00,ACT,0.00,0,11
06/07/2024,RB122,KAC/DAM,Y,144,0,0,0,0,0,140,0.00,0 %,0.00,ACT,0.00,0,144
06/07/2024,RB501,DAM/SHJ,C,11,0,0,0,0,0,11,0.00,0 %,0.00,ACT,0.00,0,11
06/07/2024,RB501,DAM/SHJ,Y,144,0,0,0,0,0,122,0.00,0 %,0.00,ACT,0.00,0,144
06/07/2024,RB1747,DAM/JED,C,11,0,0,0,0,0,11,0.00,0 %,0.00,ACT,0.00,0,11
06/07/2024,RB1747,DAM/JED,Y,144,0,0,0,0,0,0,0.00,0 %,0.00,ACT,0.00,0,144
06/07/2024,RB503,DAM/AUH,C,11,0,0,0,0,0,11,0.00,0 %,0.00,ACT,0.00,0,11
06/07/2024,RB503,DAM/AUH,Y,144,0,0,0,0,0,130,0.00,0 %,0.00,ACT,0.00,0,144
06/07/2024,RB502,SHJ/DAM,C,11,0,0,0,0,0,7,0.00,0 %,0.00,ACT,0.00,0,11
06/07/2024,RB502,SHJ/DAM,Y,144,0,0,0,0,0,93,0.00,0 %,0.00,ACT,0.00,0,144
06/07/2024,RB504,AUH/DAM,C,11,0,0,0,0,0,11,0.00,0 %,0.00,ACT,0.00,0,11
06/07/2024,RB504,AUH/DAM,Y,144,0,0,0,0,0,93,0.00,0 %,0.00,ACT,0.00,0,144
06/07/2024,RB1751,DAM/JED,C,28,0,0,0,0,0,28,0.00,0 %,0.00,ACT,0.00,0,28
06/07/2024,RB1751,DAM/JED,Y,254,0,0,0,0,0,0,0.00,0 %,0.00,ACT,0.00,0,254
06/07/2024,RB1753,DAM/JED,C,11,0,0,0,0,0,11,0.00,0 %,0.00,ACT,0.00,0,11
06/07/2024,RB1753,DAM/JED,Y,144,0,0,0,0,0,0,0.00,0 %,0.00,ACT,0.00,0,144
06/08/2024,RB1755,DAM/JED,C,28,0,0,0,0,0,28,0.00,0 %,0.00,ACT,0.00,0,28
06/08/2024,RB1755,DAM/JED,Y,254,0,0,0,0,0,0,0.00,0 %,0.00,ACT,0.00,0,254
06/08/2024,RB515,DAM/DXB,C,11,0,0,0,0,0,5,0.00,0 %,0.00,ACT,0.00,0,11
06/08/2024,RB515,DAM/DXB,Y,144,0,0,0,0,0,105,0.00,0 %,0.00,ACT,0.00,0,144
06/08/2024,RB203,DAM/CAI,C,11,0,0,0,0,0,3,0.00,0 %,0.00,ACT,0.00,0,11
06/08/2024,RB203,DAM/CAI,Y,144,0,0,0,0,0,6,0.00,0 %,0.00,ACT,0.00,0,144
06/08/2024,RB516,DXB/DAM,C,11,0,0,0,0,0,6,0.00,0 %,0.00,ACT,0.00,0,11
06/08/2024,RB516,DXB/DAM,Y,144,0,0,0,0,0,24,0.00,0 %,0.00,ACT,0.00,0,144
06/08/2024,RB204,CAI/DAM,C,11,0,0,0,0,0,1,0.00,0 %,0.00,ACT,0.00,0,11
06/08/2024,RB204,CAI/DAM,Y,144,0,0,0,0,0,0,0.00,0 %,0.00,ACT,0.00,0,144
06/08/2024,RB341,DAM/KWI,C,11,0,0,0,0,0,10,0.00,0 %,0.00,ACT,0.00,0,11
06/08/2024,RB341,DAM/KWI,Y,144,0,0,0,0,0,95,0.00,0 %,0.00,ACT,0.00,0,144
06/08/2024,RB1757,DAM/JED,C,11,0,0,0,0,0,11,0.00,0 %,0.00,ACT,0.00,0,11
06/08/2024,RB1757,DAM/JED,Y,144,0,0,0,0,0,2,0.00,0 %,0.00,ACT,0.00,0,144
06/08/2024,RB342,KWI/DAM,C,11,0,0,0,0,0,11,0.00,0 %,0.00,ACT,0.00,0,11
06/08/2024,RB342,KWI/DAM,Y,144,0,0,0,0,0,71,0.00,0 %,0.00,ACT,0.00,0,144
06/08/2024,RB1759,DAM/JED,C,28,0,0,0,0,0,28,0.00,0 %,0.00,ACT,0.00,0,28
06/08/2024,RB1759,DAM/JED,Y,254,0,0,0,0,0,0,0.00,0 %,0.00,ACT,0.00,0,254
06/09/2024,RB1763,DAM/JED,C,28,0,0,0,0,0,28,0.00,0 %,0.00,ACT,0.00,0,28
06/09/2024,RB1763,DAM/JED,Y,254,0,0,0,0,0,0,0.00,0 %,0.00,ACT,0.00,0,254
06/09/2024,RB1761,DAM/JED,C,11,0,0,0,0,0,11,0.00,0 %,0.00,ACT,0.00,0,11
06/09/2024,RB1761,DAM/JED,Y,144,0,0,0,0,0,0,0.00,0 %,0.00,ACT,0.00,0,144
06/09/2024,RB441,DAM/VKO,C,11,0,0,0,0,0,11,0.00,0 %,0.00,ACT,0.00,0,11
06/09/2024,RB441,DAM/VKO,Y,96,0,0,0,0,0,91,0.00,0 %,0.00,ACT,0.00,0,96
06/09/2024,RB521,DAM/DOH,C,11,0,0,0,0,0,4,0.00,0 %,0.00,ACT,0.00,0,11
06/09/2024,RB521,DAM/DOH,Y,144,0,0,0,0,0,0,0.00,0 %,0.00,ACT,0.00,0,144
06/09/2024,RB1765,DAM/JED,C,28,0,0,0,0,0,28,0.00,0 %,0.00,ACT,0.00,0,28
06/09/2024,RB1765,DAM/JED,Y,254,0,0,0,0,0,0,0.00,0 %,0.00,ACT,0.00,0,254
06/09/2024,RB522,DOH/DAM,C,11,0,0,0,0,0,0,0.00,0 %,0.00,ACT,0.00,0,11
06/09/2024,RB522,DOH/DAM,Y,144,0,0,0,0,0,19,0.00,0 %,0.00,ACT,0.00,0,144
06/09/2024,RB442,VKO/DAM,C,11,0,0,0,0,0,7,0.00,0 %,0.00,ACT,0.00,0,11
06/09/2024,RB442,VKO/DAM,Y,114,0,0,0,0,0,75,0.00,0 %,0.00,ACT,0.00,0,114
06/10/2024,RB1767,DAM/JED,C,28,0,0,0,0,0,28,0.00,0 %,0.00,ACT,0.00,0,28
06/10/2024,RB1767,DAM/JED,Y,254,0,0,0,0,0,11,0.00,0 %,0.00,ACT,0.00,0,254
06/10/2024,RB1769,DAM/JED,C,11,0,0,0,0,0,11,0.00,0 %,0.00,ACT,0.00,0,11
06/10/2024,RB1769,DAM/JED,Y,144,0,0,0,0,0,0,0.00,0 %,0.00,ACT,0.00,0,144
06/10/2024,RB1771,DAM/JED,C,28,0,0,0,0,0,28,0.00,0 %,0.00,ACT,0.00,0,28
06/10/2024,RB1771,DAM/JED,Y,254,0,0,0,0,0,0,0.00,0 %,0.00,ACT,0.00,0,254
06/11/2024,RB515,DAM/DXB,C,11,0,0,0,0,0,10,0.00,0 %,0.00,ACT,0.00,0,11
06/11/2024,RB515,DAM/DXB,Y,144,0,0,0,0,0,61,0.00,0 %,0.00,ACT,0.00,0,144
06/11/2024,RB516,DXB/DAM,C,11,0,0,0,0,0,3,0.00,0 %,0.00,ACT,0.00,0,11
06/11/2024,RB516,DXB/DAM,Y,144,0,0,0,0,0,9,0.00,0 %,0.00,ACT,0.00,0,144
06/11/2024,RB201,DAM/CAI,C,11,0,0,0,0,0,1,0.00,0 %,0.00,ACT,0.00,0,11
06/11/2024,RB201,DAM/CAI,Y,144,0,0,0,0,0,17,0.00,0 %,0.00,ACT,0.00,0,144
06/11/2024,RB202,CAI/DAM,C,11,0,0,0,0,0,0,0.00,0 %,0.00,ACT,0.00,0,11
06/11/2024,RB202,CAI/DAM,Y,144,0,0,0,0,0,7,0.00,0 %,0.00,ACT,0.00,0,144
06/11/2024,RB501,DAM/SHJ,C,28,0,0,0,0,0,22,0.00,0 %,0.00,ACT,0.00,0,28
06/11/2024,RB501,DAM/SHJ,Y,254,0,0,0,0,0,214,0.00,0 %,0.00,ACT,0.00,0,254
06/11/2024,RB341,DAM/KWI,C,11,0,0,0,0,0,11,0.00,0 %,0.00,ACT,0.00,0,11
06/11/2024,RB341,DAM/KWI,Y,144,0,0,0,0,0,142,0.00,0 %,0.00,ACT,0.00,0,144
06/11/2024,RB502,SHJ/DAM,C,28,0,0,0,0,0,22,0.00,0 %,0.00,ACT,0.00,0,28
06/11/2024,RB502,SHJ/DAM,Y,254,0,0,0,0,0,10,0.00,0 %,0.00,ACT,0.00,0,254
06/11/2024,RB521,DAM/DOH,C,11,0,0,0,0,0,10,0.00,0 %,0.00,ACT,0.00,0,11
06/11/2024,RB521,DAM/DOH,Y,144,0,0,0,0,0,11,0.00,0 %,0.00,ACT,0.00,0,144
06/11/2024,RB342,KWI/DAM,C,11,0,0,0,0,0,11,0.00,0 %,0.00,ACT,0.00,0,11
06/11/2024,RB342,KWI/DAM,Y,144,0,0,0,0,0,133,0.00,0 %,0.00,ACT,0.00,0,144
06/11/2024,RB522,DOH/DAM,C,11,0,0,0,0,0,0,0.00,0 %,0.00,ACT,0.00,0,11
06/11/2024,RB522,DOH/DAM,Y,144,0,0,0,0,0,3,0.00,0 %,0.00,ACT,0.00,0,144
06/12/2024,RB521,DAM/DOH,C,11,0,0,0,0,0,8,0.00,0 %,0.00,ACT,0.00,0,11
06/12/2024,RB521,DAM/DOH,Y,144,0,0,0,0,0,6,0.00,0 %,0.00,ACT,0.00,0,144
06/12/2024,RB522,DOH/DAM,C,11,0,0,0,0,0,2,0.00,0 %,0.00,ACT,0.00,0,11
06/12/2024,RB522,DOH/DAM,Y,144,0,0,0,0,0,4,0.00,0 %,0.00,ACT,0.00,0,144
06/12/2024,RB201,DAM/CAI,C,11,0,0,0,0,0,0,0.00,0 %,0.00,ACT,0.00,0,11
06/12/2024,RB201,DAM/CAI,Y,144,0,0,0,0,0,9,0.00,0 %,0.00,ACT,0.00,0,144
06/12/2024,RB515,DAM/DXB,C,28,0,0,0,0,0,26,0.00,0 %,0.00,ACT,0.00,0,28
06/12/2024,RB515,DAM/DXB,Y,254,0,0,0,0,0,214,0.00,0 %,0.00,ACT,0.00,0,254
06/12/2024,RB202,CAI/DAM,C,11,0,0,0,0,0,1,0.00,0 %,0.00,ACT,0.00,0,11
06/12/2024,RB202,CAI/DAM,Y,144,0,0,0,0,0,0,0.00,0 %,0.00,ACT,0.00,0,144
06/12/2024,RB516,DXB/DAM,C,28,0,0,0,0,0,2,0.00,0 %,0.00,ACT,0.00,0,28
06/12/2024,RB516,DXB/DAM,Y,254,0,0,0,0,0,0,0.00,0 %,0.00,ACT,0.00,0,254
06/13/2024,RB201,DAM/CAI,C,11,0,0,0,0,0,1,0.00,0 %,0.00,ACT,0.00,0,11
06/13/2024,RB201,DAM/CAI,Y,144,0,0,0,0,0,12,0.00,0 %,0.00,ACT,0.00,0,144
06/13/2024,RB341,DAM/KWI,C,11,0,0,0,0,0,11,0.00,0 %,0.00,ACT,0.00,0,11
06/13/2024,RB341,DAM/KWI,Y,144,0,0,0,0,0,128,0.00,0 %,0.00,ACT,0.00,0,144
06/13/2024,RB202,CAI/DAM,C,11,0,0,0,0,0,2,0.00,0 %,0.00,ACT,0.00,0,11
06/13/2024,RB202,CAI/DAM,Y,144,0,0,0,0,0,1,0.00,0 %,0.00,ACT,0.00,0,144
06/13/2024,RB342,KWI/DAM,C,11,0,0,0,0,0,0,0.00,0 %,0.00,ACT,0.00,0,11
06/13/2024,RB342,KWI/DAM,Y,144,0,0,0,0,0,65,0.00,0 %,0.00,ACT,0.00,0,144
06/13/2024,RB521,DAM/DOH,C,11,0,0,0,0,0,5,0.00,0 %,0.00,ACT,0.00,0,11
06/13/2024,RB521,DAM/DOH,Y,144,0,0,0,0,0,7,0.00,0 %,0.00,ACT,0.00,0,144
06/13/2024,RB515,DAM/DXB,C,28,0,0,0,0,0,21,0.00,0 %,0.00,ACT,0.00,0,28
06/13/2024,RB515,DAM/DXB,Y,254,0,0,0,0,0,176,0.00,0 %,0.00,ACT,0.00,0,254
06/13/2024,RB522,DOH/DAM,C,11,0,0,0,0,0,0,0.00,0 %,0.00,ACT,0.00,0,11
06/13/2024,RB522,DOH/DAM,Y,144,0,0,0,0,0,0,0.00,0 %,0.00,ACT,0.00,0,144
06/14/2024,RB516,DXB/DAM,C,28,0,0,0,0,0,0,0.00,0 %,0.00,ACT,0.00,0,28
06/14/2024,RB516,DXB/DAM,Y,254,0,0,0,0,0,4,0.00,0 %,0.00,ACT,0.00,0,254
06/14/2024,RB121,DAM/KAC,C,11,0,0,0,0,0,11,0.00,0 %,0.00,ACT,0.00,0,11
06/14/2024,RB121,DAM/KAC,Y,144,0,0,0,0,0,143,0.00,0 %,0.00,ACT,0.00,0,144
06/14/2024,RB122,KAC/DAM,C,11,0,0,0,0,0,11,0.00,0 %,0.00,ACT,0.00,0,11
06/14/2024,RB122,KAC/DAM,Y,144,0,0,0,0,0,142,0.00,0 %,0.00,ACT,0.00,0,144
06/14/2024,RB501,DAM/SHJ,C,11,0,0,0,0,0,8,0.00,0 %,0.00,ACT,0.00,0,11
06/14/2024,RB501,DAM/SHJ,Y,144,0,0,0,0,0,94,0.00,0 %,0.00,ACT,0.00,0,144
06/14/2024,RB503,DAM/AUH,C,28,0,0,0,0,0,28,0.00,0 %,0.00,ACT,0.00,0,28
06/14/2024,RB503,DAM/AUH,Y,254,0,0,0,0,0,203,0.00,0 %,0.00,ACT,0.00,0,254
06/14/2024,RB502,SHJ/DAM,C,11,0,0,0,0,0,0,0.00,0 %,0.00,ACT,0.00,0,11
06/14/2024,RB502,SHJ/DAM,Y,144,0,0,0,0,0,1,0.00,0 %,0.00,ACT,0.00,0,144
06/14/2024,RB504,AUH/DAM,C,28,0,0,0,0,0,7,0.00,0 %,0.00,ACT,0.00,0,28
06/14/2024,RB504,AUH/DAM,Y,254,0,0,0,0,0,2,0.00,0 %,0.00,ACT,0.00,0,254
06/15/2024,RB201,DAM/CAI,C,11,0,0,0,0,0,1,0.00,0 %,0.00,ACT,0.00,0,11
06/15/2024,RB201,DAM/CAI,Y,144,0,0,0,0,0,20,0.00,0 %,0.00,ACT,0.00,0,144
06/15/2024,RB202,CAI/DAM,C,11,0,0,0,0,0,0,0.00,0 %,0.00,ACT,0.00,0,11
06/15/2024,RB202,CAI/DAM,Y,144,0,0,0,0,0,1,0.00,0 %,0.00,ACT,0.00,0,144
06/15/2024,RB341,DAM/KWI,C,11,0,0,0,0,0,11,0.00,0 %,0.00,ACT,0.00,0,11
06/15/2024,RB341,DAM/KWI,Y,144,0,0,0,0,0,122,0.00,0 %,0.00,ACT,0.00,0,144
06/15/2024,RB342,KWI/DAM,C,11,0,0,0,0,0,9,0.00,0 %,0.00,ACT,0.00,0,11
06/15/2024,RB342,KWI/DAM,Y,144,0,0,0,0,0,54,0.00,0 %,0.00,ACT,0.00,0,144
06/15/2024,RB521,DAM/DOH,C,11,0,0,0,0,0,6,0.00,0 %,0.00,ACT,0.00,0,11
06/15/2024,RB521,DAM/DOH,Y,144,0,0,0,0,0,6,0.00,0 %,0.00,ACT,0.00,0,144
06/16/2024,RB522,DOH/DAM,C,11,0,0,0,0,0,0,0.00,0 %,0.00,ACT,0.00,0,11
06/16/2024,RB522,DOH/DAM,Y,144,0,0,0,0,0,3,0.00,0 %,0.00,ACT,0.00,0,144
06/16/2024,RB515,DAM/DXB,C,11,0,0,0,0,0,4,0.00,0 %,0.00,ACT,0.00,0,11
06/16/2024,RB515,DAM/DXB,Y,144,0,0,0,0,0,48,0.00,0 %,0.00,ACT,0.00,0,144
06/16/2024,RB501,DAM/SHJ,C,28,0,0,0,0,0,28,0.00,0 %,0.00,ACT,0.00,0,28
06/16/2024,RB501,DAM/SHJ,Y,254,0,0,0,0,0,246,0.00,0 %,0.00,ACT,0.00,0,254
06/16/2024,RB516,DXB/DAM,C,11,0,0,0,0,0,0,0.00,0 %,0.00,ACT,0.00,0,11
06/16/2024,RB516,DXB/DAM,Y,144,0,0,0,0,0,19,0.00,0 %,0.00,ACT,0.00,0,144
06/16/2024,RB441,DAM/VKO,C,11,0,0,0,0,0,11,0.00,0 %,0.00,ACT,0.00,0,11
06/16/2024,RB441,DAM/VKO,Y,96,0,0,0,0,0,76,0.00,0 %,0.00,ACT,0.00,0,96
06/16/2024,RB502,SHJ/DAM,C,28,0,0,0,0,0,25,0.00,0 %,0.00,ACT,0.00,0,28
06/16/2024,RB502,SHJ/DAM,Y,254,0,0,0,0,0,124,0.00,0 %,0.00,ACT,0.00,0,254
06/16/2024,RB1516,DXB/DAM,C,11,0,0,0,0,0,2,0.00,0 %,0.00,ACT,0.00,0,11
06/16/2024,RB1516,DXB/DAM,Y,144,0,0,0,0,0,20,0.00,0 %,0.00,ACT,0.00,0,144
06/16/2024,RB442,VKO/DAM,C,11,0,0,0,0,0,11,0.00,0 %,0.00,ACT,0.00,0,11
06/16/2024,RB442,VKO/DAM,Y,114,0,0,0,0,0,71,0.00,0 %,0.00,ACT,0.00,0,114
06/17/2024,RB515,DAM/DXB,C,28,0,0,0,0,0,23,0.00,0 %,0.00,ACT,0.00,0,28
06/17/2024,RB515,DAM/DXB,Y,254,0,0,0,0,0,229,0.00,0 %,0.00,ACT,0.00,0,254
06/17/2024,RB521,DAM/DOH,C,11,0,0,0,0,0,11,0.00,0 %,0.00,ACT,0.00,0,11
06/17/2024,RB521,DAM/DOH,Y,144,0,0,0,0,0,46,0.00,0 %,0.00,ACT,0.00,0,144
06/17/2024,RB522,DOH/DAM,C,11,0,0,0,0,0,0,0.00,0 %,0.00,ACT,0.00,0,11
06/17/2024,RB522,DOH/DAM,Y,144,0,0,0,0,0,2,0.00,0 %,0.00,ACT,0.00,0,144
06/17/2024,RB516,DXB/DAM,C,28,0,0,0,0,0,13,0.00,0 %,0.00,ACT,0.00,0,28
06/17/2024,RB516,DXB/DAM,Y,254,0,0,0,0,0,19,0.00,0 %,0.00,ACT,0.00,0,254
06/17/2024,RB201,DAM/CAI,C,11,0,0,0,0,0,4,0.00,0 %,0.00,ACT,0.00,0,11
06/17/2024,RB201,DAM/CAI,Y,144,0,0,0,0,0,29,0.00,0 %,0.00,ACT,0.00,0,144
06/17/2024,RB202,CAI/DAM,C,11,0,0,0,0,0,1,0.00,0 %,0.00,ACT,0.00,0,11
06/17/2024,RB202,CAI/DAM,Y,144,0,0,0,0,0,0,0.00,0 %,0.00,ACT,0.00,0,144
06/18/2024,RB503,DAM/AUH,C,11,0,0,0,0,0,11,0.00,0 %,0.00,ACT,0.00,0,11
06/18/2024,RB503,DAM/AUH,Y,144,0,0,0,0,0,139,0.00,0 %,0.00,ACT,0.00,0,144
06/18/2024,RB501,DAM/SHJ,C,11,0,0,0,0,0,11,0.00,0 %,0.00,ACT,0.00,0,11
06/18/2024,RB501,DAM/SHJ,Y,144,0,0,0,0,0,136,0.00,0 %,0.00,ACT,0.00,0,144
06/18/2024,RB504,AUH/DAM,C,11,0,0,0,0,0,11,0.00,0 %,0.00,ACT,0.00,0,11
06/18/2024,RB504,AUH/DAM,Y,144,0,0,0,0,0,68,0.00,0 %,0.00,ACT,0.00,0,144
06/18/2024,RB341,DAM/KWI,C,11,0,0,0,0,0,11,0.00,0 %,0.00,ACT,0.00,0,11
06/18/2024,RB341,DAM/KWI,Y,144,0,0,0,0,0,143,0.00,0 %,0.00,ACT,0.00,0,144
06/18/2024,RB502,SHJ/DAM,C,11,0,0,0,0,0,11,0.00,0 %,0.00,ACT,0.00,0,11
06/18/2024,RB502,SHJ/DAM,Y,144,0,0,0,0,0,24,0.00,0 %,0.00,ACT,0.00,0,144
06/18/2024,RB342,KWI/DAM,C,11,0,0,0,0,0,11,0.00,0 %,0.00,ACT,0.00,0,11
06/18/2024,RB342,KWI/DAM,Y,144,0,0,0,0,0,139,0.00,0 %,0.00,ACT,0.00,0,144
06/19/2024,RB515,DAM/DXB,C,28,0,0,0,0,0,26,0.00,0 %,0.00,ACT,0.00,0,28
06/19/2024,RB515,DAM/DXB,Y,254,0,0,0,0,0,186,0.00,0 %,0.00,ACT,0.00,0,254
06/19/2024,RB521,DAM/DOH,C,11,0,0,0,0,0,9,0.00,0 %,0.00,ACT,0.00,0,11
06/19/2024,RB521,DAM/DOH,Y,144,0,0,0,0,0,63,0.00,0 %,0.00,ACT,0.00,0,144
06/19/2024,RB522,DOH/DAM,C,11,0,0,0,0,0,0,0.00,0 %,0.00,ACT,0.00,0,11
06/19/2024,RB522,DOH/DAM,Y,144,0,0,0,0,0,0,0.00,0 %,0.00,ACT,0.00,0,144
06/19/2024,RB516,DXB/DAM,C,28,0,0,0,0,0,21,0.00,0 %,0.00,ACT,0.00,0,28
06/19/2024,RB516,DXB/DAM,Y,254,0,0,0,0,0,22,0.00,0 %,0.00,ACT,0.00,0,254
06/19/2024,RB201,DAM/CAI,C,11,0,0,0,0,0,1,0.00,0 %,0.00,ACT,0.00,0,11
06/19/2024,RB201,DAM/CAI,Y,144,0,0,0,0,0,7,0.00,0 %,0.00,ACT,0.00,0,144
06/19/2024,RB202,CAI/DAM,C,11,0,0,0,0,0,0,0.00,0 %,0.00,ACT,0.00,0,11
06/19/2024,RB202,CAI/DAM,Y,144,0,0,0,0,0,7,0.00,0 %,0.00,ACT,0.00,0,144
06/20/2024,RB341,DAM/KWI,C,11,0,0,0,0,0,10,0.00,0 %,0.00,ACT,0.00,0,11
06/20/2024,RB341,DAM/KWI,Y,144,0,0,0,0,0,133,0.00,0 %,0.00,ACT,0.00,0,144
06/20/2024,RB521,DAM/DOH,C,11,0,0,0,0,0,9,0.00,0 %,0.00,ACT,0.00,0,11
06/20/2024,RB521,DAM/DOH,Y,144,0,0,0,0,0,63,0.00,0 %,0.00,ACT,0.00,0,144
06/20/2024,RB342,KWI/DAM,C,11,0,0,0,0,0,8,0.00,0 %,0.00,ACT,0.00,0,11
06/20/2024,RB342,KWI/DAM,Y,144,0,0,0,0,0,80,0.00,0 %,0.00,ACT,0.00,0,144
06/20/2024,RB522,DOH/DAM,C,11,0,0,0,0,0,2,0.00,0 %,0.00,ACT,0.00,0,11
06/20/2024,RB522,DOH/DAM,Y,144,0,0,0,0,0,0,0.00,0 %,0.00,ACT,0.00,0,144
06/20/2024,RB515,DAM/DXB,C,11,0,0,0,0,0,9,0.00,0 %,0.00,ACT,0.00,0,11
06/20/2024,RB515,DAM/DXB,Y,144,0,0,0,0,0,88,0.00,0 %,0.00,ACT,0.00,0,144
06/20/2024,RB516,DXB/DAM,C,11,0,0,0,0,0,6,0.00,0 %,0.00,ACT,0.00,0,11
06/20/2024,RB516,DXB/DAM,Y,144,0,0,0,0,0,32,0.00,0 %,0.00,ACT,0.00,0,144
06/21/2024,RB1516,DXB/DAM,C,11,0,0,0,0,0,11,0.00,0 %,0.00,ACT,0.00,0,11
06/21/2024,RB1516,DXB/DAM,Y,144,0,0,0,0,0,55,0.00,0 %,0.00,ACT,0.00,0,144
06/21/2024,RB121,DAM/KAC,C,11,0,0,0,0,0,11,0.00,0 %,0.00,ACT,0.00,0,11
06/21/2024,RB121,DAM/KAC,Y,144,0,0,0,0,0,142,0.00,0 %,0.00,ACT,0.00,0,144
06/21/2024,RB503,DAM/AUH,C,11,0,0,0,0,0,10,0.00,0 %,0.00,ACT,0.00,0,11
06/21/2024,RB503,DAM/AUH,Y,144,0,0,0,0,0,116,0.00,0 %,0.00,ACT,0.00,0,144
06/21/2024,RB501,DAM/SHJ,C,11,0,0,0,0,0,11,0.00,0 %,0.00,ACT,0.00,0,11
06/21/2024,RB501,DAM/SHJ,Y,144,0,0,0,0,0,130,0.00,0 %,0.00,ACT,0.00,0,144
06/21/2024,RB504,AUH/DAM,C,11,0,0,0,0,0,6,0.00,0 %,0.00,ACT,0.00,0,11
06/21/2024,RB504,AUH/DAM,Y,144,0,0,0,0,0,12,0.00,0 %,0.00,ACT,0.00,0,144
06/21/2024,RB502,SHJ/DAM,C,11,0,0,0,0,0,11,0.00,0 %,0.00,ACT,0.00,0,11
06/21/2024,RB502,SHJ/DAM,Y,144,0,0,0,0,0,63,0.00,0 %,0.00,ACT,0.00,0,144
06/21/2024,RB1788,MED/DAM,C,1,0,0,0,0,0,1,0.00,0 %,0.00,ACT,0.00,0,1
06/21/2024,RB1788,MED/DAM,Y,158,0,0,0,0,0,0,0.00,0 %,0.00,ACT,0.00,0,158
06/22/2024,RB201,DAM/CAI,C,11,0,0,0,0,0,0,0.00,0 %,0.00,ACT,0.00,0,11
06/22/2024,RB201,DAM/CAI,Y,144,0,0,0,0,0,8,0.00,0 %,0.00,ACT,0.00,0,144
06/22/2024,RB202,CAI/DAM,C,11,0,0,0,0,0,0,0.00,0 %,0.00,ACT,0.00,0,11
06/22/2024,RB202,CAI/DAM,Y,144,0,0,0,0,0,1,0.00,0 %,0.00,ACT,0.00,0,144
06/22/2024,RB1794,MED/DAM,C,28,0,0,0,0,0,28,0.00,0 %,0.00,ACT,0.00,0,28
06/22/2024,RB1794,MED/DAM,Y,254,0,0,0,0,0,15,0.00,0 %,0.00,ACT,0.00,0,254
06/22/2024,RB341,DAM/KWI,C,11,0,0,0,0,0,8,0.00,0 %,0.00,ACT,0.00,0,11
06/22/2024,RB341,DAM/KWI,Y,144,0,0,0,0,0,91,0.00,0 %,0.00,ACT,0.00,0,144
06/22/2024,RB342,KWI/DAM,C,11,0,0,0,0,0,10,0.00,0 %,0.00,ACT,0.00,0,11
06/22/2024,RB342,KWI/DAM,Y,144,0,0,0,0,0,87,0.00,0 %,0.00,ACT,0.00,0,144
06/22/2024,RB1796,MED/DAM,C,1,0,0,0,0,0,1,0.00,0 %,0.00,ACT,0.00,0,1
06/22/2024,RB1796,MED/DAM,Y,158,0,0,0,0,0,0,0.00,0 %,0.00,ACT,0.00,0,158
06/23/2024,RB1798,MED/DAM,C,28,0,0,0,0,0,28,0.00,0 %,0.00,ACT,0.00,0,28
06/23/2024,RB1798,MED/DAM,Y,254,0,0,0,0,0,0,0.00,0 %,0.00,ACT,0.00,0,254
06/23/2024,RB1813,DAM/MED,C,11,0,0,0,0,0,11,0.00,0 %,0.00,ACT,0.00,0,11
06/23/2024,RB1813,DAM/MED,Y,144,0,0,0,0,0,142,0.00,0 %,0.00,ACT,0.00,0,144
06/23/2024,RB501,DAM/SHJ,C,11,0,0,0,0,0,9,0.00,0 %,0.00,ACT,0.00,0,11
06/23/2024,RB501,DAM/SHJ,Y,144,0,0,0,0,0,112,0.00,0 %,0.00,ACT,0.00,0,144
06/23/2024,RB1814,MED/DAM,C,11,0,0,0,0,0,11,0.00,0 %,0.00,ACT,0.00,0,11
06/23/2024,RB1814,MED/DAM,Y,144,0,0,0,0,0,35,0.00,0 %,0.00,ACT,0.00,0,144
06/23/2024,RB515,DAM/DXB,C,28,0,0,0,0,0,9,0.00,0 %,0.00,ACT,0.00,0,28
06/23/2024,RB515,DAM/DXB,Y,254,0,0,0,0,0,133,0.00,0 %,0.00,ACT,0.00,0,254
06/23/2024,RB441,DAM/VKO,C,11,0,0,0,0,0,11,0.00,0 %,0.00,ACT,0.00,0,11
06/23/2024,RB441,DAM/VKO,Y,96,0,0,0,0,0,80,0.00,0 %,0.00,ACT,0.00,0,96
06/23/2024,RB502,SHJ/DAM,C,11,0,0,0,0,0,11,0.00,0 %,0.00,ACT,0.00,0,11
06/23/2024,RB502,SHJ/DAM,Y,144,0,0,0,0,0,42,0.00,0 %,0.00,ACT,0.00,0,144
06/23/2024,RB521,DAM/DOH,C,11,0,0,0,0,0,3,0.00,0 %,0.00,ACT,0.00,0,11
06/23/2024,RB521,DAM/DOH,Y,144,0,0,0,0,0,17,0.00,0 %,0.00,ACT,0.00,0,144
06/23/2024,RB516,DXB/DAM,C,28,0,0,0,0,0,15,0.00,0 %,0.00,ACT,0.00,0,28
06/23/2024,RB516,DXB/DAM,Y,254,0,0,0,0,0,4,0.00,0 %,0.00,ACT,0.00,0,254
06/23/2024,RB522,DOH/DAM,C,11,0,0,0,0,0,0,0.00,0 %,0.00,ACT,0.00,0,11
06/23/2024,RB522,DOH/DAM,Y,144,0,0,0,0,0,4,0.00,0 %,0.00,ACT,0.00,0,144
06/23/2024,RB442,VKO/DAM,C,11,0,0,0,0,0,10,0.00,0 %,0.00,ACT,0.00,0,11
06/23/2024,RB442,VKO/DAM,Y,114,0,0,0,0,0,95,0.00,0 %,0.00,ACT,0.00,0,114
06/24/2024,RB1816,MED/DAM,C,28,0,0,0,0,0,28,0.00,0 %,0.00,ACT,0.00,0,28
06/24/2024,RB1816,MED/DAM,Y,254,0,0,0,0,0,0,0.00,0 %,0.00,ACT,0.00,0,254
06/24/2024,RB1820,MED/DAM,C,11,0,0,0,0,0,11,0.00,0 %,0.00,ACT,0.00,0,11
06/24/2024,RB1820,MED/DAM,Y,144,0,0,0,0,0,0,0.00,0 %,0.00,ACT,0.00,0,144
06/24/2024,RB515,DAM/DXB,C,11,0,0,0,0,0,11,0.00,0 %,0.00,ACT,0.00,0,11
06/24/2024,RB515,DAM/DXB,Y,144,0,0,0,0,0,115,0.00,0 %,0.00,ACT,0.00,0,144
06/24/2024,RB1818,MED/DAM,C,28,0,0,0,0,0,28,0.00,0 %,0.00,ACT,0.00,0,28
06/24/2024,RB1818,MED/DAM,Y,254,0,0,0,0,0,0,0.00,0 %,0.00,ACT,0.00,0,254
06/25/2024,RB516,DXB/DAM,C,11,0,0,0,0,0,3,0.00,0 %,0.00,ACT,0.00,0,11
06/25/2024,RB516,DXB/DAM,Y,144,0,0,0,0,0,3,0.00,0 %,0.00,ACT,0.00,0,144
06/25/2024,RB503,DAM/AUH,C,11,0,0,0,0,0,11,0.00,0 %,0.00,ACT,0.00,0,11
06/25/2024,RB503,DAM/AUH,Y,144,0,0,0,0,0,135,0.00,0 %,0.00,ACT,0.00,0,144
06/25/2024,RB1826,MED/DAM,C,11,0,0,0,0,0,11,0.00,0 %,0.00,ACT,0.00,0,11
06/25/2024,RB1826,MED/DAM,Y,144,0,0,0,0,0,0,0.00,0 %,0.00,ACT,0.00,0,144
06/25/2024,RB1822,MED/DAM,C,28,0,0,0,0,0,28,0.00,0 %,0.00,ACT,0.00,0,28
06/25/2024,RB1822,MED/DAM,Y,254,0,0,0,0,0,0,0.00,0 %,0.00,ACT,0.00,0,254
06/25/2024,RB504,AUH/DAM,C,11,0,0,0,0,0,8,0.00,0 %,0.00,ACT,0.00,0,11
06/25/2024,RB504,AUH/DAM,Y,144,0,0,0,0,0,46,0.00,0 %,0.00,ACT,0.00,0,144
06/25/2024,RB341,DAM/KWI,C,11,0,0,0,0,0,11,0.00,0 %,0.00,ACT,0.00,0,11
06/25/2024,RB341,DAM/KWI,Y,144,0,0,0,0,0,143,0.00,0 %,0.00,ACT,0.00,0,144
06/25/2024,RB502,SHJ/DAM,C,11,0,0,0,0,0,11,0.00,0 %,0.00,ACT,0.00,0,11
06/25/2024,RB502,SHJ/DAM,Y,144,0,0,0,0,0,101,0.00,0 %,0.00,ACT,0.00,0,144
06/25/2024,RB342,KWI/DAM,C,11,0,0,0,0,0,11,0.00,0 %,0.00,ACT,0.00,0,11
06/25/2024,RB342,KWI/DAM,Y,144,0,0,0,0,0,143,0.00,0 %,0.00,ACT,0.00,0,144
06/25/2024,RB1828,MED/DAM,C,11,0,0,0,0,0,11,0.00,0 %,0.00,ACT,0.00,0,11
06/25/2024,RB1828,MED/DAM,Y,144,0,0,0,0,0,0,0.00,0 %,0.00,ACT,0.00,0,144
06/25/2024,RB1824,MED/DAM,C,28,0,0,0,0,0,28,0.00,0 %,0.00,ACT,0.00,0,28
06/25/2024,RB1824,MED/DAM,Y,254,0,0,0,0,0,0,0.00,0 %,0.00,ACT,0.00,0,254
06/26/2024,RB515,DAM/DXB,C,11,0,0,0,0,0,5,0.00,0 %,0.00,ACT,0.00,0,11
06/26/2024,RB515,DAM/DXB,Y,144,0,0,0,0,0,95,0.00,0 %,0.00,ACT,0.00,0,144
06/26/2024,RB1830,MED/DAM,C,28,0,0,0,0,0,28,0.00,0 %,0.00,ACT,0.00,0,28
06/26/2024,RB1830,MED/DAM,Y,254,0,0,0,0,0,0,0.00,0 %,0.00,ACT,0.00,0,254
06/26/2024,RB516,DXB/DAM,C,11,0,0,0,0,0,1,0.00,0 %,0.00,ACT,0.00,0,11
06/26/2024,RB516,DXB/DAM,Y,144,0,0,0,0,0,2,0.00,0 %,0.00,ACT,0.00,0,144
06/26/2024,RB1834,MED/DAM,C,11,0,0,0,0,0,11,0.00,0 %,0.00,ACT,0.00,0,11
06/26/2024,RB1834,MED/DAM,Y,144,0,0,0,0,0,0,0.00,0 %,0.00,ACT,0.00,0,144
06/27/2024,RB1832,MED/DAM,C,28,0,0,0,0,0,28,0.00,0 %,0.00,ACT,0.00,0,28
06/27/2024,RB1832,MED/DAM,Y,254,0,0,0,0,0,0,0.00,0 %,0.00,ACT,0.00,0,254
06/27/2024,RB1842,MED/DAM,C,11,0,0,0,0,0,11,0.00,0 %,0.00,ACT,0.00,0,11
06/27/2024,RB1842,MED/DAM,Y,144,0,0,0,0,0,0,0.00,0 %,0.00,ACT,0.00,0,144
06/27/2024,RB341,DAM/KWI,C,11,0,0,0,0,0,11,0.00,0 %,0.00,ACT,0.00,0,11
06/27/2024,RB341,DAM/KWI,Y,144,0,0,0,0,0,133,0.00,0 %,0.00,ACT,0.00,0,144
06/27/2024,RB342,KWI/DAM,C,11,0,0,0,0,0,11,0.00,0 %,0.00,ACT,0.00,0,11
06/27/2024,RB342,KWI/DAM,Y,144,0,0,0,0,0,85,0.00,0 %,0.00,ACT,0.00,0,144
06/27/2024,RB1836,MED/DAM,C,28,0,0,0,0,0,28,0.00,0 %,0.00,ACT,0.00,0,28
06/27/2024,RB1836,MED/DAM,Y,254,0,0,0,0,0,0,0.00,0 %,0.00,ACT,0.00,0,254
06/27/2024,RB1840,MED/DAM,C,11,0,0,0,0,0,11,0.00,0 %,0.00,ACT,0.00,0,11
06/27/2024,RB1840,MED/DAM,Y,144,0,0,0,0,0,0,0.00,0 %,0.00,ACT,0.00,0,144
06/27/2024,RB201,DAM/CAI,C,11,0,0,0,0,0,1,0.00,0 %,0.00,ACT,0.00,0,11
06/27/2024,RB201,DAM/CAI,Y,144,0,0,0,0,0,9,0.00,0 %,0.00,ACT,0.00,0,144
06/27/2024,RB1838,MED/DAM,C,28,0,0,0,0,0,28,0.00,0 %,0.00,ACT,0.00,0,28
06/27/2024,RB1838,MED/DAM,Y,254,0,0,0,0,0,0,0.00,0 %,0.00,ACT,0.00,0,254
06/28/2024,RB202,CAI/DAM,C,11,0,0,0,0,0,0,0.00,0 %,0.00,ACT,0.00,0,11
06/28/2024,RB202,CAI/DAM,Y,144,0,0,0,0,0,0,0.00,0 %,0.00,ACT,0.00,0,144
06/28/2024,RB1848,MED/DAM,C,11,0,0,0,0,0,11,0.00,0 %,0.00,ACT,0.00,0,11
06/28/2024,RB1848,MED/DAM,Y,144,0,0,0,0,0,0,0.00,0 %,0.00,ACT,0.00,0,144
06/28/2024,RB122,KAC/DAM,C,11,0,0,0,0,0,11,0.00,0 %,0.00,ACT,0.00,0,11
06/28/2024,RB122,KAC/DAM,Y,144,0,0,0,0,0,143,0.00,0 %,0.00,ACT,0.00,0,144
06/28/2024,RB1844,MED/DAM,C,28,0,0,0,0,0,28,0.00,0 %,0.00,ACT,0.00,0,28
06/28/2024,RB1844,MED/DAM,Y,254,0,0,0,0,0,0,0.00,0 %,0.00,ACT,0.00,0,254
06/28/2024,RB501,DAM/SHJ,C,11,0,0,0,0,0,11,0.00,0 %,0.00,ACT,0.00,0,11
06/28/2024,RB501,DAM/SHJ,Y,144,0,0,0,0,0,134,0.00,0 %,0.00,ACT,0.00,0,144
06/28/2024,RB503,DAM/AUH,C,11,0,0,0,0,0,11,0.00,0 %,0.00,ACT,0.00,0,11
06/28/2024,RB503,DAM/AUH,Y,144,0,0,0,0,0,111,0.00,0 %,0.00,ACT,0.00,0,144
06/28/2024,RB521,DAM/DOH,C,11,0,0,0,0,0,0,0.00,0 %,0.00,ACT,0.00,0,11
06/28/2024,RB521,DAM/DOH,Y,144,0,0,0,0,0,1,0.00,0 %,0.00,ACT,0.00,0,144
06/28/2024,RB502,SHJ/DAM,C,11,0,0,0,0,0,2,0.00,0 %,0.00,ACT,0.00,0,11
06/28/2024,RB502,SHJ/DAM,Y,144,0,0,0,0,0,23,0.00,0 %,0.00,ACT,0.00,0,144
06/28/2024,RB522,DOH/DAM,C,11,0,0,0,0,0,0,0.00,0 %,0.00,ACT,0.00,0,11
06/28/2024,RB522,DOH/DAM,Y,144,0,0,0,0,0,0,0.00,0 %,0.00,ACT,0.00,0,144
06/28/2024,RB504,AUH/DAM,C,11,0,0,0,0,0,5,0.00,0 %,0.00,ACT,0.00,0,11
06/28/2024,RB504,AUH/DAM,Y,144,0,0,0,0,0,25,0.00,0 %,0.00,ACT,0.00,0,144
06/28/2024,RB1846,MED/DAM,C,28,0,0,0,0,0,28,0.00,0 %,0.00,ACT,0.00,0,28
06/28/2024,RB1846,MED/DAM,Y,254,0,0,0,0,0,0,0.00,0 %,0.00,ACT,0.00,0,254
06/29/2024,RB1854,MED/DAM,C,11,0,0,0,0,0,11,0.00,0 %,0.00,ACT,0.00,0,11
06/29/2024,RB1854,MED/DAM,Y,144,0,0,0,0,0,0,0.00,0 %,0.00,ACT,0.00,0,144
06/29/2024,RB1850,MED/DAM,C,28,0,0,0,0,0,28,0.00,0 %,0.00,ACT,0.00,0,28
06/29/2024,RB1850,MED/DAM,Y,254,0,0,0,0,0,0,0.00,0 %,0.00,ACT,0.00,0,254
06/29/2024,RB515,DAM/DXB,C,11,0,0,0,0,0,0,0.00,0 %,0.00,ACT,0.00,0,11
06/29/2024,RB515,DAM/DXB,Y,144,0,0,0,0,0,9,0.00,0 %,0.00,ACT,0.00,0,144
06/29/2024,RB341,DAM/KWI,C,11,0,0,0,0,0,10,0.00,0 %,0.00,ACT,0.00,0,11
06/29/2024,RB341,DAM/KWI,Y,144,0,0,0,0,0,124,0.00,0 %,0.00,ACT,0.00,0,144
06/29/2024,RB516,DXB/DAM,C,11,0,0,0,0,0,0,0.00,0 %,0.00,ACT,0.00,0,11
06/29/2024,RB516,DXB/DAM,Y,144,0,0,0,0,0,4,0.00,0 %,0.00,ACT,0.00,0,144
06/29/2024,RB342,KWI/DAM,C,11,0,0,0,0,0,11,0.00,0 %,0.00,ACT,0.00,0,11
06/29/2024,RB342,KWI/DAM,Y,144,0,0,0,0,0,123,0.00,0 %,0.00,ACT,0.00,0,144
06/30/2024,RB1852,MED/DAM,C,28,0,0,0,0,0,28,0.00,0 %,0.00,ACT,0.00,0,28
06/30/2024,RB1852,MED/DAM,Y,254,0,0,0,0,0,0,0.00,0 %,0.00,ACT,0.00,0,254
06/30/2024,RB1856,MED/DAM,C,11,0,0,0,0,0,11,0.00,0 %,0.00,ACT,0.00,0,11
06/30/2024,RB1856,MED/DAM,Y,144,0,0,0,0,0,0,0.00,0 %,0.00,ACT,0.00,0,144
06/30/2024,RB515,DAM/DXB,C,11,0,0,0,0,0,0,0.00,0 %,0.00,ACT,0.00,0,11
06/30/2024,RB515,DAM/DXB,Y,144,0,0,0,0,0,84,0.00,0 %,0.00,ACT,0.00,0,144
06/30/2024,RB501,DAM/SHJ,C,11,0,0,0,0,0,11,0.00,0 %,0.00,ACT,0.00,0,11
06/30/2024,RB501,DAM/SHJ,Y,144,0,0,0,0,0,98,0.00,0 %,0.00,ACT,0.00,0,144
06/30/2024,RB516,DXB/DAM,C,11,0,0,0,0,0,0,0.00,0 %,0.00,ACT,0.00,0,11
06/30/2024,RB516,DXB/DAM,Y,144,0,0,0,0,0,3,0.00,0 %,0.00,ACT,0.00,0,144
06/30/2024,RB1858,MED/DAM,C,28,0,0,0,0,0,28,0.00,0 %,0.00,ACT,0.00,0,28
06/30/2024,RB1858,MED/DAM,Y,254,0,0,0,0,0,0,0.00,0 %,0.00,ACT,0.00,0,254
06/30/2024,RB441,DAM/VKO,C,11,0,0,0,0,0,10,0.00,0 %,0.00,ACT,0.00,0,11
06/30/2024,RB441,DAM/VKO,Y,96,0,0,0,0,0,78,0.00,0 %,0.00,ACT,0.00,0,96
06/30/2024,RB502,SHJ/DAM,C,11,0,0,0,0,0,11,0.00,0 %,0.00,ACT,0.00,0,11
06/30/2024,RB502,SHJ/DAM,Y,144,0,0,0,0,0,25,0.00,0 %,0.00,ACT,0.00,0,144
06/30/2024,RB1862,MED/DAM,C,11,0,0,0,0,0,11,0.00,0 %,0.00,ACT,0.00,0,11
06/30/2024,RB1862,MED/DAM,Y,144,0,0,0,0,0,0,0.00,0 %,0.00,ACT,0.00,0,144
06/30/2024,RB1860,MED/DAM,C,28,0,0,0,0,0,28,0.00,0 %,0.00,ACT,0.00,0,28
06/30/2024,RB1860,MED/DAM,Y,254,0,0,0,0,0,0,0.00,0 %,0.00,ACT,0.00,0,254
06/30/2024,RB442,VKO/DAM,C,11,0,0,0,0,0,11,0.00,0 %,0.00,ACT,0.00,0,11
06/30/2024,RB442,VKO/DAM,Y,114,0,0,0,0,0,48,0.00,0 %,0.00,ACT,0.00,0,114
07/01/2024,RB203,DAM/CAI,C,11,0,0,0,0,0,1,0.00,0 %,0.00,ACT,0.00,0,11
07/01/2024,RB203,DAM/CAI,Y,144,0,0,0,0,0,6,0.00,0 %,0.00,ACT,0.00,0,144
07/01/2024,RB204,CAI/DAM,C,11,0,0,0,0,0,0,0.00,0 %,0.00,ACT,0.00,0,11
07/01/2024,RB204,CAI/DAM,Y,144,0,0,0,0,0,0,0.00,0 %,0.00,ACT,0.00,0,144
07/01/2024,RB1864,MED/DAM,C,28,0,0,0,0,0,28,0.00,0 %,0.00,ACT,0.00,0,28
07/01/2024,RB1864,MED/DAM,Y,254,0,0,0,0,0,0,0.00,0 %,0.00,ACT,0.00,0,254
07/01/2024,RB1868,MED/DAM,C,11,0,0,0,0,0,11,0.00,0 %,0.00,ACT,0.00,0,11
07/01/2024,RB1868,MED/DAM,Y,144,0,0,0,0,0,0,0.00,0 %,0.00,ACT,0.00,0,144
07/02/2024,RB1866,MED/DAM,C,28,0,0,0,0,0,28,0.00,0 %,0.00,ACT,0.00,0,28
07/02/2024,RB1866,MED/DAM,Y,254,0,0,0,0,0,0,0.00,0 %,0.00,ACT,0.00,0,254
07/02/2024,RB515,DAM/DXB,C,11,0,0,0,0,0,0,0.00,0 %,0.00,ACT,0.00,0,11
07/02/2024,RB515,DAM/DXB,Y,144,0,0,0,0,0,113,0.00,0 %,0.00,ACT,0.00,0,144
07/02/2024,RB516,DXB/DAM,C,11,0,0,0,0,0,3,0.00,0 %,0.00,ACT,0.00,0,11
07/02/2024,RB516,DXB/DAM,Y,144,0,0,0,0,0,2,0.00,0 %,0.00,ACT,0.00,0,144
07/02/2024,RB503,DAM/AUH,C,11,0,0,0,0,0,11,0.00,0 %,0.00,ACT,0.00,0,11
07/02/2024,RB503,DAM/AUH,Y,144,0,0,0,0,0,140,0.00,0 %,0.00,ACT,0.00,0,144
07/02/2024,RB1874,MED/DAM,C,11,0,0,0,0,0,11,0.00,0 %,0.00,ACT,0.00,0,11
07/02/2024,RB1874,MED/DAM,Y,144,0,0,0,0,0,0,0.00,0 %,0.00,ACT,0.00,0,144
07/02/2024,RB501,DAM/SHJ,C,11,0,0,0,0,0,11,0.00,0 %,0.00,ACT,0.00,0,11
07/02/2024,RB501,DAM/SHJ,Y,144,0,0,0,0,0,141,0.00,0 %,0.00,ACT,0.00,0,144
07/02/2024,RB1870,MED/DAM,C,28,0,0,0,0,0,28,0.00,0 %,0.00,ACT,0.00,0,28
07/02/2024,RB1870,MED/DAM,Y,254,0,0,0,0,0,0,0.00,0 %,0.00,ACT,0.00,0,254
07/02/2024,RB504,AUH/DAM,C,11,0,0,0,0,0,3,0.00,0 %,0.00,ACT,0.00,0,11
07/02/2024,RB504,AUH/DAM,Y,144,0,0,0,0,0,24,0.00,0 %,0.00,ACT,0.00,0,144
07/02/2024,RB341,DAM/KWI,C,11,0,0,0,0,0,11,0.00,0 %,0.00,ACT,0.00,0,11
07/02/2024,RB341,DAM/KWI,Y,144,0,0,0,0,0,143,0.00,0 %,0.00,ACT,0.00,0,144
07/02/2024,RB502,SHJ/DAM,C,11,0,0,0,0,0,6,0.00,0 %,0.00,ACT,0.00,0,11
07/02/2024,RB502,SHJ/DAM,Y,144,0,0,0,0,0,79,0.00,0 %,0.00,ACT,0.00,0,144
07/02/2024,RB342,KWI/DAM,C,11,0,0,0,0,0,11,0.00,0 %,0.00,ACT,0.00,0,11
07/02/2024,RB342,KWI/DAM,Y,144,0,0,0,0,0,131,0.00,0 %,0.00,ACT,0.00,0,144
07/02/2024,RB527,DAM/DOH,C,11,0,0,0,0,0,1,0.00,0 %,0.00,ACT,0.00,0,11
07/02/2024,RB527,DAM/DOH,Y,144,0,0,0,0,0,7,0.00,0 %,0.00,ACT,0.00,0,144
07/02/2024,RB1872,MED/DAM,C,28,0,0,0,0,0,28,0.00,0 %,0.00,ACT,0.00,0,28
07/02/2024,RB1872,MED/DAM,Y,254,0,0,0,0,0,0,0.00,0 %,0.00,ACT,0.00,0,254
07/02/2024,RB528,DOH/DAM,C,11,0,0,0,0,0,0,0.00,0 %,0.00,ACT,0.00,0,11
07/02/2024,RB528,DOH/DAM,Y,144,0,0,0,0,0,2,0.00,0 %,0.00,ACT,0.00,0,144
07/03/2024,RB515,DAM/DXB,C,11,0,0,0,0,0,8,0.00,0 %,0.00,ACT,0.00,0,11
07/03/2024,RB515,DAM/DXB,Y,144,0,0,0,0,0,106,0.00,0 %,0.00,ACT,0.00,0,144
07/03/2024,RB516,DXB/DAM,C,11,0,0,0,0,0,0,0.00,0 %,0.00,ACT,0.00,0,11
07/03/2024,RB516,DXB/DAM,Y,144,0,0,0,0,0,0,0.00,0 %,0.00,ACT,0.00,0,144
07/03/2024,RB1800,MED/DAM,C,28,0,0,0,0,0,28,0.00,0 %,0.00,ACT,0.00,0,28
07/03/2024,RB1800,MED/DAM,Y,254,0,0,0,0,0,0,0.00,0 %,0.00,ACT,0.00,0,254
07/03/2024,RB1804,MED/DAM,C,11,0,0,0,0,0,11,0.00,0 %,0.00,ACT,0.00,0,11
07/03/2024,RB1804,MED/DAM,Y,144,0,0,0,0,0,0,0.00,0 %,0.00,ACT,0.00,0,144
07/03/2024,RB1802,MED/DAM,C,28,0,0,0,0,0,28,0.00,0 %,0.00,ACT,0.00,0,28
07/03/2024,RB1802,MED/DAM,Y,254,0,0,0,0,0,0,0.00,0 %,0.00,ACT,0.00,0,254
07/04/2024,RB515,DAM/DXB,C,11,0,0,0,0,0,2,0.00,0 %,0.00,ACT,0.00,0,11
07/04/2024,RB515,DAM/DXB,Y,144,0,0,0,0,0,57,0.00,0 %,0.00,ACT,0.00,0,144
07/04/2024,RB341,DAM/KWI,C,11,0,0,0,0,0,11,0.00,0 %,0.00,ACT,0.00,0,11
07/04/2024,RB341,DAM/KWI,Y,144,0,0,0,0,0,127,0.00,0 %,0.00,ACT,0.00,0,144
07/04/2024,RB1876,MED/DAM,C,28,0,0,0,0,0,28,0.00,0 %,0.00,ACT,0.00,0,28
07/04/2024,RB1876,MED/DAM,Y,254,0,0,0,0,0,0,0.00,0 %,0.00,ACT,0.00,0,254
07/04/2024,RB342,KWI/DAM,C,11,0,0,0,0,0,10,0.00,0 %,0.00,ACT,0.00,0,11
07/04/2024,RB342,KWI/DAM,Y,144,0,0,0,0,0,16,0.00,0 %,0.00,ACT,0.00,0,144
07/04/2024,RB516,DXB/DAM,C,11,0,0,0,0,0,0,0.00,0 %,0.00,ACT,0.00,0,11
07/04/2024,RB516,DXB/DAM,Y,144,0,0,0,0,0,0,0.00,0 %,0.00,ACT,0.00,0,144
07/04/2024,RB1880,MED/DAM,C,11,0,0,0,0,0,11,0.00,0 %,0.00,ACT,0.00,0,11
07/04/2024,RB1880,MED/DAM,Y,144,0,0,0,0,0,0,0.00,0 %,0.00,ACT,0.00,0,144
07/05/2024,RB1878,MED/DAM,C,28,0,0,0,0,0,28,0.00,0 %,0.00,ACT,0.00,0,28
07/05/2024,RB1878,MED/DAM,Y,254,0,0,0,0,0,0,0.00,0 %,0.00,ACT,0.00,0,254
07/05/2024,RB521,DAM/DOH,C,11,0,0,0,0,0,0,0.00,0 %,0.00,ACT,0.00,0,11
07/05/2024,RB521,DAM/DOH,Y,144,0,0,0,0,0,7,0.00,0 %,0.00,ACT,0.00,0,144
07/05/2024,RB121,DAM/KAC,C,11,0,0,0,0,0,11,0.00,0 %,0.00,ACT,0.00,0,11
07/05/2024,RB121,DAM/KAC,Y,144,0,0,0,0,0,139,0.00,0 %,0.00,ACT,0.00,0,144
07/05/2024,RB1806,MED/DAM,C,28,0,0,0,0,0,28,0.00,0 %,0.00,ACT,0.00,0,28
07/05/2024,RB1806,MED/DAM,Y,254,0,0,0,0,0,0,0.00,0 %,0.00,ACT,0.00,0,254
07/05/2024,RB122,KAC/DAM,C,11,0,0,0,0,0,11,0.00,0 %,0.00,ACT,0.00,0,11
07/05/2024,RB122,KAC/DAM,Y,144,0,0,0,0,0,143,0.00,0 %,0.00,ACT,0.00,0,144
07/05/2024,RB522,DOH/DAM,C,11,0,0,0,0,0,3,0.00,0 %,0.00,ACT,0.00,0,11
07/05/2024,RB522,DOH/DAM,Y,144,0,0,0,0,0,1,0.00,0 %,0.00,ACT,0.00,0,144
07/05/2024,RB501,DAM/SHJ,C,11,0,0,0,0,0,11,0.00,0 %,0.00,ACT,0.00,0,11
07/05/2024,RB501,DAM/SHJ,Y,144,0,0,0,0,0,102,0.00,0 %,0.00,ACT,0.00,0,144
07/05/2024,RB503,DAM/AUH,C,11,0,0,0,0,0,11,0.00,0 %,0.00,ACT,0.00,0,11
07/05/2024,RB503,DAM/AUH,Y,144,0,0,0,0,0,108,0.00,0 %,0.00,ACT,0.00,0,144
07/05/2024,RB203,DAM/CAI,C,11,0,0,0,0,0,1,0.00,0 %,0.00,ACT,0.00,0,11
07/05/2024,RB203,DAM/CAI,Y,144,0,0,0,0,0,4,0.00,0 %,0.00,ACT,0.00,0,144
07/05/2024,RB502,SHJ/DAM,C,11,0,0,0,0,0,2,0.00,0 %,0.00,ACT,0.00,0,11
07/05/2024,RB502,SHJ/DAM,Y,144,0,0,0,0,0,27,0.00,0 %,0.00,ACT,0.00,0,144
07/05/2024,RB504,AUH/DAM,C,11,0,0,0,0,0,5,0.00,0 %,0.00,ACT,0.00,0,11
07/05/2024,RB504,AUH/DAM,Y,144,0,0,0,0,0,20,0.00,0 %,0.00,ACT,0.00,0,144
07/05/2024,RB204,CAI/DAM,C,11,0,0,0,0,0,0,0.00,0 %,0.00,ACT,0.00,0,11
07/05/2024,RB204,CAI/DAM,Y,144,0,0,0,0,0,4,0.00,0 %,0.00,ACT,0.00,0,144
07/06/2024,RB1808,MED/DAM,C,28,0,0,0,0,0,28,0.00,0 %,0.00,ACT,0.00,0,28
07/06/2024,RB1808,MED/DAM,Y,254,0,0,0,0,0,0,0.00,0 %,0.00,ACT,0.00,0,254
07/06/2024,RB515,DAM/DXB,C,28,0,0,0,0,0,25,0.00,0 %,0.00,ACT,0.00,0,28
07/06/2024,RB515,DAM/DXB,Y,254,0,0,0,0,0,174,0.00,0 %,0.00,ACT,0.00,0,254
07/06/2024,RB516,DXB/DAM,C,28,0,0,0,0,0,5,0.00,0 %,0.00,ACT,0.00,0,28
07/06/2024,RB516,DXB/DAM,Y,254,0,0,0,0,0,6,0.00,0 %,0.00,ACT,0.00,0,254
07/06/2024,RB341,DAM/KWI,C,11,0,0,0,0,0,10,0.00,0 %,0.00,ACT,0.00,0,11
07/06/2024,RB341,DAM/KWI,Y,144,0,0,0,0,0,125,0.00,0 %,0.00,ACT,0.00,0,144
07/06/2024,RB203,DAM/CAI,C,11,0,0,0,0,0,2,0.00,0 %,0.00,ACT,0.00,0,11
07/06/2024,RB203,DAM/CAI,Y,144,0,0,0,0,0,0,0.00,0 %,0.00,ACT,0.00,0,144
07/06/2024,RB342,KWI/DAM,C,11,0,0,0,0,0,10,0.00,0 %,0.00,ACT,0.00,0,11
07/06/2024,RB342,KWI/DAM,Y,144,0,0,0,0,0,21,0.00,0 %,0.00,ACT,0.00,0,144
07/06/2024,RB204,CAI/DAM,C,11,0,0,0,0,0,0,0.00,0 %,0.00,ACT,0.00,0,11
07/06/2024,RB204,CAI/DAM,Y,144,0,0,0,0,0,2,0.00,0 %,0.00,ACT,0.00,0,144
07/06/2024,RB1882,MED/DAM,C,28,0,0,0,0,0,28,0.00,0 %,0.00,ACT,0.00,0,28
07/06/2024,RB1882,MED/DAM,Y,254,0,0,0,0,0,0,0.00,0 %,0.00,ACT,0.00,0,254
07/07/2024,RB501,DAM/SHJ,C,28,0,0,0,0,0,27,0.00,0 %,0.00,ACT,0.00,0,28
07/07/2024,RB501,DAM/SHJ,Y,254,0,0,0,0,0,161,0.00,0 %,0.00,ACT,0.00,0,254
07/07/2024,RB1516,DXB/DAM,C,28,0,0,0,0,0,0,0.00,0 %,0.00,ACT,0.00,0,28
07/07/2024,RB1516,DXB/DAM,Y,254,0,0,0,0,0,3,0.00,0 %,0.00,ACT,0.00,0,254
07/07/2024,RB441,DAM/VKO,C,11,0,0,0,0,0,2,0.00,0 %,0.00,ACT,0.00,0,11
07/07/2024,RB441,DAM/VKO,Y,96,0,0,0,0,0,26,0.00,0 %,0.00,ACT,0.00,0,96
07/07/2024,RB502,SHJ/DAM,C,28,0,0,0,0,0,20,0.00,0 %,0.00,ACT,0.00,0,28
07/07/2024,RB502,SHJ/DAM,Y,254,0,0,0,0,0,140,0.00,0 %,0.00,ACT,0.00,0,254
07/07/2024,RB442,VKO/DAM,C,11,0,0,0,0,0,0,0.00,0 %,0.00,ACT,0.00,0,11
07/07/2024,RB442,VKO/DAM,Y,114,0,0,0,0,0,0,0.00,0 %,0.00,ACT,0.00,0,114
07/08/2024,RB515,DAM/DXB,C,28,0,0,0,0,0,8,0.00,0 %,0.00,ACT,0.00,0,28
07/08/2024,RB515,DAM/DXB,Y,254,0,0,0,0,0,41,0.00,0 %,0.00,ACT,0.00,0,254
07/08/2024,RB516,DXB/DAM,C,28,0,0,0,0,0,2,0.00,0 %,0.00,ACT,0.00,0,28
07/08/2024,RB516,DXB/DAM,Y,254,0,0,0,0,0,3,0.00,0 %,0.00,ACT,0.00,0,254
07/08/2024,RB201,DAM/CAI,C,11,0,0,0,0,0,1,0.00,0 %,0.00,ACT,0.00,0,11
07/08/2024,RB201,DAM/CAI,Y,144,0,0,0,0,0,7,0.00,0 %,0.00,ACT,0.00,0,144
07/08/2024,RB202,CAI/DAM,C,11,0,0,0,0,0,4,0.00,0 %,0.00,ACT,0.00,0,11
07/08/2024,RB202,CAI/DAM,Y,144,0,0,0,0,0,0,0.00,0 %,0.00,ACT,0.00,0,144
07/08/2024,RB521,DAM/DOH,C,27,0,0,0,0,0,15,0.00,0 %,0.00,ACT,0.00,0,27
07/08/2024,RB521,DAM/DOH,Y,254,0,0,0,0,0,16,0.00,0 %,0.00,ACT,0.00,0,254
07/08/2024,RB203,DAM/CAI,C,11,0,0,0,0,0,2,0.00,0 %,0.00,ACT,0.00,0,11
07/08/2024,RB203,DAM/CAI,Y,144,0,0,0,0,0,9,0.00,0 %,0.00,ACT,0.00,0,144
07/08/2024,RB522,DOH/DAM,C,27,0,0,0,0,0,4,0.00,0 %,0.00,ACT,0.00,0,27
07/08/2024,RB522,DOH/DAM,Y,254,0,0,0,0,0,0,0.00,0 %,0.00,ACT,0.00,0,254
07/09/2024,RB204,CAI/DAM,C,11,0,0,0,0,0,8,0.00,0 %,0.00,ACT,0.00,0,11
07/09/2024,RB204,CAI/DAM,Y,144,0,0,0,0,0,1,0.00,0 %,0.00,ACT,0.00,0,144
07/09/2024,RB521,DAM/DOH,C,11,0,0,0,0,0,6,0.00,0 %,0.00,ACT,0.00,0,11
07/09/2024,RB521,DAM/DOH,Y,144,0,0,0,0,0,35,0.00,0 %,0.00,ACT,0.00,0,144
07/09/2024,RB503,DAM/AUH,C,11,0,0,0,0,0,11,0.00,0 %,0.00,ACT,0.00,0,11
07/09/2024,RB503,DAM/AUH,Y,144,0,0,0,0,0,116,0.00,0 %,0.00,ACT,0.00,0,144
07/09/2024,RB522,DOH/DAM,C,11,0,0,0,0,0,0,0.00,0 %,0.00,ACT,0.00,0,11
07/09/2024,RB522,DOH/DAM,Y,144,0,0,0,0,0,0,0.00,0 %,0.00,ACT,0.00,0,144
07/09/2024,RB501,DAM/SHJ,C,11,0,0,0,0,0,11,0.00,0 %,0.00,ACT,0.00,0,11
07/09/2024,RB501,DAM/SHJ,Y,144,0,0,0,0,0,127,0.00,0 %,0.00,ACT,0.00,0,144
07/09/2024,RB504,AUH/DAM,C,11,0,0,0,0,0,4,0.00,0 %,0.00,ACT,0.00,0,11
07/09/2024,RB504,AUH/DAM,Y,144,0,0,0,0,0,32,0.00,0 %,0.00,ACT,0.00,0,144
07/09/2024,RB201,DAM/CAI,C,11,0,0,0,0,0,0,0.00,0 %,0.00,ACT,0.00,0,11
07/09/2024,RB201,DAM/CAI,Y,144,0,0,0,0,0,3,0.00,0 %,0.00,ACT,0.00,0,144
07/09/2024,RB341,DAM/KWI,C,11,0,0,0,0,0,3,0.00,0 %,0.00,ACT,0.00,0,11
07/09/2024,RB341,DAM/KWI,Y,144,0,0,0,0,0,115,0.00,0 %,0.00,ACT,0.00,0,144
07/09/2024,RB502,SHJ/DAM,C,11,0,0,0,0,0,9,0.00,0 %,0.00,ACT,0.00,0,11
07/09/2024,RB502,SHJ/DAM,Y,144,0,0,0,0,0,19,0.00,0 %,0.00,ACT,0.00,0,144
07/09/2024,RB202,CAI/DAM,C,11,0,0,0,0,0,6,0.00,0 %,0.00,ACT,0.00,0,11
07/09/2024,RB202,CAI/DAM,Y,144,0,0,0,0,0,1,0.00,0 %,0.00,ACT,0.00,0,144
07/09/2024,RB342,KWI/DAM,C,11,0,0,0,0,0,9,0.00,0 %,0.00,ACT,0.00,0,11
07/09/2024,RB342,KWI/DAM,Y,144,0,0,0,0,0,19,0.00,0 %,0.00,ACT,0.00,0,144
07/10/2024,RB0389,DAM/RUH,C,11,0,0,0,0,0,0,0.00,0 %,0.00,ACT,0.00,0,11
07/10/2024,RB0389,DAM/RUH,Y,144,0,0,0,0,0,34,0.00,0 %,0.00,ACT,0.00,0,144
07/10/2024,RB515,DAM/DXB,C,28,0,0,0,0,0,4,0.00,0 %,0.00,ACT,0.00,0,28
07/10/2024,RB515,DAM/DXB,Y,254,0,0,0,0,0,106,0.00,0 %,0.00,ACT,0.00,0,254
07/10/2024,RB390,RUH/DAM,C,11,0,0,0,0,0,0,0.00,0 %,0.00,ACT,0.00,0,11
07/10/2024,RB390,RUH/DAM,Y,144,0,0,0,0,0,8,0.00,0 %,0.00,ACT,0.00,0,144
07/10/2024,RB516,DXB/DAM,C,28,0,0,0,0,0,0,0.00,0 %,0.00,ACT,0.00,0,28
07/10/2024,RB516,DXB/DAM,Y,254,0,0,0,0,0,9,0.00,0 %,0.00,ACT,0.00,0,254
07/10/2024,RB521,DAM/DOH,C,11,0,0,0,0,0,8,0.00,0 %,0.00,ACT,0.00,0,11
07/10/2024,RB521,DAM/DOH,Y,144,0,0,0,0,0,4,0.00,0 %,0.00,ACT,0.00,0,144
07/10/2024,RB522,DOH/DAM,C,11,0,0,0,0,0,0,0.00,0 %,0.00,ACT,0.00,0,11
07/10/2024,RB522,DOH/DAM,Y,144,0,0,0,0,0,9,0.00,0 %,0.00,ACT,0.00,0,144
07/10/2024,RB201,DAM/CAI,C,11,0,0,0,0,0,0,0.00,0 %,0.00,ACT,0.00,0,11
07/10/2024,RB201,DAM/CAI,Y,144,0,0,0,0,0,10,0.00,0 %,0.00,ACT,0.00,0,144
07/11/2024,RB202,CAI/DAM,C,11,0,0,0,0,0,3,0.00,0 %,0.00,ACT,0.00,0,11
07/11/2024,RB202,CAI/DAM,Y,144,0,0,0,0,0,7,0.00,0 %,0.00,ACT,0.00,0,144
07/11/2024,RB341,DAM/KWI,C,11,0,0,0,0,0,10,0.00,0 %,0.00,ACT,0.00,0,11
07/11/2024,RB341,DAM/KWI,Y,144,0,0,0,0,0,130,0.00,0 %,0.00,ACT,0.00,0,144
07/11/2024,RB515,DAM/DXB,C,28,0,0,0,0,0,25,0.00,0 %,0.00,ACT,0.00,0,28
07/11/2024,RB515,DAM/DXB,Y,254,0,0,0,0,0,185,0.00,0 %,0.00,ACT,0.00,0,254
07/11/2024,RB342,KWI/DAM,C,11,0,0,0,0,0,0,0.00,0 %,0.00,ACT,0.00,0,11
07/11/2024,RB342,KWI/DAM,Y,144,0,0,0,0,0,0,0.00,0 %,0.00,ACT,0.00,0,144
07/11/2024,RB516,DXB/DAM,C,28,0,0,0,0,0,2,0.00,0 %,0.00,ACT,0.00,0,28
07/11/2024,RB516,DXB/DAM,Y,254,0,0,0,0,0,10,0.00,0 %,0.00,ACT,0.00,0,254
07/11/2024,RB521,DAM/DOH,C,11,0,0,0,0,0,6,0.00,0 %,0.00,ACT,0.00,0,11
07/11/2024,RB521,DAM/DOH,Y,144,0,0,0,0,0,5,0.00,0 %,0.00,ACT,0.00,0,144
07/11/2024,RB522,DOH/DAM,C,11,0,0,0,0,0,0,0.00,0 %,0.00,ACT,0.00,0,11
07/11/2024,RB522,DOH/DAM,Y,144,0,0,0,0,0,0,0.00,0 %,0.00,ACT,0.00,0,144
07/12/2024,RB121,DAM/KAC,C,11,0,0,0,0,0,8,0.00,0 %,0.00,ACT,0.00,0,11
07/12/2024,RB121,DAM/KAC,Y,144,0,0,0,0,0,32,0.00,0 %,0.00,ACT,0.00,0,144
07/12/2024,RB122,KAC/DAM,C,11,0,0,0,0,0,7,0.00,0 %,0.00,ACT,0.00,0,11
07/12/2024,RB122,KAC/DAM,Y,144,0,0,0,0,0,13,0.00,0 %,0.00,ACT,0.00,0,144
07/12/2024,RB501,DAM/SHJ,C,28,0,0,0,0,0,26,0.00,0 %,0.00,ACT,0.00,0,28
07/12/2024,RB501,DAM/SHJ,Y,254,0,0,0,0,0,186,0.00,0 %,0.00,ACT,0.00,0,254
07/12/2024,RB503,DAM/AUH,C,11,0,0,0,0,0,11,0.00,0 %,0.00,ACT,0.00,0,11
07/12/2024,RB503,DAM/AUH,Y,144,0,0,0,0,0,20,0.00,0 %,0.00,ACT,0.00,0,144
07/12/2024,RB502,SHJ/DAM,C,28,0,0,0,0,0,8,0.00,0 %,0.00,ACT,0.00,0,28
07/12/2024,RB502,SHJ/DAM,Y,254,0,0,0,0,0,41,0.00,0 %,0.00,ACT,0.00,0,254
07/12/2024,RB504,AUH/DAM,C,11,0,0,0,0,0,1,0.00,0 %,0.00,ACT,0.00,0,11
07/12/2024,RB504,AUH/DAM,Y,144,0,0,0,0,0,8,0.00,0 %,0.00,ACT,0.00,0,144
07/13/2024,RB515,DAM/DXB,C,28,0,0,0,0,0,10,0.00,0 %,0.00,ACT,0.00,0,28
07/13/2024,RB515,DAM/DXB,Y,254,0,0,0,0,0,124,0.00,0 %,0.00,ACT,0.00,0,254
07/13/2024,RB201,DAM/CAI,C,11,0,0,0,0,0,0,0.00,0 %,0.00,ACT,0.00,0,11
07/13/2024,RB201,DAM/CAI,Y,144,0,0,0,0,0,7,0.00,0 %,0.00,ACT,0.00,0,144
07/13/2024,RB202,CAI/DAM,C,11,0,0,0,0,0,3,0.00,0 %,0.00,ACT,0.00,0,11
07/13/2024,RB202,CAI/DAM,Y,144,0,0,0,0,0,11,0.00,0 %,0.00,ACT,0.00,0,144
07/13/2024,RB516,DXB/DAM,C,28,0,0,0,0,0,0,0.00,0 %,0.00,ACT,0.00,0,28
07/13/2024,RB516,DXB/DAM,Y,254,0,0,0,0,0,4,0.00,0 %,0.00,ACT,0.00,0,254
07/13/2024,RB521,DAM/DOH,C,11,0,0,0,0,0,0,0.00,0 %,0.00,ACT,0.00,0,11
07/13/2024,RB521,DAM/DOH,Y,144,0,0,0,0,0,6,0.00,0 %,0.00,ACT,0.00,0,144
07/13/2024,RB522,DOH/DAM,C,11,0,0,0,0,0,5,0.00,0 %,0.00,ACT,0.00,0,11
07/13/2024,RB522,DOH/DAM,Y,144,0,0,0,0,0,1,0.00,0 %,0.00,ACT,0.00,0,144
07/13/2024,RB341,DAM/KWI,C,11,0,0,0,0,0,10,0.00,0 %,0.00,ACT,0.00,0,11
07/13/2024,RB341,DAM/KWI,Y,144,0,0,0,0,0,108,0.00,0 %,0.00,ACT,0.00,0,144
07/14/2024,RB342,KWI/DAM,C,11,0,0,0,0,0,9,0.00,0 %,0.00,ACT,0.00,0,11
07/14/2024,RB342,KWI/DAM,Y,144,0,0,0,0,0,5,0.00,0 %,0.00,ACT,0.00,0,144
07/14/2024,RB501,DAM/SHJ,C,28,0,0,0,0,0,20,0.00,0 %,0.00,ACT,0.00,0,28
07/14/2024,RB501,DAM/SHJ,Y,254,0,0,0,0,0,166,0.00,0 %,0.00,ACT,0.00,0,254
07/14/2024,RB441,DAM/VKO,C,11,0,0,0,0,0,0,0.00,0 %,0.00,ACT,0.00,0,11
07/14/2024,RB441,DAM/VKO,Y,96,0,0,0,0,0,2,0.00,0 %,0.00,ACT,0.00,0,96
07/14/2024,RB502,SHJ/DAM,C,28,0,0,0,0,0,2,0.00,0 %,0.00,ACT,0.00,0,28
07/14/2024,RB502,SHJ/DAM,Y,254,0,0,0,0,0,8,0.00,0 %,0.00,ACT,0.00,0,254
07/14/2024,RB442,VKO/DAM,C,11,0,0,0,0,0,0,0.00,0 %,0.00,ACT,0.00,0,11
07/14/2024,RB442,VKO/DAM,Y,114,0,0,0,0,0,1,0.00,0 %,0.00,ACT,0.00,0,114
07/15/2024,RB515,DAM/DXB,C,28,0,0,0,0,0,10,0.00,0 %,0.00,ACT,0.00,0,28
07/15/2024,RB515,DAM/DXB,Y,254,0,0,0,0,0,137,0.00,0 %,0.00,ACT,0.00,0,254
07/15/2024,RB516,DXB/DAM,C,28,0,0,0,0,0,0,0.00,0 %,0.00,ACT,0.00,0,28
07/15/2024,RB516,DXB/DAM,Y,254,0,0,0,0,0,0,0.00,0 %,0.00,ACT,0.00,0,254
07/15/2024,RB201,DAM/CAI,C,11,0,0,0,0,0,0,0.00,0 %,0.00,ACT,0.00,0,11
07/15/2024,RB201,DAM/CAI,Y,144,0,0,0,0,0,9,0.00,0 %,0.00,ACT,0.00,0,144
07/15/2024,RB202,CAI/DAM,C,11,0,0,0,0,0,1,0.00,0 %,0.00,ACT,0.00,0,11
07/15/2024,RB202,CAI/DAM,Y,144,0,0,0,0,0,3,0.00,0 %,0.00,ACT,0.00,0,144
07/16/2024,RB501,DAM/SHJ,C,11,0,0,0,0,0,9,0.00,0 %,0.00,ACT,0.00,0,11
07/16/2024,RB501,DAM/SHJ,Y,144,0,0,0,0,0,80,0.00,0 %,0.00,ACT,0.00,0,144
07/16/2024,RB502,SHJ/DAM,C,11,0,0,0,0,0,2,0.00,0 %,0.00,ACT,0.00,0,11
07/16/2024,RB502,SHJ/DAM,Y,144,0,0,0,0,0,8,0.00,0 %,0.00,ACT,0.00,0,144
07/16/2024,RB503,DAM/AUH,C,28,0,0,0,0,0,28,0.00,0 %,0.00,ACT,0.00,0,28
07/16/2024,RB503,DAM/AUH,Y,254,0,0,0,0,0,181,0.00,0 %,0.00,ACT,0.00,0,254
07/16/2024,RB341,DAM/KWI,C,11,0,0,0,0,0,11,0.00,0 %,0.00,ACT,0.00,0,11
07/16/2024,RB341,DAM/KWI,Y,144,0,0,0,0,0,118,0.00,0 %,0.00,ACT,0.00,0,144
07/16/2024,RB504,AUH/DAM,C,28,0,0,0,0,0,17,0.00,0 %,0.00,ACT,0.00,0,28
07/16/2024,RB504,AUH/DAM,Y,254,0,0,0,0,0,4,0.00,0 %,0.00,ACT,0.00,0,254
07/17/2024,RB342,KWI/DAM,C,11,0,0,0,0,0,4,0.00,0 %,0.00,ACT,0.00,0,11
07/17/2024,RB342,KWI/DAM,Y,144,0,0,0,0,0,2,0.00,0 %,0.00,ACT,0.00,0,144
07/17/2024,RB0389,DAM/RUH,C,11,0,0,0,0,0,0,0.00,0 %,0.00,ACT,0.00,0,11
07/17/2024,RB0389,DAM/RUH,Y,144,0,0,0,0,0,9,0.00,0 %,0.00,ACT,0.00,0,144
07/17/2024,RB515,DAM/DXB,C,28,0,0,0,0,0,18,0.00,0 %,0.00,ACT,0.00,0,28
07/17/2024,RB515,DAM/DXB,Y,254,0,0,0,0,0,173,0.00,0 %,0.00,ACT,0.00,0,254
07/17/2024,RB390,RUH/DAM,C,11,0,0,0,0,0,0,0.00,0 %,0.00,ACT,0.00,0,11
07/17/2024,RB390,RUH/DAM,Y,144,0,0,0,0,0,1,0.00,0 %,0.00,ACT,0.00,0,144
07/17/2024,RB516,DXB/DAM,C,28,0,0,0,0,0,3,0.00,0 %,0.00,ACT,0.00,0,28
07/17/2024,RB516,DXB/DAM,Y,254,0,0,0,0,0,0,0.00,0 %,0.00,ACT,0.00,0,254
07/17/2024,RB521,DAM/DOH,C,11,0,0,0,0,0,1,0.00,0 %,0.00,ACT,0.00,0,11
07/17/2024,RB521,DAM/DOH,Y,144,0,0,0,0,0,9,0.00,0 %,0.00,ACT,0.00,0,144
07/17/2024,RB522,DOH/DAM,C,11,0,0,0,0,0,0,0.00,0 %,0.00,ACT,0.00,0,11
07/17/2024,RB522,DOH/DAM,Y,144,0,0,0,0,0,0,0.00,0 %,0.00,ACT,0.00,0,144
07/17/2024,RB201,DAM/CAI,C,11,0,0,0,0,0,0,0.00,0 %,0.00,ACT,0.00,0,11
07/17/2024,RB201,DAM/CAI,Y,144,0,0,0,0,0,0,0.00,0 %,0.00,ACT,0.00,0,144
07/18/2024,RB202,CAI/DAM,C,11,0,0,0,0,0,0,0.00,0 %,0.00,ACT,0.00,0,11
07/18/2024,RB202,CAI/DAM,Y,144,0,0,0,0,0,0,0.00,0 %,0.00,ACT,0.00,0,144
07/18/2024,RB341,DAM/KWI,C,11,0,0,0,0,0,11,0.00,0 %,0.00,ACT,0.00,0,11
07/18/2024,RB341,DAM/KWI,Y,144,0,0,0,0,0,101,0.00,0 %,0.00,ACT,0.00,0,144
07/18/2024,RB515,DAM/DXB,C,28,0,0,0,0,0,17,0.00,0 %,0.00,ACT,0.00,0,28
07/18/2024,RB515,DAM/DXB,Y,254,0,0,0,0,0,170,0.00,0 %,0.00,ACT,0.00,0,254
07/18/2024,RB342,KWI/DAM,C,11,0,0,0,0,0,7,0.00,0 %,0.00,ACT,0.00,0,11
07/18/2024,RB342,KWI/DAM,Y,144,0,0,0,0,0,5,0.00,0 %,0.00,ACT,0.00,0,144
07/18/2024,RB516,DXB/DAM,C,28,0,0,0,0,0,4,0.00,0 %,0.00,ACT,0.00,0,28
07/18/2024,RB516,DXB/DAM,Y,254,0,0,0,0,0,4,0.00,0 %,0.00,ACT,0.00,0,254
07/18/2024,RB521,DAM/DOH,C,11,0,0,0,0,0,2,0.00,0 %,0.00,ACT,0.00,0,11
07/18/2024,RB521,DAM/DOH,Y,144,0,0,0,0,0,6,0.00,0 %,0.00,ACT,0.00,0,144
07/18/2024,RB522,DOH/DAM,C,11,0,0,0,0,0,1,0.00,0 %,0.00,ACT,0.00,0,11
07/18/2024,RB522,DOH/DAM,Y,144,0,0,0,0,0,0,0.00,0 %,0.00,ACT,0.00,0,144
07/19/2024,RB501,DAM/SHJ,C,28,0,0,0,0,0,25,0.00,0 %,0.00,ACT,0.00,0,28
07/19/2024,RB501,DAM/SHJ,Y,254,0,0,0,0,0,183,0.00,0 %,0.00,ACT,0.00,0,254
07/19/2024,RB503,DAM/AUH,C,11,0,0,0,0,0,9,0.00,0 %,0.00,ACT,0.00,0,11
07/19/2024,RB503,DAM/AUH,Y,144,0,0,0,0,0,39,0.00,0 %,0.00,ACT,0.00,0,144
07/19/2024,RB502,SHJ/DAM,C,28,0,0,0,0,0,6,0.00,0 %,0.00,ACT,0.00,0,28
07/19/2024,RB502,SHJ/DAM,Y,254,0,0,0,0,0,46,0.00,0 %,0.00,ACT,0.00,0,254
07/19/2024,RB504,AUH/DAM,C,11,0,0,0,0,0,7,0.00,0 %,0.00,ACT,0.00,0,11
07/19/2024,RB504,AUH/DAM,Y,144,0,0,0,0,0,11,0.00,0 %,0.00,ACT,0.00,0,144
07/20/2024,RB515,DAM/DXB,C,28,0,0,0,0,0,18,0.00,0 %,0.00,ACT,0.00,0,28
07/20/2024,RB515,DAM/DXB,Y,254,0,0,0,0,0,120,0.00,0 %,0.00,ACT,0.00,0,254
07/20/2024,RB201,DAM/CAI,C,11,0,0,0,0,0,0,0.00,0 %,0.00,ACT,0.00,0,11
07/20/2024,RB201,DAM/CAI,Y,144,0,0,0,0,0,0,0.00,0 %,0.00,ACT,0.00,0,144
07/20/2024,RB202,CAI/DAM,C,11,0,0,0,0,0,0,0.00,0 %,0.00,ACT,0.00,0,11
07/20/2024,RB202,CAI/DAM,Y,144,0,0,0,0,0,0,0.00,0 %,0.00,ACT,0.00,0,144
07/20/2024,RB516,DXB/DAM,C,28,0,0,0,0,0,3,0.00,0 %,0.00,ACT,0.00,0,28
07/20/2024,RB516,DXB/DAM,Y,254,0,0,0,0,0,17,0.00,0 %,0.00,ACT,0.00,0,254
07/20/2024,RB521,DAM/DOH,C,11,0,0,0,0,0,0,0.00,0 %,0.00,ACT,0.00,0,11
07/20/2024,RB521,DAM/DOH,Y,144,0,0,0,0,0,8,0.00,0 %,0.00,ACT,0.00,0,144
07/20/2024,RB522,DOH/DAM,C,11,0,0,0,0,0,0,0.00,0 %,0.00,ACT,0.00,0,11
07/20/2024,RB522,DOH/DAM,Y,144,0,0,0,0,0,4,0.00,0 %,0.00,ACT,0.00,0,144
07/20/2024,RB341,DAM/KWI,C,11,0,0,0,0,0,11,0.00,0 %,0.00,ACT,0.00,0,11
07/20/2024,RB341,DAM/KWI,Y,144,0,0,0,0,0,65,0.00,0 %,0.00,ACT,0.00,0,144
07/21/2024,RB342,KWI/DAM,C,11,0,0,0,0,0,10,0.00,0 %,0.00,ACT,0.00,0,11
07/21/2024,RB342,KWI/DAM,Y,144,0,0,0,0,0,13,0.00,0 %,0.00,ACT,0.00,0,144
07/21/2024,RB501,DAM/SHJ,C,28,0,0,0,0,0,13,0.00,0 %,0.00,ACT,0.00,0,28
07/21/2024,RB501,DAM/SHJ,Y,254,0,0,0,0,0,180,0.00,0 %,0.00,ACT,0.00,0,254
07/21/2024,RB441,DAM/VKO,C,11,0,0,0,0,0,6,0.00,0 %,0.00,ACT,0.00,0,11
07/21/2024,RB441,DAM/VKO,Y,96,0,0,0,0,0,37,0.00,0 %,0.00,ACT,0.00,0,96
07/21/2024,RB502,SHJ/DAM,C,28,0,0,0,0,0,21,0.00,0 %,0.00,ACT,0.00,0,28
07/21/2024,RB502,SHJ/DAM,Y,254,0,0,0,0,0,64,0.00,0 %,0.00,ACT,0.00,0,254
07/21/2024,RB442,VKO/DAM,C,11,0,0,0,0,0,0,0.00,0 %,0.00,ACT,0.00,0,11
07/21/2024,RB442,VKO/DAM,Y,114,0,0,0,0,0,2,0.00,0 %,0.00,ACT,0.00,0,114
07/22/2024,RB515,DAM/DXB,C,28,0,0,0,0,0,8,0.00,0 %,0.00,ACT,0.00,0,28
07/22/2024,RB515,DAM/DXB,Y,254,0,0,0,0,0,116,0.00,0 %,0.00,ACT,0.00,0,254
07/22/2024,RB516,DXB/DAM,C,28,0,0,0,0,0,5,0.00,0 %,0.00,ACT,0.00,0,28
07/22/2024,RB516,DXB/DAM,Y,254,0,0,0,0,0,53,0.00,0 %,0.00,ACT,0.00,0,254
07/22/2024,RB201,DAM/CAI,C,11,0,0,0,0,0,0,0.00,0 %,0.00,ACT,0.00,0,11
07/22/2024,RB201,DAM/CAI,Y,144,0,0,0,0,0,3,0.00,0 %,0.00,ACT,0.00,0,144
07/22/2024,RB202,CAI/DAM,C,11,0,0,0,0,0,0,0.00,0 %,0.00,ACT,0.00,0,11
07/22/2024,RB202,CAI/DAM,Y,144,0,0,0,0,0,1,0.00,0 %,0.00,ACT,0.00,0,144
07/23/2024,RB501,DAM/SHJ,C,11,0,0,0,0,0,10,0.00,0 %,0.00,ACT,0.00,0,11
07/23/2024,RB501,DAM/SHJ,Y,144,0,0,0,0,0,61,0.00,0 %,0.00,ACT,0.00,0,144
07/23/2024,RB502,SHJ/DAM,C,11,0,0,0,0,0,8,0.00,0 %,0.00,ACT,0.00,0,11
07/23/2024,RB502,SHJ/DAM,Y,144,0,0,0,0,0,28,0.00,0 %,0.00,ACT,0.00,0,144
07/23/2024,RB503,DAM/AUH,C,28,0,0,0,0,0,22,0.00,0 %,0.00,ACT,0.00,0,28
07/23/2024,RB503,DAM/AUH,Y,254,0,0,0,0,0,154,0.00,0 %,0.00,ACT,0.00,0,254
07/23/2024,RB504,AUH/DAM,C,28,0,0,0,0,0,21,0.00,0 %,0.00,ACT,0.00,0,28
07/23/2024,RB504,AUH/DAM,Y,254,0,0,0,0,0,59,0.00,0 %,0.00,ACT,0.00,0,254
07/24/2024,RB0389,DAM/RUH,C,11,0,0,0,0,0,2,0.00,0 %,0.00,ACT,0.00,0,11
07/24/2024,RB0389,DAM/RUH,Y,144,0,0,0,0,0,8,0.00,0 %,0.00,ACT,0.00,0,144
07/24/2024,RB515,DAM/DXB,C,28,0,0,0,0,0,18,0.00,0 %,0.00,ACT,0.00,0,28
07/24/2024,RB515,DAM/DXB,Y,254,0,0,0,0,0,151,0.00,0 %,0.00,ACT,0.00,0,254
07/24/2024,RB390,RUH/DAM,C,11,0,0,0,0,0,0,0.00,0 %,0.00,ACT,0.00,0,11
07/24/2024,RB390,RUH/DAM,Y,144,0,0,0,0,0,2,0.00,0 %,0.00,ACT,0.00,0,144
07/24/2024,RB516,DXB/DAM,C,28,0,0,0,0,0,14,0.00,0 %,0.00,ACT,0.00,0,28
07/24/2024,RB516,DXB/DAM,Y,254,0,0,0,0,0,63,0.00,0 %,0.00,ACT,0.00,0,254
07/24/2024,RB521,DAM/DOH,C,11,0,0,0,0,0,0,0.00,0 %,0.00,ACT,0.00,0,11
07/24/2024,RB521,DAM/DOH,Y,144,0,0,0,0,0,0,0.00,0 %,0.00,ACT,0.00,0,144
07/24/2024,RB522,DOH/DAM,C,11,0,0,0,0,0,2,0.00,0 %,0.00,ACT,0.00,0,11
07/24/2024,RB522,DOH/DAM,Y,144,0,0,0,0,0,4,0.00,0 %,0.00,ACT,0.00,0,144
07/24/2024,RB201,DAM/CAI,C,11,0,0,0,0,0,0,0.00,0 %,0.00,ACT,0.00,0,11
07/24/2024,RB201,DAM/CAI,Y,144,0,0,0,0,0,1,0.00,0 %,0.00,ACT,0.00,0,144
07/25/2024,RB202,CAI/DAM,C,11,0,0,0,0,0,0,0.00,0 %,0.00,ACT,0.00,0,11
07/25/2024,RB202,CAI/DAM,Y,144,0,0,0,0,0,2,0.00,0 %,0.00,ACT,0.00,0,144
07/25/2024,RB341,DAM/KWI,C,11,0,0,0,0,0,10,0.00,0 %,0.00,ACT,0.00,0,11
07/25/2024,RB341,DAM/KWI,Y,144,0,0,0,0,0,43,0.00,0 %,0.00,ACT,0.00,0,144
07/25/2024,RB515,DAM/DXB,C,28,0,0,0,0,0,19,0.00,0 %,0.00,ACT,0.00,0,28
07/25/2024,RB515,DAM/DXB,Y,254,0,0,0,0,0,150,0.00,0 %,0.00,ACT,0.00,0,254
07/25/2024,RB342,KWI/DAM,C,11,0,0,0,0,0,1,0.00,0 %,0.00,ACT,0.00,0,11
07/25/2024,RB342,KWI/DAM,Y,144,0,0,0,0,0,9,0.00,0 %,0.00,ACT,0.00,0,144
07/25/2024,RB516,DXB/DAM,C,28,0,0,0,0,0,10,0.00,0 %,0.00,ACT,0.00,0,28
07/25/2024,RB516,DXB/DAM,Y,254,0,0,0,0,0,65,0.00,0 %,0.00,ACT,0.00,0,254
07/25/2024,RB521,DAM/DOH,C,11,0,0,0,0,0,2,0.00,0 %,0.00,ACT,0.00,0,11
07/25/2024,RB521,DAM/DOH,Y,144,0,0,0,0,0,1,0.00,0 %,0.00,ACT,0.00,0,144
07/25/2024,RB522,DOH/DAM,C,11,0,0,0,0,0,8,0.00,0 %,0.00,ACT,0.00,0,11
07/25/2024,RB522,DOH/DAM,Y,144,0,0,0,0,0,15,0.00,0 %,0.00,ACT,0.00,0,144
07/26/2024,RB501,DAM/SHJ,C,28,0,0,0,0,0,19,0.00,0 %,0.00,ACT,0.00,0,28
07/26/2024,RB501,DAM/SHJ,Y,254,0,0,0,0,0,135,0.00,0 %,0.00,ACT,0.00,0,254
07/26/2024,RB503,DAM/AUH,C,11,0,0,0,0,0,7,0.00,0 %,0.00,ACT,0.00,0,11
07/26/2024,RB503,DAM/AUH,Y,144,0,0,0,0,0,44,0.00,0 %,0.00,ACT,0.00,0,144
07/26/2024,RB502,SHJ/DAM,C,28,0,0,0,0,0,25,0.00,0 %,0.00,ACT,0.00,0,28
07/26/2024,RB502,SHJ/DAM,Y,254,0,0,0,0,0,54,0.00,0 %,0.00,ACT,0.00,0,254
07/26/2024,RB504,AUH/DAM,C,11,0,0,0,0,0,4,0.00,0 %,0.00,ACT,0.00,0,11
07/26/2024,RB504,AUH/DAM,Y,144,0,0,0,0,0,0,0.00,0 %,0.00,ACT,0.00,0,144
07/27/2024,RB515,DAM/DXB,C,28,0,0,0,0,0,18,0.00,0 %,0.00,ACT,0.00,0,28
07/27/2024,RB515,DAM/DXB,Y,254,0,0,0,0,0,56,0.00,0 %,0.00,ACT,0.00,0,254
07/27/2024,RB201,DAM/CAI,C,11,0,0,0,0,0,0,0.00,0 %,0.00,ACT,0.00,0,11
07/27/2024,RB201,DAM/CAI,Y,144,0,0,0,0,0,4,0.00,0 %,0.00,ACT,0.00,0,144
07/27/2024,RB202,CAI/DAM,C,11,0,0,0,0,0,1,0.00,0 %,0.00,ACT,0.00,0,11
07/27/2024,RB202,CAI/DAM,Y,144,0,0,0,0,0,0,0.00,0 %,0.00,ACT,0.00,0,144
07/27/2024,RB516,DXB/DAM,C,28,0,0,0,0,0,4,0.00,0 %,0.00,ACT,0.00,0,28
07/27/2024,RB516,DXB/DAM,Y,254,0,0,0,0,0,56,0.00,0 %,0.00,ACT,0.00,0,254
07/27/2024,RB521,DAM/DOH,C,11,0,0,0,0,0,0,0.00,0 %,0.00,ACT,0.00,0,11
07/27/2024,RB521,DAM/DOH,Y,144,0,0,0,0,0,0,0.00,0 %,0.00,ACT,0.00,0,144
07/27/2024,RB522,DOH/DAM,C,11,0,0,0,0,0,5,0.00,0 %,0.00,ACT,0.00,0,11
07/27/2024,RB522,DOH/DAM,Y,144,0,0,0,0,0,9,0.00,0 %,0.00,ACT,0.00,0,144
07/27/2024,RB341,DAM/KWI,C,11,0,0,0,0,0,0,0.00,0 %,0.00,ACT,0.00,0,11
07/27/2024,RB341,DAM/KWI,Y,144,0,0,0,0,0,4,0.00,0 %,0.00,ACT,0.00,0,144
07/28/2024,RB342,KWI/DAM,C,11,0,0,0,0,0,10,0.00,0 %,0.00,ACT,0.00,0,11
07/28/2024,RB342,KWI/DAM,Y,144,0,0,0,0,0,27,0.00,0 %,0.00,ACT,0.00,0,144
07/28/2024,RB501,DAM/SHJ,C,28,0,0,0,0,0,21,0.00,0 %,0.00,ACT,0.00,0,28
07/28/2024,RB501,DAM/SHJ,Y,254,0,0,0,0,0,111,0.00,0 %,0.00,ACT,0.00,0,254
07/28/2024,RB441,DAM/VKO,C,11,0,0,0,0,0,6,0.00,0 %,0.00,ACT,0.00,0,11
07/28/2024,RB441,DAM/VKO,Y,96,0,0,0,0,0,30,0.00,0 %,0.00,ACT,0.00,0,96
07/28/2024,RB502,SHJ/DAM,C,28,0,0,0,0,0,22,0.00,0 %,0.00,ACT,0.00,0,28
07/28/2024,RB502,SHJ/DAM,Y,254,0,0,0,0,0,111,0.00,0 %,0.00,ACT,0.00,0,254
07/28/2024,RB442,VKO/DAM,C,11,0,0,0,0,0,3,0.00,0 %,0.00,ACT,0.00,0,11
07/28/2024,RB442,VKO/DAM,Y,114,0,0,0,0,0,2,0.00,0 %,0.00,ACT,0.00,0,114
07/29/2024,RB515,DAM/DXB,C,28,0,0,0,0,0,7,0.00,0 %,0.00,ACT,0.00,0,28
07/29/2024,RB515,DAM/DXB,Y,254,0,0,0,0,0,55,0.00,0 %,0.00,ACT,0.00,0,254
07/29/2024,RB516,DXB/DAM,C,28,0,0,0,0,0,5,0.00,0 %,0.00,ACT,0.00,0,28
07/29/2024,RB516,DXB/DAM,Y,254,0,0,0,0,0,111,0.00,0 %,0.00,ACT,0.00,0,254
07/29/2024,RB201,DAM/CAI,C,11,0,0,0,0,0,0,0.00,0 %,0.00,ACT,0.00,0,11
07/29/2024,RB201,DAM/CAI,Y,144,0,0,0,0,0,0,0.00,0 %,0.00,ACT,0.00,0,144
07/29/2024,RB202,CAI/DAM,C,11,0,0,0,0,0,2,0.00,0 %,0.00,ACT,0.00,0,11
07/29/2024,RB202,CAI/DAM,Y,144,0,0,0,0,0,2,0.00,0 %,0.00,ACT,0.00,0,144
07/30/2024,RB501,DAM/SHJ,C,11,0,0,0,0,0,2,0.00,0 %,0.00,ACT,0.00,0,11
07/30/2024,RB501,DAM/SHJ,Y,144,0,0,0,0,0,4,0.00,0 %,0.00,ACT,0.00,0,144
07/30/2024,RB502,SHJ/DAM,C,11,0,0,0,0,0,8,0.00,0 %,0.00,ACT,0.00,0,11
07/30/2024,RB502,SHJ/DAM,Y,144,0,0,0,0,0,53,0.00,0 %,0.00,ACT,0.00,0,144
07/30/2024,RB503,DAM/AUH,C,28,0,0,0,0,0,24,0.00,0 %,0.00,ACT,0.00,0,28
07/30/2024,RB503,DAM/AUH,Y,254,0,0,0,0,0,86,0.00,0 %,0.00,ACT,0.00,0,254
07/30/2024,RB504,AUH/DAM,C,28,0,0,0,0,0,25,0.00,0 %,0.00,ACT,0.00,0,28
07/30/2024,RB504,AUH/DAM,Y,254,0,0,0,0,0,69,0.00,0 %,0.00,ACT,0.00,0,254
07/31/2024,RB0389,DAM/RUH,C,11,0,0,0,0,0,0,0.00,0 %,0.00,ACT,0.00,0,11
07/31/2024,RB0389,DAM/RUH,Y,144,0,0,0,0,0,1,0.00,0 %,0.00,ACT,0.00,0,144
07/31/2024,RB515,DAM/DXB,C,28,0,0,0,0,0,3,0.00,0 %,0.00,ACT,0.00,0,28
07/31/2024,RB515,DAM/DXB,Y,254,0,0,0,0,0,53,0.00,0 %,0.00,ACT,0.00,0,254
07/31/2024,RB390,RUH/DAM,C,11,0,0,0,0,0,4,0.00,0 %,0.00,ACT,0.00,0,11
07/31/2024,RB390,RUH/DAM,Y,144,0,0,0,0,0,6,0.00,0 %,0.00,ACT,0.00,0,144
07/31/2024,RB516,DXB/DAM,C,28,0,0,0,0,0,13,0.00,0 %,0.00,ACT,0.00,0,28
07/31/2024,RB516,DXB/DAM,Y,254,0,0,0,0,0,47,0.00,0 %,0.00,ACT,0.00,0,254
07/31/2024,RB521,DAM/DOH,C,11,0,0,0,0,0,0,0.00,0 %,0.00,ACT,0.00,0,11
07/31/2024,RB521,DAM/DOH,Y,144,0,0,0,0,0,0,0.00,0 %,0.00,ACT,0.00,0,144
07/31/2024,RB522,DOH/DAM,C,11,0,0,0,0,0,3,0.00,0 %,0.00,ACT,0.00,0,11
07/31/2024,RB522,DOH/DAM,Y,144,0,0,0,0,0,12,0.00,0 %,0.00,ACT,0.00,0,144
07/31/2024,RB201,DAM/CAI,C,11,0,0,0,0,0,0,0.00,0 %,0.00,ACT,0.00,0,11
07/31/2024,RB201,DAM/CAI,Y,144,0,0,0,0,0,0,0.00,0 %,0.00,ACT,0.00,0,144
08/01/2024,RB202,CAI/DAM,C,11,0,0,0,0,0,2,0.00,0 %,0.00,ACT,0.00,0,11
08/01/2024,RB202,CAI/DAM,Y,144,0,0,0,0,0,0,0.00,0 %,0.00,ACT,0.00,0,144
08/01/2024,RB341,DAM/KWI,C,11,0,0,0,0,0,0,0.00,0 %,0.00,ACT,0.00,0,11
08/01/2024,RB341,DAM/KWI,Y,144,0,0,0,0,0,0,0.00,0 %,0.00,ACT,0.00,0,144
08/01/2024,RB515,DAM/DXB,C,28,0,0,0,0,0,15,0.00,0 %,0.00,ACT,0.00,0,28
08/01/2024,RB515,DAM/DXB,Y,254,0,0,0,0,0,18,0.00,0 %,0.00,ACT,0.00,0,254
08/01/2024,RB342,KWI/DAM,C,11,0,0,0,0,0,0,0.00,0 %,0.00,ACT,0.00,0,11
08/01/2024,RB342,KWI/DAM,Y,144,0,0,0,0,0,0,0.00,0 %,0.00,ACT,0.00,0,144
08/01/2024,RB516,DXB/DAM,C,28,0,0,0,0,0,12,0.00,0 %,0.00,ACT,0.00,0,28
08/01/2024,RB516,DXB/DAM,Y,254,0,0,0,0,0,17,0.00,0 %,0.00,ACT,0.00,0,254
08/01/2024,RB521,DAM/DOH,C,11,0,0,0,0,0,0,0.00,0 %,0.00,ACT,0.00,0,11
08/01/2024,RB521,DAM/DOH,Y,144,0,0,0,0,0,0,0.00,0 %,0.00,ACT,0.00,0,144
08/01/2024,RB522,DOH/DAM,C,11,0,0,0,0,0,2,0.00,0 %,0.00,ACT,0.00,0,11
08/01/2024,RB522,DOH/DAM,Y,144,0,0,0,0,0,41,0.00,0 %,0.00,ACT,0.00,0,144
08/02/2024,RB503,DAM/AUH,C,11,0,0,0,0,0,0,0.00,0 %,0.00,ACT,0.00,0,11
08/02/2024,RB503,DAM/AUH,Y,144,0,0,0,0,0,4,0.00,0 %,0.00,ACT,0.00,0,144
08/02/2024,RB504,AUH/DAM,C,11,0,0,0,0,0,3,0.00,0 %,0.00,ACT,0.00,0,11
08/02/2024,RB504,AUH/DAM,Y,144,0,0,0,0,0,19,0.00,0 %,0.00,ACT,0.00,0,144
08/02/2024,RB501,DAM/SHJ,C,28,0,0,0,0,0,2,0.00,0 %,0.00,ACT,0.00,0,28
08/02/2024,RB501,DAM/SHJ,Y,254,0,0,0,0,0,0,0.00,0 %,0.00,ACT,0.00,0,254
08/02/2024,RB0389,DAM/RUH,C,11,0,0,0,0,0,0,0.00,0 %,0.00,ACT,0.00,0,11
08/02/2024,RB0389,DAM/RUH,Y,144,0,0,0,0,0,10,0.00,0 %,0.00,ACT,0.00,0,144
08/02/2024,RB502,SHJ/DAM,C,28,0,0,0,0,0,18,0.00,0 %,0.00,ACT,0.00,0,28
08/02/2024,RB502,SHJ/DAM,Y,254,0,0,0,0,0,44,0.00,0 %,0.00,ACT,0.00,0,254
08/02/2024,RB390,RUH/DAM,C,11,0,0,0,0,0,2,0.00,0 %,0.00,ACT,0.00,0,11
08/02/2024,RB390,RUH/DAM,Y,144,0,0,0,0,0,48,0.00,0 %,0.00,ACT,0.00,0,144
08/03/2024,RB515,DAM/DXB,C,28,0,0,0,0,0,1,0.00,0 %,0.00,ACT,0.00,0,28
08/03/2024,RB515,DAM/DXB,Y,254,0,0,0,0,0,2,0.00,0 %,0.00,ACT,0.00,0,254
08/03/2024,RB201,DAM/CAI,C,11,0,0,0,0,0,0,0.00,0 %,0.00,ACT,0.00,0,11
08/03/2024,RB201,DAM/CAI,Y,144,0,0,0,0,0,7,0.00,0 %,0.00,ACT,0.00,0,144
08/03/2024,RB202,CAI/DAM,C,11,0,0,0,0,0,0,0.00,0 %,0.00,ACT,0.00,0,11
08/03/2024,RB202,CAI/DAM,Y,144,0,0,0,0,0,0,0.00,0 %,0.00,ACT,0.00,0,144
08/03/2024,RB516,DXB/DAM,C,28,0,0,0,0,0,4,0.00,0 %,0.00,ACT,0.00,0,28
08/03/2024,RB516,DXB/DAM,Y,254,0,0,0,0,0,28,0.00,0 %,0.00,ACT,0.00,0,254
08/03/2024,RB521,DAM/DOH,C,11,0,0,0,0,0,0,0.00,0 %,0.00,ACT,0.00,0,11
08/03/2024,RB521,DAM/DOH,Y,144,0,0,0,0,0,0,0.00,0 %,0.00,ACT,0.00,0,144
08/03/2024,RB522,DOH/DAM,C,11,0,0,0,0,0,0,0.00,0 %,0.00,ACT,0.00,0,11
08/03/2024,RB522,DOH/DAM,Y,144,0,0,0,0,0,25,0.00,0 %,0.00,ACT,0.00,0,144
08/03/2024,RB341,DAM/KWI,C,11,0,0,0,0,0,0,0.00,0 %,0.00,ACT,0.00,0,11
08/03/2024,RB341,DAM/KWI,Y,144,0,0,0,0,0,1,0.00,0 %,0.00,ACT,0.00,0,144
08/04/2024,RB342,KWI/DAM,C,11,0,0,0,0,0,7,0.00,0 %,0.00,ACT,0.00,0,11
08/04/2024,RB342,KWI/DAM,Y,144,0,0,0,0,0,55,0.00,0 %,0.00,ACT,0.00,0,144
08/04/2024,RB501,DAM/SHJ,C,28,0,0,0,0,0,3,0.00,0 %,0.00,ACT,0.00,0,28
08/04/2024,RB501,DAM/SHJ,Y,254,0,0,0,0,0,9,0.00,0 %,0.00,ACT,0.00,0,254
08/04/2024,RB441,DAM/VKO,C,11,0,0,0,0,0,4,0.00,0 %,0.00,ACT,0.00,0,11
08/04/2024,RB441,DAM/VKO,Y,96,0,0,0,0,0,18,0.00,0 %,0.00,ACT,0.00,0,96
08/04/2024,RB442,VKO/DAM,C,11,0,0,0,0,0,4,0.00,0 %,0.00,ACT,0.00,0,11
08/04/2024,RB442,VKO/DAM,Y,114,0,0,0,0,0,7,0.00,0 %,0.00,ACT,0.00,0,114
08/05/2024,RB515,DAM/DXB,C,28,0,0,0,0,0,28,0.00,0 %,0.00,ACT,0.00,0,28
08/05/2024,RB515,DAM/DXB,Y,254,0,0,0,0,0,216,0.00,0 %,0.00,ACT,0.00,0,254
08/05/2024,RB201,DAM/CAI,C,11,0,0,0,0,0,4,0.00,0 %,0.00,ACT,0.00,0,11
08/05/2024,RB201,DAM/CAI,Y,144,0,0,0,0,0,0,0.00,0 %,0.00,ACT,0.00,0,144
08/05/2024,RB1502,SHJ/DAM,C,11,0,0,0,0,0,0,0.00,0 %,0.00,ACT,0.00,0,11
08/05/2024,RB1502,SHJ/DAM,Y,144,0,0,0,0,0,0,0.00,0 %,0.00,ACT,0.00,0,144
08/05/2024,RB202,CAI/DAM,C,11,0,0,0,0,0,0,0.00,0 %,0.00,ACT,0.00,0,11
08/05/2024,RB202,CAI/DAM,Y,144,0,0,0,0,0,0,0.00,0 %,0.00,ACT,0.00,0,144
08/06/2024,RB515,DAM/DXB,C,11,0,0,0,0,0,2,0.00,0 %,0.00,ACT,0.00,0,11
08/06/2024,RB515,DAM/DXB,Y,144,0,0,0,0,0,32,0.00,0 %,0.00,ACT,0.00,0,144
08/06/2024,RB516,DXB/DAM,C,11,0,0,0,0,0,3,0.00,0 %,0.00,ACT,0.00,0,11
08/06/2024,RB516,DXB/DAM,Y,144,0,0,0,0,0,19,0.00,0 %,0.00,ACT,0.00,0,144
08/06/2024,RB501,DAM/SHJ,C,11,0,0,0,0,0,1,0.00,0 %,0.00,ACT,0.00,0,11
08/06/2024,RB501,DAM/SHJ,Y,144,0,0,0,0,0,0,0.00,0 %,0.00,ACT,0.00,0,144
08/06/2024,RB502,SHJ/DAM,C,11,0,0,0,0,0,6,0.00,0 %,0.00,ACT,0.00,0,11
08/06/2024,RB502,SHJ/DAM,Y,144,0,0,0,0,0,54,0.00,0 %,0.00,ACT,0.00,0,144
08/06/2024,RB1515,DAM/DXB,C,11,0,0,0,0,0,0,0.00,0 %,0.00,ACT,0.00,0,11
08/06/2024,RB1515,DAM/DXB,Y,144,0,0,0,0,0,3,0.00,0 %,0.00,ACT,0.00,0,144
08/07/2024,RB1516,DXB/DAM,C,11,0,0,0,0,0,0,0.00,0 %,0.00,ACT,0.00,0,11
08/07/2024,RB1516,DXB/DAM,Y,144,0,0,0,0,0,14,0.00,0 %,0.00,ACT,0.00,0,144
08/07/2024,RB0389,DAM/RUH,C,11,0,0,0,0,0,1,0.00,0 %,0.00,ACT,0.00,0,11
08/07/2024,RB0389,DAM/RUH,Y,144,0,0,0,0,0,6,0.00,0 %,0.00,ACT,0.00,0,144
08/07/2024,RB390,RUH/DAM,C,11,0,0,0,0,0,2,0.00,0 %,0.00,ACT,0.00,0,11
08/07/2024,RB390,RUH/DAM,Y,144,0,0,0,0,0,24,0.00,0 %,0.00,ACT,0.00,0,144
08/07/2024,RB521,DAM/DOH,C,11,0,0,0,0,0,0,0.00,0 %,0.00,ACT,0.00,0,11
08/07/2024,RB521,DAM/DOH,Y,144,0,0,0,0,0,0,0.00,0 %,0.00,ACT,0.00,0,144
08/07/2024,RB522,DOH/DAM,C,11,0,0,0,0,0,2,0.00,0 %,0.00,ACT,0.00,0,11
08/07/2024,RB522,DOH/DAM,Y,144,0,0,0,0,0,36,0.00,0 %,0.00,ACT,0.00,0,144
08/07/2024,RB201,DAM/CAI,C,11,0,0,0,0,0,0,0.00,0 %,0.00,ACT,0.00,0,11
08/07/2024,RB201,DAM/CAI,Y,144,0,0,0,0,0,0,0.00,0 %,0.00,ACT,0.00,0,144
08/08/2024,RB202,CAI/DAM,C,11,0,0,0,0,0,1,0.00,0 %,0.00,ACT,0.00,0,11
08/08/2024,RB202,CAI/DAM,Y,144,0,0,0,0,0,0,0.00,0 %,0.00,ACT,0.00,0,144
08/08/2024,RB341,DAM/KWI,C,11,0,0,0,0,0,0,0.00,0 %,0.00,ACT,0.00,0,11
08/08/2024,RB341,DAM/KWI,Y,144,0,0,0,0,0,3,0.00,0 %,0.00,ACT,0.00,0,144
08/08/2024,RB342,KWI/DAM,C,11,0,0,0,0,0,9,0.00,0 %,0.00,ACT,0.00,0,11
08/08/2024,RB342,KWI/DAM,Y,144,0,0,0,0,0,43,0.00,0 %,0.00,ACT,0.00,0,144
08/08/2024,RB521,DAM/DOH,C,11,0,0,0,0,0,0,0.00,0 %,0.00,ACT,0.00,0,11
08/08/2024,RB521,DAM/DOH,Y,144,0,0,0,0,0,3,0.00,0 %,0.00,ACT,0.00,0,144
08/08/2024,RB522,DOH/DAM,C,11,0,0,0,0,0,7,0.00,0 %,0.00,ACT,0.00,0,11
08/08/2024,RB522,DOH/DAM,Y,144,0,0,0,0,0,68,0.00,0 %,0.00,ACT,0.00,0,144
08/08/2024,RB515,DAM/DXB,C,11,0,0,0,0,0,0,0.00,0 %,0.00,ACT,0.00,0,11
08/08/2024,RB515,DAM/DXB,Y,144,0,0,0,0,0,0,0.00,0 %,0.00,ACT,0.00,0,144
08/09/2024,RB516,DXB/DAM,C,11,0,0,0,0,0,1,0.00,0 %,0.00,ACT,0.00,0,11
08/09/2024,RB516,DXB/DAM,Y,144,0,0,0,0,0,18,0.00,0 %,0.00,ACT,0.00,0,144
08/09/2024,RB503,DAM/AUH,C,11,0,0,0,0,0,0,0.00,0 %,0.00,ACT,0.00,0,11
08/09/2024,RB503,DAM/AUH,Y,144,0,0,0,0,0,0,0.00,0 %,0.00,ACT,0.00,0,144
08/09/2024,RB504,AUH/DAM,C,11,0,0,0,0,0,0,0.00,0 %,0.00,ACT,0.00,0,11
08/09/2024,RB504,AUH/DAM,Y,144,0,0,0,0,0,3,0.00,0 %,0.00,ACT,0.00,0,144
08/09/2024,RB0389,DAM/RUH,C,11,0,0,0,0,0,0,0.00,0 %,0.00,ACT,0.00,0,11
08/09/2024,RB0389,DAM/RUH,Y,144,0,0,0,0,0,0,0.00,0 %,0.00,ACT,0.00,0,144
08/09/2024,RB390,RUH/DAM,C,11,0,0,0,0,0,10,0.00,0 %,0.00,ACT,0.00,0,11
08/09/2024,RB390,RUH/DAM,Y,144,0,0,0,0,0,75,0.00,0 %,0.00,ACT,0.00,0,144
08/09/2024,RB1515,DAM/DXB,C,11,0,0,0,0,0,0,0.00,0 %,0.00,ACT,0.00,0,11
08/09/2024,RB1515,DAM/DXB,Y,144,0,0,0,0,0,0,0.00,0 %,0.00,ACT,0.00,0,144
08/10/2024,RB1516,DXB/DAM,C,11,0,0,0,0,0,0,0.00,0 %,0.00,ACT,0.00,0,11
08/10/2024,RB1516,DXB/DAM,Y,144,0,0,0,0,0,1,0.00,0 %,0.00,ACT,0.00,0,144
08/10/2024,RB201,DAM/CAI,C,11,0,0,0,0,0,0,0.00,0 %,0.00,ACT,0.00,0,11
08/10/2024,RB201,DAM/CAI,Y,144,0,0,0,0,0,5,0.00,0 %,0.00,ACT,0.00,0,144
08/10/2024,RB202,CAI/DAM,C,11,0,0,0,0,0,1,0.00,0 %,0.00,ACT,0.00,0,11
08/10/2024,RB202,CAI/DAM,Y,144,0,0,0,0,0,1,0.00,0 %,0.00,ACT,0.00,0,144
08/10/2024,RB521,DAM/DOH,C,11,0,0,0,0,0,0,0.00,0 %,0.00,ACT,0.00,0,11
08/10/2024,RB521,DAM/DOH,Y,144,0,0,0,0,0,2,0.00,0 %,0.00,ACT,0.00,0,144
08/10/2024,RB522,DOH/DAM,C,11,0,0,0,0,0,9,0.00,0 %,0.00,ACT,0.00,0,11
08/10/2024,RB522,DOH/DAM,Y,144,0,0,0,0,0,48,0.00,0 %,0.00,ACT,0.00,0,144
08/10/2024,RB343,DAM/KWI,C,11,0,0,0,0,0,0,0.00,0 %,0.00,ACT,0.00,0,11
08/10/2024,RB343,DAM/KWI,Y,144,0,0,0,0,0,0,0.00,0 %,0.00,ACT,0.00,0,144
08/11/2024,RB344,KWI/DAM,C,11,0,0,0,0,0,9,0.00,0 %,0.00,ACT,0.00,0,11
08/11/2024,RB344,KWI/DAM,Y,144,0,0,0,0,0,88,0.00,0 %,0.00,ACT,0.00,0,144
08/11/2024,RB441,DAM/VKO,C,11,0,0,0,0,0,5,0.00,0 %,0.00,ACT,0.00,0,11
08/11/2024,RB441,DAM/VKO,Y,96,0,0,0,0,0,11,0.00,0 %,0.00,ACT,0.00,0,96
08/11/2024,RB442,VKO/DAM,C,11,0,0,0,0,0,9,0.00,0 %,0.00,ACT,0.00,0,11
08/11/2024,RB442,VKO/DAM,Y,114,0,0,0,0,0,17,0.00,0 %,0.00,ACT,0.00,0,114
08/12/2024,RB515,DAM/DXB,C,11,0,0,0,0,0,0,0.00,0 %,0.00,ACT,0.00,0,11
08/12/2024,RB515,DAM/DXB,Y,144,0,0,0,0,0,3,0.00,0 %,0.00,ACT,0.00,0,144
08/12/2024,RB516,DXB/DAM,C,11,0,0,0,0,0,0,0.00,0 %,0.00,ACT,0.00,0,11
08/12/2024,RB516,DXB/DAM,Y,144,0,0,0,0,0,10,0.00,0 %,0.00,ACT,0.00,0,144
08/12/2024,RB201,DAM/CAI,C,11,0,0,0,0,0,0,0.00,0 %,0.00,ACT,0.00,0,11
08/12/2024,RB201,DAM/CAI,Y,144,0,0,0,0,0,0,0.00,0 %,0.00,ACT,0.00,0,144
08/12/2024,RB202,CAI/DAM,C,11,0,0,0,0,0,8,0.00,0 %,0.00,ACT,0.00,0,11
08/12/2024,RB202,CAI/DAM,Y,144,0,0,0,0,0,0,0.00,0 %,0.00,ACT,0.00,0,144
08/12/2024,RB521,DAM/DOH,C,11,0,0,0,0,0,0,0.00,0 %,0.00,ACT,0.00,0,11
08/12/2024,RB521,DAM/DOH,Y,144,0,0,0,0,0,4,0.00,0 %,0.00,ACT,0.00,0,144
08/13/2024,RB522,DOH/DAM,C,11,0,0,0,0,0,11,0.00,0 %,0.00,ACT,0.00,0,11
08/13/2024,RB522,DOH/DAM,Y,144,0,0,0,0,0,116,0.00,0 %,0.00,ACT,0.00,0,144
08/13/2024,RB501,DAM/SHJ,C,11,0,0,0,0,0,0,0.00,0 %,0.00,ACT,0.00,0,11
08/13/2024,RB501,DAM/SHJ,Y,144,0,0,0,0,0,0,0.00,0 %,0.00,ACT,0.00,0,144
08/13/2024,RB502,SHJ/DAM,C,11,0,0,0,0,0,10,0.00,0 %,0.00,ACT,0.00,0,11
08/13/2024,RB502,SHJ/DAM,Y,144,0,0,0,0,0,43,0.00,0 %,0.00,ACT,0.00,0,144
08/13/2024,RB1515,DAM/DXB,C,11,0,0,0,0,0,1,0.00,0 %,0.00,ACT,0.00,0,11
08/13/2024,RB1515,DAM/DXB,Y,144,0,0,0,0,0,0,0.00,0 %,0.00,ACT,0.00,0,144
08/14/2024,RB1516,DXB/DAM,C,11,0,0,0,0,0,3,0.00,0 %,0.00,ACT,0.00,0,11
08/14/2024,RB1516,DXB/DAM,Y,144,0,0,0,0,0,23,0.00,0 %,0.00,ACT,0.00,0,144
08/14/2024,RB0389,DAM/RUH,C,11,0,0,0,0,0,1,0.00,0 %,0.00,ACT,0.00,0,11
08/14/2024,RB0389,DAM/RUH,Y,144,0,0,0,0,0,0,0.00,0 %,0.00,ACT,0.00,0,144
08/14/2024,RB390,RUH/DAM,C,11,0,0,0,0,0,3,0.00,0 %,0.00,ACT,0.00,0,11
08/14/2024,RB390,RUH/DAM,Y,144,0,0,0,0,0,38,0.00,0 %,0.00,ACT,0.00,0,144
08/14/2024,RB521,DAM/DOH,C,11,0,0,0,0,0,2,0.00,0 %,0.00,ACT,0.00,0,11
08/14/2024,RB521,DAM/DOH,Y,144,0,0,0,0,0,0,0.00,0 %,0.00,ACT,0.00,0,144
08/14/2024,RB522,DOH/DAM,C,11,0,0,0,0,0,5,0.00,0 %,0.00,ACT,0.00,0,11
08/14/2024,RB522,DOH/DAM,Y,144,0,0,0,0,0,67,0.00,0 %,0.00,ACT,0.00,0,144
08/14/2024,RB201,DAM/CAI,C,11,0,0,0,0,0,0,0.00,0 %,0.00,ACT,0.00,0,11
08/14/2024,RB201,DAM/CAI,Y,144,0,0,0,0,0,0,0.00,0 %,0.00,ACT,0.00,0,144
08/15/2024,RB202,CAI/DAM,C,11,0,0,0,0,0,2,0.00,0 %,0.00,ACT,0.00,0,11
08/15/2024,RB202,CAI/DAM,Y,144,0,0,0,0,0,4,0.00,0 %,0.00,ACT,0.00,0,144
08/15/2024,RB341,DAM/KWI,C,11,0,0,0,0,0,0,0.00,0 %,0.00,ACT,0.00,0,11
08/15/2024,RB341,DAM/KWI,Y,144,0,0,0,0,0,0,0.00,0 %,0.00,ACT,0.00,0,144
08/15/2024,RB342,KWI/DAM,C,11,0,0,0,0,0,8,0.00,0 %,0.00,ACT,0.00,0,11
08/15/2024,RB342,KWI/DAM,Y,144,0,0,0,0,0,70,0.00,0 %,0.00,ACT,0.00,0,144
08/15/2024,RB521,DAM/DOH,C,11,0,0,0,0,0,0,0.00,0 %,0.00,ACT,0.00,0,11
08/15/2024,RB521,DAM/DOH,Y,144,0,0,0,0,0,0,0.00,0 %,0.00,ACT,0.00,0,144
08/15/2024,RB522,DOH/DAM,C,11,0,0,0,0,0,5,0.00,0 %,0.00,ACT,0.00,0,11
08/15/2024,RB522,DOH/DAM,Y,144,0,0,0,0,0,81,0.00,0 %,0.00,ACT,0.00,0,144
08/15/2024,RB515,DAM/DXB,C,11,0,0,0,0,0,0,0.00,0 %,0.00,ACT,0.00,0,11
08/15/2024,RB515,DAM/DXB,Y,144,0,0,0,0,0,0,0.00,0 %,0.00,ACT,0.00,0,144
08/16/2024,RB516,DXB/DAM,C,11,0,0,0,0,0,6,0.00,0 %,0.00,ACT,0.00,0,11
08/16/2024,RB516,DXB/DAM,Y,144,0,0,0,0,0,18,0.00,0 %,0.00,ACT,0.00,0,144
08/16/2024,RB503,DAM/AUH,C,11,0,0,0,0,0,0,0.00,0 %,0.00,ACT,0.00,0,11
08/16/2024,RB503,DAM/AUH,Y,144,0,0,0,0,0,0,0.00,0 %,0.00,ACT,0.00,0,144
08/16/2024,RB504,AUH/DAM,C,11,0,0,0,0,0,7,0.00,0 %,0.00,ACT,0.00,0,11
08/16/2024,RB504,AUH/DAM,Y,144,0,0,0,0,0,4,0.00,0 %,0.00,ACT,0.00,0,144
08/16/2024,RB0389,DAM/RUH,C,11,0,0,0,0,0,1,0.00,0 %,0.00,ACT,0.00,0,11
08/16/2024,RB0389,DAM/RUH,Y,144,0,0,0,0,0,0,0.00,0 %,0.00,ACT,0.00,0,144
08/16/2024,RB390,RUH/DAM,C,11,0,0,0,0,0,8,0.00,0 %,0.00,ACT,0.00,0,11
08/16/2024,RB390,RUH/DAM,Y,144,0,0,0,0,0,76,0.00,0 %,0.00,ACT,0.00,0,144
08/16/2024,RB1515,DAM/DXB,C,11,0,0,0,0,0,1,0.00,0 %,0.00,ACT,0.00,0,11
08/16/2024,RB1515,DAM/DXB,Y,144,0,0,0,0,0,0,0.00,0 %,0.00,ACT,0.00,0,144
08/17/2024,RB1516,DXB/DAM,C,11,0,0,0,0,0,7,0.00,0 %,0.00,ACT,0.00,0,11
08/17/2024,RB1516,DXB/DAM,Y,144,0,0,0,0,0,35,0.00,0 %,0.00,ACT,0.00,0,144
08/17/2024,RB201,DAM/CAI,C,11,0,0,0,0,0,0,0.00,0 %,0.00,ACT,0.00,0,11
08/17/2024,RB201,DAM/CAI,Y,144,0,0,0,0,0,5,0.00,0 %,0.00,ACT,0.00,0,144
08/17/2024,RB202,CAI/DAM,C,11,0,0,0,0,0,1,0.00,0 %,0.00,ACT,0.00,0,11
08/17/2024,RB202,CAI/DAM,Y,144,0,0,0,0,0,6,0.00,0 %,0.00,ACT,0.00,0,144
08/17/2024,RB521,DAM/DOH,C,11,0,0,0,0,0,0,0.00,0 %,0.00,ACT,0.00,0,11
08/17/2024,RB521,DAM/DOH,Y,144,0,0,0,0,0,0,0.00,0 %,0.00,ACT,0.00,0,144
08/17/2024,RB522,DOH/DAM,C,11,0,0,0,0,0,3,0.00,0 %,0.00,ACT,0.00,0,11
08/17/2024,RB522,DOH/DAM,Y,144,0,0,0,0,0,84,0.00,0 %,0.00,ACT,0.00,0,144
08/17/2024,RB343,DAM/KWI,C,11,0,0,0,0,0,0,0.00,0 %,0.00,ACT,0.00,0,11
08/17/2024,RB343,DAM/KWI,Y,144,0,0,0,0,0,0,0.00,0 %,0.00,ACT,0.00,0,144
08/18/2024,RB344,KWI/DAM,C,11,0,0,0,0,0,11,0.00,0 %,0.00,ACT,0.00,0,11
08/18/2024,RB344,KWI/DAM,Y,144,0,0,0,0,0,119,0.00,0 %,0.00,ACT,0.00,0,144
08/18/2024,RB1515,DAM/DXB,C,11,0,0,0,0,0,1,0.00,0 %,0.00,ACT,0.00,0,11
08/18/2024,RB1515,DAM/DXB,Y,144,0,0,0,0,0,0,0.00,0 %,0.00,ACT,0.00,0,144
08/18/2024,RB1516,DXB/DAM,C,11,0,0,0,0,0,10,0.00,0 %,0.00,ACT,0.00,0,11
08/18/2024,RB1516,DXB/DAM,Y,144,0,0,0,0,0,112,0.00,0 %,0.00,ACT,0.00,0,144
08/18/2024,RB441,DAM/VKO,C,11,0,0,0,0,0,1,0.00,0 %,0.00,ACT,0.00,0,11
08/18/2024,RB441,DAM/VKO,Y,109,0,0,0,0,0,5,0.00,0 %,0.00,ACT,0.00,0,109
08/18/2024,RB442,VKO/DAM,C,11,0,0,0,0,0,4,0.00,0 %,0.00,ACT,0.00,0,11
08/18/2024,RB442,VKO/DAM,Y,114,0,0,0,0,0,23,0.00,0 %,0.00,ACT,0.00,0,114
08/19/2024,RB515,DAM/DXB,C,11,0,0,0,0,0,0,0.00,0 %,0.00,ACT,0.00,0,11
08/19/2024,RB515,DAM/DXB,Y,144,0,0,0,0,0,0,0.00,0 %,0.00,ACT,0.00,0,144
08/19/2024,RB516,DXB/DAM,C,11,0,0,0,0,0,8,0.00,0 %,0.00,ACT,0.00,0,11
08/19/2024,RB516,DXB/DAM,Y,144,0,0,0,0,0,46,0.00,0 %,0.00,ACT,0.00,0,144
08/19/2024,RB201,DAM/CAI,C,11,0,0,0,0,0,0,0.00,0 %,0.00,ACT,0.00,0,11
08/19/2024,RB201,DAM/CAI,Y,144,0,0,0,0,0,2,0.00,0 %,0.00,ACT,0.00,0,144
08/19/2024,RB202,CAI/DAM,C,11,0,0,0,0,0,0,0.00,0 %,0.00,ACT,0.00,0,11
08/19/2024,RB202,CAI/DAM,Y,144,0,0,0,0,0,2,0.00,0 %,0.00,ACT,0.00,0,144
08/19/2024,RB521,DAM/DOH,C,11,0,0,0,0,0,1,0.00,0 %,0.00,ACT,0.00,0,11
08/19/2024,RB521,DAM/DOH,Y,144,0,0,0,0,0,0,0.00,0 %,0.00,ACT,0.00,0,144
08/20/2024,RB522,DOH/DAM,C,11,0,0,0,0,0,11,0.00,0 %,0.00,ACT,0.00,0,11
08/20/2024,RB522,DOH/DAM,Y,144,0,0,0,0,0,114,0.00,0 %,0.00,ACT,0.00,0,144
08/20/2024,RB501,DAM/SHJ,C,11,0,0,0,0,0,0,0.00,0 %,0.00,ACT,0.00,0,11
08/20/2024,RB501,DAM/SHJ,Y,144,0,0,0,0,0,2,0.00,0 %,0.00,ACT,0.00,0,144
08/20/2024,RB502,SHJ/DAM,C,11,0,0,0,0,0,5,0.00,0 %,0.00,ACT,0.00,0,11
08/20/2024,RB502,SHJ/DAM,Y,144,0,0,0,0,0,59,0.00,0 %,0.00,ACT,0.00,0,144
08/20/2024,RB1515,DAM/DXB,C,11,0,0,0,0,0,2,0.00,0 %,0.00,ACT,0.00,0,11
08/20/2024,RB1515,DAM/DXB,Y,144,0,0,0,0,0,0,0.00,0 %,0.00,ACT,0.00,0,144
08/21/2024,RB0389,DAM/RUH,C,11,0,0,0,0,0,0,0.00,0 %,0.00,ACT,0.00,0,11
08/21/2024,RB0389,DAM/RUH,Y,144,0,0,0,0,0,0,0.00,0 %,0.00,ACT,0.00,0,144
08/21/2024,RB390,RUH/DAM,C,11,0,0,0,0,0,7,0.00,0 %,0.00,ACT,0.00,0,11
08/21/2024,RB390,RUH/DAM,Y,144,0,0,0,0,0,80,0.00,0 %,0.00,ACT,0.00,0,144
08/21/2024,RB521,DAM/DOH,C,11,0,0,0,0,0,0,0.00,0 %,0.00,ACT,0.00,0,11
08/21/2024,RB521,DAM/DOH,Y,144,0,0,0,0,0,0,0.00,0 %,0.00,ACT,0.00,0,144
08/21/2024,RB522,DOH/DAM,C,11,0,0,0,0,0,11,0.00,0 %,0.00,ACT,0.00,0,11
08/21/2024,RB522,DOH/DAM,Y,144,0,0,0,0,0,73,0.00,0 %,0.00,ACT,0.00,0,144
08/21/2024,RB201,DAM/CAI,C,11,0,0,0,0,0,0,0.00,0 %,0.00,ACT,0.00,0,11
08/21/2024,RB201,DAM/CAI,Y,144,0,0,0,0,0,0,0.00,0 %,0.00,ACT,0.00,0,144
08/22/2024,RB202,CAI/DAM,C,11,0,0,0,0,0,0,0.00,0 %,0.00,ACT,0.00,0,11
08/22/2024,RB202,CAI/DAM,Y,144,0,0,0,0,0,1,0.00,0 %,0.00,ACT,0.00,0,144
08/22/2024,RB341,DAM/KWI,C,11,0,0,0,0,0,1,0.00,0 %,0.00,ACT,0.00,0,11
08/22/2024,RB341,DAM/KWI,Y,144,0,0,0,0,0,7,0.00,0 %,0.00,ACT,0.00,0,144
08/22/2024,RB342,KWI/DAM,C,11,0,0,0,0,0,6,0.00,0 %,0.00,ACT,0.00,0,11
08/22/2024,RB342,KWI/DAM,Y,144,0,0,0,0,0,33,0.00,0 %,0.00,ACT,0.00,0,144
08/22/2024,RB521,DAM/DOH,C,11,0,0,0,0,0,0,0.00,0 %,0.00,ACT,0.00,0,11
08/22/2024,RB521,DAM/DOH,Y,144,0,0,0,0,0,0,0.00,0 %,0.00,ACT,0.00,0,144
08/22/2024,RB522,DOH/DAM,C,11,0,0,0,0,0,7,0.00,0 %,0.00,ACT,0.00,0,11
08/22/2024,RB522,DOH/DAM,Y,144,0,0,0,0,0,93,0.00,0 %,0.00,ACT,0.00,0,144
08/22/2024,RB515,DAM/DXB,C,11,0,0,0,0,0,0,0.00,0 %,0.00,ACT,0.00,0,11
08/22/2024,RB515,DAM/DXB,Y,144,0,0,0,0,0,0,0.00,0 %,0.00,ACT,0.00,0,144
08/23/2024,RB516,DXB/DAM,C,11,0,0,0,0,0,4,0.00,0 %,0.00,ACT,0.00,0,11
08/23/2024,RB516,DXB/DAM,Y,144,0,0,0,0,0,55,0.00,0 %,0.00,ACT,0.00,0,144
08/23/2024,RB503,DAM/AUH,C,11,0,0,0,0,0,1,0.00,0 %,0.00,ACT,0.00,0,11
08/23/2024,RB503,DAM/AUH,Y,144,0,0,0,0,0,0,0.00,0 %,0.00,ACT,0.00,0,144
08/23/2024,RB504,AUH/DAM,C,11,0,0,0,0,0,6,0.00,0 %,0.00,ACT,0.00,0,11
08/23/2024,RB504,AUH/DAM,Y,144,0,0,0,0,0,37,0.00,0 %,0.00,ACT,0.00,0,144
08/23/2024,RB0389,DAM/RUH,C,11,0,0,0,0,0,2,0.00,0 %,0.00,ACT,0.00,0,11
08/23/2024,RB0389,DAM/RUH,Y,144,0,0,0,0,0,0,0.00,0 %,0.00,ACT,0.00,0,144
08/23/2024,RB390,RUH/DAM,C,11,0,0,0,0,0,8,0.00,0 %,0.00,ACT,0.00,0,11
08/23/2024,RB390,RUH/DAM,Y,144,0,0,0,0,0,79,0.00,0 %,0.00,ACT,0.00,0,144
08/23/2024,RB1515,DAM/DXB,C,11,0,0,0,0,0,0,0.00,0 %,0.00,ACT,0.00,0,11
08/23/2024,RB1515,DAM/DXB,Y,144,0,0,0,0,0,0,0.00,0 %,0.00,ACT,0.00,0,144
08/24/2024,RB1516,DXB/DAM,C,11,0,0,0,0,0,2,0.00,0 %,0.00,ACT,0.00,0,11
08/24/2024,RB1516,DXB/DAM,Y,144,0,0,0,0,0,63,0.00,0 %,0.00,ACT,0.00,0,144
08/24/2024,RB201,DAM/CAI,C,11,0,0,0,0,0,0,0.00,0 %,0.00,ACT,0.00,0,11
08/24/2024,RB201,DAM/CAI,Y,144,0,0,0,0,0,4,0.00,0 %,0.00,ACT,0.00,0,144
08/24/2024,RB202,CAI/DAM,C,11,0,0,0,0,0,4,0.00,0 %,0.00,ACT,0.00,0,11
08/24/2024,RB202,CAI/DAM,Y,144,0,0,0,0,0,4,0.00,0 %,0.00,ACT,0.00,0,144
08/24/2024,RB521,DAM/DOH,C,11,0,0,0,0,0,0,0.00,0 %,0.00,ACT,0.00,0,11
08/24/2024,RB521,DAM/DOH,Y,144,0,0,0,0,0,0,0.00,0 %,0.00,ACT,0.00,0,144
08/24/2024,RB522,DOH/DAM,C,11,0,0,0,0,0,8,0.00,0 %,0.00,ACT,0.00,0,11
08/24/2024,RB522,DOH/DAM,Y,144,0,0,0,0,0,51,0.00,0 %,0.00,ACT,0.00,0,144
08/24/2024,RB343,DAM/KWI,C,11,0,0,0,0,0,5,0.00,0 %,0.00,ACT,0.00,0,11
08/24/2024,RB343,DAM/KWI,Y,144,0,0,0,0,0,0,0.00,0 %,0.00,ACT,0.00,0,144
08/25/2024,RB344,KWI/DAM,C,11,0,0,0,0,0,11,0.00,0 %,0.00,ACT,0.00,0,11
08/25/2024,RB344,KWI/DAM,Y,144,0,0,0,0,0,132,0.00,0 %,0.00,ACT,0.00,0,144
08/25/2024,RB441,DAM/VKO,C,11,0,0,0,0,0,1,0.00,0 %,0.00,ACT,0.00,0,11
08/25/2024,RB441,DAM/VKO,Y,96,0,0,0,0,0,0,0.00,0 %,0.00,ACT,0.00,0,96
08/25/2024,RB442,VKO/DAM,C,11,0,0,0,0,0,0,0.00,0 %,0.00,ACT,0.00,0,11
08/25/2024,RB442,VKO/DAM,Y,114,0,0,0,0,0,2,0.00,0 %,0.00,ACT,0.00,0,114
08/26/2024,RB515,DAM/DXB,C,11,0,0,0,0,0,2,0.00,0 %,0.00,ACT,0.00,0,11
08/26/2024,RB515,DAM/DXB,Y,144,0,0,0,0,0,0,0.00,0 %,0.00,ACT,0.00,0,144
08/26/2024,RB516,DXB/DAM,C,11,0,0,0,0,0,9,0.00,0 %,0.00,ACT,0.00,0,11
08/26/2024,RB516,DXB/DAM,Y,144,0,0,0,0,0,62,0.00,0 %,0.00,ACT,0.00,0,144
08/26/2024,RB201,DAM/CAI,C,11,0,0,0,0,0,0,0.00,0 %,0.00,ACT,0.00,0,11
08/26/2024,RB201,DAM/CAI,Y,144,0,0,0,0,0,0,0.00,0 %,0.00,ACT,0.00,0,144
08/26/2024,RB202,CAI/DAM,C,11,0,0,0,0,0,0,0.00,0 %,0.00,ACT,0.00,0,11
08/26/2024,RB202,CAI/DAM,Y,144,0,0,0,0,0,0,0.00,0 %,0.00,ACT,0.00,0,144
08/26/2024,RB521,DAM/DOH,C,11,0,0,0,0,0,0,0.00,0 %,0.00,ACT,0.00,0,11
08/26/2024,RB521,DAM/DOH,Y,144,0,0,0,0,0,0,0.00,0 %,0.00,ACT,0.00,0,144
08/27/2024,RB522,DOH/DAM,C,11,0,0,0,0,0,1,0.00,0 %,0.00,ACT,0.00,0,11
08/27/2024,RB522,DOH/DAM,Y,144,0,0,0,0,0,91,0.00,0 %,0.00,ACT,0.00,0,144
08/27/2024,RB501,DAM/SHJ,C,11,0,0,0,0,0,0,0.00,0 %,0.00,ACT,0.00,0,11
08/27/2024,RB501,DAM/SHJ,Y,144,0,0,0,0,0,4,0.00,0 %,0.00,ACT,0.00,0,144
08/27/2024,RB502,SHJ/DAM,C,11,0,0,0,0,0,9,0.00,0 %,0.00,ACT,0.00,0,11
08/27/2024,RB502,SHJ/DAM,Y,144,0,0,0,0,0,68,0.00,0 %,0.00,ACT,0.00,0,144
08/27/2024,RB341,DAM/KWI,C,11,0,0,0,0,0,4,0.00,0 %,0.00,ACT,0.00,0,11
08/27/2024,RB341,DAM/KWI,Y,144,0,0,0,0,0,1,0.00,0 %,0.00,ACT,0.00,0,144
08/27/2024,RB342,KWI/DAM,C,11,0,0,0,0,0,11,0.00,0 %,0.00,ACT,0.00,0,11
08/27/2024,RB342,KWI/DAM,Y,144,0,0,0,0,0,125,0.00,0 %,0.00,ACT,0.00,0,144
08/28/2024,RB0389,DAM/RUH,C,11,0,0,0,0,0,2,0.00,0 %,0.00,ACT,0.00,0,11
08/28/2024,RB0389,DAM/RUH,Y,144,0,0,0,0,0,0,0.00,0 %,0.00,ACT,0.00,0,144
08/28/2024,RB390,RUH/DAM,C,11,0,0,0,0,0,4,0.00,0 %,0.00,ACT,0.00,0,11
08/28/2024,RB390,RUH/DAM,Y,144,0,0,0,0,0,77,0.00,0 %,0.00,ACT,0.00,0,144
08/28/2024,RB521,DAM/DOH,C,11,0,0,0,0,0,0,0.00,0 %,0.00,ACT,0.00,0,11
08/28/2024,RB521,DAM/DOH,Y,144,0,0,0,0,0,1,0.00,0 %,0.00,ACT,0.00,0,144
08/28/2024,RB522,DOH/DAM,C,11,0,0,0,0,0,9,0.00,0 %,0.00,ACT,0.00,0,11
08/28/2024,RB522,DOH/DAM,Y,144,0,0,0,0,0,74,0.00,0 %,0.00,ACT,0.00,0,144
08/28/2024,RB201,DAM/CAI,C,11,0,0,0,0,0,0,0.00,0 %,0.00,ACT,0.00,0,11
08/28/2024,RB201,DAM/CAI,Y,144,0,0,0,0,0,1,0.00,0 %,0.00,ACT,0.00,0,144
08/29/2024,RB202,CAI/DAM,C,11,0,0,0,0,0,1,0.00,0 %,0.00,ACT,0.00,0,11
08/29/2024,RB202,CAI/DAM,Y,144,0,0,0,0,0,0,0.00,0 %,0.00,ACT,0.00,0,144
08/29/2024,RB341,DAM/KWI,C,11,0,0,0,0,0,0,0.00,0 %,0.00,ACT,0.00,0,11
08/29/2024,RB341,DAM/KWI,Y,144,0,0,0,0,0,3,0.00,0 %,0.00,ACT,0.00,0,144
08/29/2024,RB342,KWI/DAM,C,11,0,0,0,0,0,11,0.00,0 %,0.00,ACT,0.00,0,11
08/29/2024,RB342,KWI/DAM,Y,144,0,0,0,0,0,99,0.00,0 %,0.00,ACT,0.00,0,144
08/29/2024,RB521,DAM/DOH,C,11,0,0,0,0,0,0,0.00,0 %,0.00,ACT,0.00,0,11
08/29/2024,RB521,DAM/DOH,Y,144,0,0,0,0,0,3,0.00,0 %,0.00,ACT,0.00,0,144
08/29/2024,RB522,DOH/DAM,C,11,0,0,0,0,0,9,0.00,0 %,0.00,ACT,0.00,0,11
08/29/2024,RB522,DOH/DAM,Y,144,0,0,0,0,0,55,0.00,0 %,0.00,ACT,0.00,0,144
08/29/2024,RB515,DAM/DXB,C,11,0,0,0,0,0,0,0.00,0 %,0.00,ACT,0.00,0,11
08/29/2024,RB515,DAM/DXB,Y,144,0,0,0,0,0,6,0.00,0 %,0.00,ACT,0.00,0,144
08/30/2024,RB516,DXB/DAM,C,11,0,0,0,0,0,1,0.00,0 %,0.00,ACT,0.00,0,11
08/30/2024,RB516,DXB/DAM,Y,144,0,0,0,0,0,46,0.00,0 %,0.00,ACT,0.00,0,144
08/30/2024,RB503,DAM/AUH,C,11,0,0,0,0,0,0,0.00,0 %,0.00,ACT,0.00,0,11
08/30/2024,RB503,DAM/AUH,Y,144,0,0,0,0,0,9,0.00,0 %,0.00,ACT,0.00,0,144
08/30/2024,RB504,AUH/DAM,C,11,0,0,0,0,0,8,0.00,0 %,0.00,ACT,0.00,0,11
08/30/2024,RB504,AUH/DAM,Y,144,0,0,0,0,0,58,0.00,0 %,0.00,ACT,0.00,0,144
08/30/2024,RB0389,DAM/RUH,C,11,0,0,0,0,0,1,0.00,0 %,0.00,ACT,0.00,0,11
08/30/2024,RB0389,DAM/RUH,Y,144,0,0,0,0,0,7,0.00,0 %,0.00,ACT,0.00,0,144
08/30/2024,RB390,RUH/DAM,C,11,0,0,0,0,0,5,0.00,0 %,0.00,ACT,0.00,0,11
08/30/2024,RB390,RUH/DAM,Y,144,0,0,0,0,0,57,0.00,0 %,0.00,ACT,0.00,0,144
08/30/2024,RB1515,DAM/DXB,C,11,0,0,0,0,0,0,0.00,0 %,0.00,ACT,0.00,0,11
08/30/2024,RB1515,DAM/DXB,Y,144,0,0,0,0,0,0,0.00,0 %,0.00,ACT,0.00,0,144
08/31/2024,RB1516,DXB/DAM,C,11,0,0,0,0,0,8,0.00,0 %,0.00,ACT,0.00,0,11
08/31/2024,RB1516,DXB/DAM,Y,144,0,0,0,0,0,77,0.00,0 %,0.00,ACT,0.00,0,144
08/31/2024,RB201,DAM/CAI,C,11,0,0,0,0,0,1,0.00,0 %,0.00,ACT,0.00,0,11
08/31/2024,RB201,DAM/CAI,Y,144,0,0,0,0,0,4,0.00,0 %,0.00,ACT,0.00,0,144
08/31/2024,RB202,CAI/DAM,C,11,0,0,0,0,0,2,0.00,0 %,0.00,ACT,0.00,0,11
08/31/2024,RB202,CAI/DAM,Y,144,0,0,0,0,0,3,0.00,0 %,0.00,ACT,0.00,0,144
08/31/2024,RB521,DAM/DOH,C,11,0,0,0,0,0,0,0.00,0 %,0.00,ACT,0.00,0,11
08/31/2024,RB521,DAM/DOH,Y,144,0,0,0,0,0,0,0.00,0 %,0.00,ACT,0.00,0,144
08/31/2024,RB522,DOH/DAM,C,11,0,0,0,0,0,5,0.00,0 %,0.00,ACT,0.00,0,11
08/31/2024,RB522,DOH/DAM,Y,144,0,0,0,0,0,28,0.00,0 %,0.00,ACT,0.00,0,144
08/31/2024,RB343,DAM/KWI,C,11,0,0,0,0,0,1,0.00,0 %,0.00,ACT,0.00,0,11
08/31/2024,RB343,DAM/KWI,Y,144,0,0,0,0,0,0,0.00,0 %,0.00,ACT,0.00,0,144
09/01/2024,RB344,KWI/DAM,C,11,0,0,0,0,0,11,0.00,0 %,0.00,ACT,0.00,0,11
09/01/2024,RB344,KWI/DAM,Y,144,0,0,0,0,0,88,0.00,0 %,0.00,ACT,0.00,0,144
09/01/2024,RB515,DAM/DXB,C,11,0,0,0,0,0,1,0.00,0 %,0.00,ACT,0.00,0,11
09/01/2024,RB515,DAM/DXB,Y,144,0,0,0,0,0,0,0.00,0 %,0.00,ACT,0.00,0,144
09/01/2024,RB516,DXB/DAM,C,11,0,0,0,0,0,5,0.00,0 %,0.00,ACT,0.00,0,11
09/01/2024,RB516,DXB/DAM,Y,144,0,0,0,0,0,86,0.00,0 %,0.00,ACT,0.00,0,144
09/01/2024,RB441,DAM/VKO,C,11,0,0,0,0,0,1,0.00,0 %,0.00,ACT,0.00,0,11
09/01/2024,RB441,DAM/VKO,Y,96,0,0,0,0,0,0,0.00,0 %,0.00,ACT,0.00,0,96
09/01/2024,RB442,VKO/DAM,C,11,0,0,0,0,0,9,0.00,0 %,0.00,ACT,0.00,0,11
09/01/2024,RB442,VKO/DAM,Y,114,0,0,0,0,0,34,0.00,0 %,0.00,ACT,0.00,0,114
09/02/2024,RB515,DAM/DXB,C,11,0,0,0,0,0,0,0.00,0 %,0.00,ACT,0.00,0,11
09/02/2024,RB515,DAM/DXB,Y,144,0,0,0,0,0,1,0.00,0 %,0.00,ACT,0.00,0,144
09/02/2024,RB516,DXB/DAM,C,11,0,0,0,0,0,8,0.00,0 %,0.00,ACT,0.00,0,11
09/02/2024,RB516,DXB/DAM,Y,144,0,0,0,0,0,78,0.00,0 %,0.00,ACT,0.00,0,144
09/02/2024,RB201,DAM/CAI,C,11,0,0,0,0,0,1,0.00,0 %,0.00,ACT,0.00,0,11
09/02/2024,RB201,DAM/CAI,Y,144,0,0,0,0,0,11,0.00,0 %,0.00,ACT,0.00,0,144
09/02/2024,RB202,CAI/DAM,C,11,0,0,0,0,0,0,0.00,0 %,0.00,ACT,0.00,0,11
09/02/2024,RB202,CAI/DAM,Y,144,0,0,0,0,0,2,0.00,0 %,0.00,ACT,0.00,0,144
09/02/2024,RB521,DAM/DOH,C,11,0,0,0,0,0,0,0.00,0 %,0.00,ACT,0.00,0,11
09/02/2024,RB521,DAM/DOH,Y,144,0,0,0,0,0,1,0.00,0 %,0.00,ACT,0.00,0,144
09/03/2024,RB522,DOH/DAM,C,11,0,0,0,0,0,11,0.00,0 %,0.00,ACT,0.00,0,11
09/03/2024,RB522,DOH/DAM,Y,144,0,0,0,0,0,90,0.00,0 %,0.00,ACT,0.00,0,144
09/03/2024,RB1515,DAM/DXB,C,11,0,0,0,0,0,8,0.00,0 %,0.00,ACT,0.00,0,11
09/03/2024,RB1515,DAM/DXB,Y,144,0,0,0,0,0,6,0.00,0 %,0.00,ACT,0.00,0,144
09/03/2024,RB501,DAM/SHJ,C,11,0,0,0,0,0,4,0.00,0 %,0.00,ACT,0.00,0,11
09/03/2024,RB501,DAM/SHJ,Y,144,0,0,0,0,0,9,0.00,0 %,0.00,ACT,0.00,0,144
09/03/2024,RB502,SHJ/DAM,C,11,0,0,0,0,0,7,0.00,0 %,0.00,ACT,0.00,0,11
09/03/2024,RB502,SHJ/DAM,Y,144,0,0,0,0,0,90,0.00,0 %,0.00,ACT,0.00,0,144
09/03/2024,RB1517,DAM/DXB,C,11,0,0,0,0,0,5,0.00,0 %,0.00,ACT,0.00,0,11
09/03/2024,RB1517,DAM/DXB,Y,144,0,0,0,0,0,0,0.00,0 %,0.00,ACT,0.00,0,144
09/03/2024,RB341,DAM/KWI,C,11,0,0,0,0,0,6,0.00,0 %,0.00,ACT,0.00,0,11
09/03/2024,RB341,DAM/KWI,Y,144,0,0,0,0,0,6,0.00,0 %,0.00,ACT,0.00,0,144
09/03/2024,RB342,KWI/DAM,C,11,0,0,0,0,0,10,0.00,0 %,0.00,ACT,0.00,0,11
09/03/2024,RB342,KWI/DAM,Y,144,0,0,0,0,0,79,0.00,0 %,0.00,ACT,0.00,0,144
09/04/2024,RB389,DAM/RUH,C,11,0,0,0,0,0,8,0.00,0 %,0.00,ACT,0.00,0,11
09/04/2024,RB389,DAM/RUH,Y,144,0,0,0,0,0,28,0.00,0 %,0.00,ACT,0.00,0,144
09/04/2024,RB390,RUH/DAM,C,11,0,0,0,0,0,7,0.00,0 %,0.00,ACT,0.00,0,11
09/04/2024,RB390,RUH/DAM,Y,144,0,0,0,0,0,33,0.00,0 %,0.00,ACT,0.00,0,144
09/04/2024,RB1515,DAM/DXB,C,11,0,0,0,0,0,8,0.00,0 %,0.00,ACT,0.00,0,11
09/04/2024,RB1515,DAM/DXB,Y,144,0,0,0,0,0,48,0.00,0 %,0.00,ACT,0.00,0,144
09/04/2024,RB521,DAM/DOH,C,11,0,0,0,0,0,1,0.00,0 %,0.00,ACT,0.00,0,11
09/04/2024,RB521,DAM/DOH,Y,144,0,0,0,0,0,4,0.00,0 %,0.00,ACT,0.00,0,144
09/04/2024,RB522,DOH/DAM,C,11,0,0,0,0,0,5,0.00,0 %,0.00,ACT,0.00,0,11
09/04/2024,RB522,DOH/DAM,Y,144,0,0,0,0,0,22,0.00,0 %,0.00,ACT,0.00,0,144
09/04/2024,RB201,DAM/CAI,C,11,0,0,0,0,0,1,0.00,0 %,0.00,ACT,0.00,0,11
09/04/2024,RB201,DAM/CAI,Y,144,0,0,0,0,0,4,0.00,0 %,0.00,ACT,0.00,0,144
09/05/2024,RB202,CAI/DAM,C,11,0,0,0,0,0,0,0.00,0 %,0.00,ACT,0.00,0,11
09/05/2024,RB202,CAI/DAM,Y,144,0,0,0,0,0,2,0.00,0 %,0.00,ACT,0.00,0,144
09/05/2024,RB341,DAM/KWI,C,11,0,0,0,0,0,1,0.00,0 %,0.00,ACT,0.00,0,11
09/05/2024,RB341,DAM/KWI,Y,144,0,0,0,0,0,4,0.00,0 %,0.00,ACT,0.00,0,144
09/05/2024,RB342,KWI/DAM,C,11,0,0,0,0,0,11,0.00,0 %,0.00,ACT,0.00,0,11
09/05/2024,RB342,KWI/DAM,Y,144,0,0,0,0,0,77,0.00,0 %,0.00,ACT,0.00,0,144
09/05/2024,RB515,DAM/DXB,C,11,0,0,0,0,0,3,0.00,0 %,0.00,ACT,0.00,0,11
09/05/2024,RB515,DAM/DXB,Y,144,0,0,0,0,0,0,0.00,0 %,0.00,ACT,0.00,0,144
09/06/2024,RB516,DXB/DAM,C,11,0,0,0,0,0,7,0.00,0 %,0.00,ACT,0.00,0,11
09/06/2024,RB516,DXB/DAM,Y,144,0,0,0,0,0,32,0.00,0 %,0.00,ACT,0.00,0,144
09/06/2024,RB503,DAM/AUH,C,11,0,0,0,0,0,0,0.00,0 %,0.00,ACT,0.00,0,11
09/06/2024,RB503,DAM/AUH,Y,144,0,0,0,0,0,16,0.00,0 %,0.00,ACT,0.00,0,144
09/06/2024,RB504,AUH/DAM,C,11,0,0,0,0,0,9,0.00,0 %,0.00,ACT,0.00,0,11
09/06/2024,RB504,AUH/DAM,Y,144,0,0,0,0,0,36,0.00,0 %,0.00,ACT,0.00,0,144
09/06/2024,RB389,DAM/RUH,C,11,0,0,0,0,0,1,0.00,0 %,0.00,ACT,0.00,0,11
09/06/2024,RB389,DAM/RUH,Y,144,0,0,0,0,0,12,0.00,0 %,0.00,ACT,0.00,0,144
09/06/2024,RB390,RUH/DAM,C,11,0,0,0,0,0,8,0.00,0 %,0.00,ACT,0.00,0,11
09/06/2024,RB390,RUH/DAM,Y,144,0,0,0,0,0,58,0.00,0 %,0.00,ACT,0.00,0,144
09/06/2024,RB1515,DAM/DXB,C,11,0,0,0,0,0,7,0.00,0 %,0.00,ACT,0.00,0,11
09/06/2024,RB1515,DAM/DXB,Y,144,0,0,0,0,0,0,0.00,0 %,0.00,ACT,0.00,0,144
09/07/2024,RB1516,DXB/DAM,C,11,0,0,0,0,0,9,0.00,0 %,0.00,ACT,0.00,0,11
09/07/2024,RB1516,DXB/DAM,Y,144,0,0,0,0,0,70,0.00,0 %,0.00,ACT,0.00,0,144
09/07/2024,RB515,DAM/DXB,C,11,0,0,0,0,0,2,0.00,0 %,0.00,ACT,0.00,0,11
09/07/2024,RB515,DAM/DXB,Y,144,0,0,0,0,0,3,0.00,0 %,0.00,ACT,0.00,0,144
09/07/2024,RB201,DAM/CAI,C,11,0,0,0,0,0,0,0.00,0 %,0.00,ACT,0.00,0,11
09/07/2024,RB201,DAM/CAI,Y,144,0,0,0,0,0,4,0.00,0 %,0.00,ACT,0.00,0,144
09/07/2024,RB202,CAI/DAM,C,11,0,0,0,0,0,2,0.00,0 %,0.00,ACT,0.00,0,11
09/07/2024,RB202,CAI/DAM,Y,144,0,0,0,0,0,6,0.00,0 %,0.00,ACT,0.00,0,144
09/07/2024,RB516,DXB/DAM,C,11,0,0,0,0,0,4,0.00,0 %,0.00,ACT,0.00,0,11
09/07/2024,RB516,DXB/DAM,Y,144,0,0,0,0,0,76,0.00,0 %,0.00,ACT,0.00,0,144
09/07/2024,RB521,DAM/DOH,C,11,0,0,0,0,0,2,0.00,0 %,0.00,ACT,0.00,0,11
09/07/2024,RB521,DAM/DOH,Y,144,0,0,0,0,0,10,0.00,0 %,0.00,ACT,0.00,0,144
09/07/2024,RB522,DOH/DAM,C,11,0,0,0,0,0,8,0.00,0 %,0.00,ACT,0.00,0,11
09/07/2024,RB522,DOH/DAM,Y,144,0,0,0,0,0,45,0.00,0 %,0.00,ACT,0.00,0,144
09/07/2024,RB343,DAM/KWI,C,11,0,0,0,0,0,8,0.00,0 %,0.00,ACT,0.00,0,11
09/07/2024,RB343,DAM/KWI,Y,144,0,0,0,0,0,4,0.00,0 %,0.00,ACT,0.00,0,144
09/08/2024,RB344,KWI/DAM,C,11,0,0,0,0,0,9,0.00,0 %,0.00,ACT,0.00,0,11
09/08/2024,RB344,KWI/DAM,Y,144,0,0,0,0,0,81,0.00,0 %,0.00,ACT,0.00,0,144
09/08/2024,RB501,DAM/SHJ,C,11,0,0,0,0,0,2,0.00,0 %,0.00,ACT,0.00,0,11
09/08/2024,RB501,DAM/SHJ,Y,144,0,0,0,0,0,10,0.00,0 %,0.00,ACT,0.00,0,144
09/08/2024,RB441,DAM/VKO,C,11,0,0,0,0,0,6,0.00,0 %,0.00,ACT,0.00,0,11
09/08/2024,RB441,DAM/VKO,Y,96,0,0,0,0,0,2,0.00,0 %,0.00,ACT,0.00,0,96
09/08/2024,RB502,SHJ/DAM,C,11,0,0,0,0,0,9,0.00,0 %,0.00,ACT,0.00,0,11
09/08/2024,RB502,SHJ/DAM,Y,144,0,0,0,0,0,115,0.00,0 %,0.00,ACT,0.00,0,144
09/08/2024,RB442,VKO/DAM,C,11,0,0,0,0,0,6,0.00,0 %,0.00,ACT,0.00,0,11
09/08/2024,RB442,VKO/DAM,Y,114,0,0,0,0,0,21,0.00,0 %,0.00,ACT,0.00,0,114
09/09/2024,RB515,DAM/DXB,C,11,0,0,0,0,0,2,0.00,0 %,0.00,ACT,0.00,0,11
09/09/2024,RB515,DAM/DXB,Y,144,0,0,0,0,0,6,0.00,0 %,0.00,ACT,0.00,0,144
09/09/2024,RB516,DXB/DAM,C,11,0,0,0,0,0,7,0.00,0 %,0.00,ACT,0.00,0,11
09/09/2024,RB516,DXB/DAM,Y,144,0,0,0,0,0,93,0.00,0 %,0.00,ACT,0.00,0,144
09/10/2024,RB501,DAM/SHJ,C,11,0,0,0,0,0,1,0.00,0 %,0.00,ACT,0.00,0,11
09/10/2024,RB501,DAM/SHJ,Y,144,0,0,0,0,0,2,0.00,0 %,0.00,ACT,0.00,0,144
09/10/2024,RB201,DAM/CAI,C,11,0,0,0,0,0,0,0.00,0 %,0.00,ACT,0.00,0,11
09/10/2024,RB201,DAM/CAI,Y,144,0,0,0,0,0,9,0.00,0 %,0.00,ACT,0.00,0,144
09/10/2024,RB502,SHJ/DAM,C,11,0,0,0,0,0,9,0.00,0 %,0.00,ACT,0.00,0,11
09/10/2024,RB502,SHJ/DAM,Y,144,0,0,0,0,0,102,0.00,0 %,0.00,ACT,0.00,0,144
09/10/2024,RB202,CAI/DAM,C,11,0,0,0,0,0,2,0.00,0 %,0.00,ACT,0.00,0,11
09/10/2024,RB202,CAI/DAM,Y,144,0,0,0,0,0,0,0.00,0 %,0.00,ACT,0.00,0,144
09/10/2024,RB341,DAM/KWI,C,11,0,0,0,0,0,1,0.00,0 %,0.00,ACT,0.00,0,11
09/10/2024,RB341,DAM/KWI,Y,144,0,0,0,0,0,3,0.00,0 %,0.00,ACT,0.00,0,144
09/10/2024,RB342,KWI/DAM,C,11,0,0,0,0,0,11,0.00,0 %,0.00,ACT,0.00,0,11
09/10/2024,RB342,KWI/DAM,Y,144,0,0,0,0,0,118,0.00,0 %,0.00,ACT,0.00,0,144
09/11/2024,RB389,DAM/RUH,C,11,0,0,0,0,0,9,0.00,0 %,0.00,ACT,0.00,0,11
09/11/2024,RB389,DAM/RUH,Y,144,0,0,0,0,0,19,0.00,0 %,0.00,ACT,0.00,0,144
09/11/2024,RB515,DAM/DXB,C,11,0,0,0,0,0,4,0.00,0 %,0.00,ACT,0.00,0,11
09/11/2024,RB515,DAM/DXB,Y,144,0,0,0,0,0,13,0.00,0 %,0.00,ACT,0.00,0,144
09/11/2024,RB390,RUH/DAM,C,11,0,0,0,0,0,1,0.00,0 %,0.00,ACT,0.00,0,11
09/11/2024,RB390,RUH/DAM,Y,144,0,0,0,0,0,79,0.00,0 %,0.00,ACT,0.00,0,144
09/11/2024,RB516,DXB/DAM,C,11,0,0,0,0,0,11,0.00,0 %,0.00,ACT,0.00,0,11
09/11/2024,RB516,DXB/DAM,Y,144,0,0,0,0,0,88,0.00,0 %,0.00,ACT,0.00,0,144
09/11/2024,RB521,DAM/DOH,C,11,0,0,0,0,0,2,0.00,0 %,0.00,ACT,0.00,0,11
09/11/2024,RB521,DAM/DOH,Y,144,0,0,0,0,0,3,0.00,0 %,0.00,ACT,0.00,0,144
09/11/2024,RB522,DOH/DAM,C,11,0,0,0,0,0,3,0.00,0 %,0.00,ACT,0.00,0,11
09/11/2024,RB522,DOH/DAM,Y,144,0,0,0,0,0,30,0.00,0 %,0.00,ACT,0.00,0,144
09/11/2024,RB201,DAM/CAI,C,11,0,0,0,0,0,4,0.00,0 %,0.00,ACT,0.00,0,11
09/11/2024,RB201,DAM/CAI,Y,144,0,0,0,0,0,12,0.00,0 %,0.00,ACT,0.00,0,144
09/12/2024,RB202,CAI/DAM,C,11,0,0,0,0,0,1,0.00,0 %,0.00,ACT,0.00,0,11
09/12/2024,RB202,CAI/DAM,Y,144,0,0,0,0,0,18,0.00,0 %,0.00,ACT,0.00,0,144
09/12/2024,RB341,DAM/KWI,C,11,0,0,0,0,0,10,0.00,0 %,0.00,ACT,0.00,0,11
09/12/2024,RB341,DAM/KWI,Y,144,0,0,0,0,0,0,0.00,0 %,0.00,ACT,0.00,0,144
09/12/2024,RB515,DAM/DXB,C,11,0,0,0,0,0,2,0.00,0 %,0.00,ACT,0.00,0,11
09/12/2024,RB515,DAM/DXB,Y,144,0,0,0,0,0,7,0.00,0 %,0.00,ACT,0.00,0,144
09/12/2024,RB342,KWI/DAM,C,11,0,0,0,0,0,11,0.00,0 %,0.00,ACT,0.00,0,11
09/12/2024,RB342,KWI/DAM,Y,144,0,0,0,0,0,81,0.00,0 %,0.00,ACT,0.00,0,144
09/12/2024,RB516,DXB/DAM,C,11,0,0,0,0,0,9,0.00,0 %,0.00,ACT,0.00,0,11
09/12/2024,RB516,DXB/DAM,Y,144,0,0,0,0,0,73,0.00,0 %,0.00,ACT,0.00,0,144
09/13/2024,RB503,DAM/AUH,C,11,0,0,0,0,0,5,0.00,0 %,0.00,ACT,0.00,0,11
09/13/2024,RB503,DAM/AUH,Y,144,0,0,0,0,0,13,0.00,0 %,0.00,ACT,0.00,0,144
09/13/2024,RB504,AUH/DAM,C,11,0,0,0,0,0,9,0.00,0 %,0.00,ACT,0.00,0,11
09/13/2024,RB504,AUH/DAM,Y,144,0,0,0,0,0,34,0.00,0 %,0.00,ACT,0.00,0,144
09/13/2024,RB389,DAM/RUH,C,11,0,0,0,0,0,1,0.00,0 %,0.00,ACT,0.00,0,11
09/13/2024,RB389,DAM/RUH,Y,144,0,0,0,0,0,11,0.00,0 %,0.00,ACT,0.00,0,144
09/13/2024,RB390,RUH/DAM,C,11,0,0,0,0,0,8,0.00,0 %,0.00,ACT,0.00,0,11
09/13/2024,RB390,RUH/DAM,Y,144,0,0,0,0,0,54,0.00,0 %,0.00,ACT,0.00,0,144
09/14/2024,RB515,DAM/DXB,C,11,0,0,0,0,0,4,0.00,0 %,0.00,ACT,0.00,0,11
09/14/2024,RB515,DAM/DXB,Y,144,0,0,0,0,0,16,0.00,0 %,0.00,ACT,0.00,0,144
09/14/2024,RB201,DAM/CAI,C,11,0,0,0,0,0,0,0.00,0 %,0.00,ACT,0.00,0,11
09/14/2024,RB201,DAM/CAI,Y,144,0,0,0,0,0,8,0.00,0 %,0.00,ACT,0.00,0,144
09/14/2024,RB202,CAI/DAM,C,11,0,0,0,0,0,3,0.00,0 %,0.00,ACT,0.00,0,11
09/14/2024,RB202,CAI/DAM,Y,144,0,0,0,0,0,4,0.00,0 %,0.00,ACT,0.00,0,144
09/14/2024,RB516,DXB/DAM,C,11,0,0,0,0,0,2,0.00,0 %,0.00,ACT,0.00,0,11
09/14/2024,RB516,DXB/DAM,Y,144,0,0,0,0,0,74,0.00,0 %,0.00,ACT,0.00,0,144
09/14/2024,RB521,DAM/DOH,C,11,0,0,0,0,0,1,0.00,0 %,0.00,ACT,0.00,0,11
09/14/2024,RB521,DAM/DOH,Y,144,0,0,0,0,0,1,0.00,0 %,0.00,ACT,0.00,0,144
09/14/2024,RB522,DOH/DAM,C,11,0,0,0,0,0,4,0.00,0 %,0.00,ACT,0.00,0,11
09/14/2024,RB522,DOH/DAM,Y,144,0,0,0,0,0,17,0.00,0 %,0.00,ACT,0.00,0,144
09/14/2024,RB343,DAM/KWI,C,11,0,0,0,0,0,0,0.00,0 %,0.00,ACT,0.00,0,11
09/14/2024,RB343,DAM/KWI,Y,144,0,0,0,0,0,0,0.00,0 %,0.00,ACT,0.00,0,144
09/15/2024,RB344,KWI/DAM,C,11,0,0,0,0,0,10,0.00,0 %,0.00,ACT,0.00,0,11
09/15/2024,RB344,KWI/DAM,Y,144,0,0,0,0,0,87,0.00,0 %,0.00,ACT,0.00,0,144
09/15/2024,RB501,DAM/SHJ,C,11,0,0,0,0,0,0,0.00,0 %,0.00,ACT,0.00,0,11
09/15/2024,RB501,DAM/SHJ,Y,144,0,0,0,0,0,6,0.00,0 %,0.00,ACT,0.00,0,144
09/15/2024,RB441,DAM/VKO,C,11,0,0,0,0,0,6,0.00,0 %,0.00,ACT,0.00,0,11
09/15/2024,RB441,DAM/VKO,Y,96,0,0,0,0,0,0,0.00,0 %,0.00,ACT,0.00,0,96
09/15/2024,RB502,SHJ/DAM,C,11,0,0,0,0,0,9,0.00,0 %,0.00,ACT,0.00,0,11
09/15/2024,RB502,SHJ/DAM,Y,144,0,0,0,0,0,95,0.00,0 %,0.00,ACT,0.00,0,144
09/15/2024,RB442,VKO/DAM,C,11,0,0,0,0,0,1,0.00,0 %,0.00,ACT,0.00,0,11
09/15/2024,RB442,VKO/DAM,Y,114,0,0,0,0,0,62,0.00,0 %,0.00,ACT,0.00,0,114
09/16/2024,RB515,DAM/DXB,C,11,0,0,0,0,0,4,0.00,0 %,0.00,ACT,0.00,0,11
09/16/2024,RB515,DAM/DXB,Y,144,0,0,0,0,0,21,0.00,0 %,0.00,ACT,0.00,0,144
09/16/2024,RB516,DXB/DAM,C,11,0,0,0,0,0,4,0.00,0 %,0.00,ACT,0.00,0,11
09/16/2024,RB516,DXB/DAM,Y,144,0,0,0,0,0,74,0.00,0 %,0.00,ACT,0.00,0,144
09/16/2024,RB515X,DAM/DXB,C,11,0,0,0,0,0,7,0.00,0 %,0.00,ACT,0.00,0,11
09/16/2024,RB515X,DAM/DXB,Y,144,0,0,0,0,0,0,0.00,0 %,0.00,ACT,0.00,0,144
09/17/2024,RB501,DAM/SHJ,C,11,0,0,0,0,0,4,0.00,0 %,0.00,ACT,0.00,0,11
09/17/2024,RB501,DAM/SHJ,Y,144,0,0,0,0,0,10,0.00,0 %,0.00,ACT,0.00,0,144
09/17/2024,RB502,SHJ/DAM,C,11,0,0,0,0,0,10,0.00,0 %,0.00,ACT,0.00,0,11
09/17/2024,RB502,SHJ/DAM,Y,144,0,0,0,0,0,107,0.00,0 %,0.00,ACT,0.00,0,144
09/17/2024,RB201,DAM/CAI,C,11,0,0,0,0,0,6,0.00,0 %,0.00,ACT,0.00,0,11
09/17/2024,RB201,DAM/CAI,Y,144,0,0,0,0,0,10,0.00,0 %,0.00,ACT,0.00,0,144
09/17/2024,RB202,CAI/DAM,C,11,0,0,0,0,0,4,0.00,0 %,0.00,ACT,0.00,0,11
09/17/2024,RB202,CAI/DAM,Y,144,0,0,0,0,0,4,0.00,0 %,0.00,ACT,0.00,0,144
09/18/2024,RB515,DAM/DXB,C,11,0,0,0,0,0,6,0.00,0 %,0.00,ACT,0.00,0,11
09/18/2024,RB515,DAM/DXB,Y,144,0,0,0,0,0,5,0.00,0 %,0.00,ACT,0.00,0,144
09/18/2024,RB516,DXB/DAM,C,11,0,0,0,0,0,8,0.00,0 %,0.00,ACT,0.00,0,11
09/18/2024,RB516,DXB/DAM,Y,144,0,0,0,0,0,67,0.00,0 %,0.00,ACT,0.00,0,144
09/18/2024,RB201,DAM/CAI,C,11,0,0,0,0,0,6,0.00,0 %,0.00,ACT,0.00,0,11
09/18/2024,RB201,DAM/CAI,Y,144,0,0,0,0,0,5,0.00,0 %,0.00,ACT,0.00,0,144
09/18/2024,RB202,CAI/DAM,C,11,0,0,0,0,0,2,0.00,0 %,0.00,ACT,0.00,0,11
09/18/2024,RB202,CAI/DAM,Y,144,0,0,0,0,0,7,0.00,0 %,0.00,ACT,0.00,0,144
09/18/2024,RB521,DAM/DOH,C,11,0,0,0,0,0,0,0.00,0 %,0.00,ACT,0.00,0,11
09/18/2024,RB521,DAM/DOH,Y,144,0,0,0,0,0,4,0.00,0 %,0.00,ACT,0.00,0,144
09/19/2024,RB522,DOH/DAM,C,11,0,0,0,0,0,6,0.00,0 %,0.00,ACT,0.00,0,11
09/19/2024,RB522,DOH/DAM,Y,144,0,0,0,0,0,67,0.00,0 %,0.00,ACT,0.00,0,144
09/19/2024,RB515,DAM/DXB,C,11,0,0,0,0,0,4,0.00,0 %,0.00,ACT,0.00,0,11
09/19/2024,RB515,DAM/DXB,Y,144,0,0,0,0,0,5,0.00,0 %,0.00,ACT,0.00,0,144
09/19/2024,RB516,DXB/DAM,C,11,0,0,0,0,0,7,0.00,0 %,0.00,ACT,0.00,0,11
09/19/2024,RB516,DXB/DAM,Y,144,0,0,0,0,0,61,0.00,0 %,0.00,ACT,0.00,0,144
09/19/2024,RB341,DAM/KWI,C,11,0,0,0,0,0,8,0.00,0 %,0.00,ACT,0.00,0,11
09/19/2024,RB341,DAM/KWI,Y,144,0,0,0,0,0,2,0.00,0 %,0.00,ACT,0.00,0,144
09/19/2024,RB342,KWI/DAM,C,11,0,0,0,0,0,11,0.00,0 %,0.00,ACT,0.00,0,11
09/19/2024,RB342,KWI/DAM,Y,144,0,0,0,0,0,58,0.00,0 %,0.00,ACT,0.00,0,144
09/20/2024,RB503,DAM/AUH,C,11,0,0,0,0,0,9,0.00,0 %,0.00,ACT,0.00,0,11
09/20/2024,RB503,DAM/AUH,Y,144,0,0,0,0,0,11,0.00,0 %,0.00,ACT,0.00,0,144
09/20/2024,RB504,AUH/DAM,C,11,0,0,0,0,0,11,0.00,0 %,0.00,ACT,0.00,0,11
09/20/2024,RB504,AUH/DAM,Y,144,0,0,0,0,0,34,0.00,0 %,0.00,ACT,0.00,0,144
09/20/2024,RB389,DAM/RUH,C,11,0,0,0,0,0,0,0.00,0 %,0.00,ACT,0.00,0,11
09/20/2024,RB389,DAM/RUH,Y,144,0,0,0,0,0,1,0.00,0 %,0.00,ACT,0.00,0,144
09/20/2024,RB390,RUH/DAM,C,11,0,0,0,0,0,0,0.00,0 %,0.00,ACT,0.00,0,11
09/20/2024,RB390,RUH/DAM,Y,144,0,0,0,0,0,0,0.00,0 %,0.00,ACT,0.00,0,144
09/21/2024,RB515,DAM/DXB,C,11,0,0,0,0,0,1,0.00,0 %,0.00,ACT,0.00,0,11
09/21/2024,RB515,DAM/DXB,Y,144,0,0,0,0,0,0,0.00,0 %,0.00,ACT,0.00,0,144
09/21/2024,RB201,DAM/CAI,C,11,0,0,0,0,0,3,0.00,0 %,0.00,ACT,0.00,0,11
09/21/2024,RB201,DAM/CAI,Y,144,0,0,0,0,0,13,0.00,0 %,0.00,ACT,0.00,0,144
09/21/2024,RB202,CAI/DAM,C,11,0,0,0,0,0,1,0.00,0 %,0.00,ACT,0.00,0,11
09/21/2024,RB202,CAI/DAM,Y,144,0,0,0,0,0,7,0.00,0 %,0.00,ACT,0.00,0,144
09/21/2024,RB516,DXB/DAM,C,11,0,0,0,0,0,0,0.00,0 %,0.00,ACT,0.00,0,11
09/21/2024,RB516,DXB/DAM,Y,144,0,0,0,0,0,47,0.00,0 %,0.00,ACT,0.00,0,144
09/21/2024,RB521,DAM/DOH,C,11,0,0,0,0,0,0,0.00,0 %,0.00,ACT,0.00,0,11
09/21/2024,RB521,DAM/DOH,Y,144,0,0,0,0,0,4,0.00,0 %,0.00,ACT,0.00,0,144
09/21/2024,RB341,DAM/KWI,C,11,0,0,0,0,0,2,0.00,0 %,0.00,ACT,0.00,0,11
09/21/2024,RB341,DAM/KWI,Y,144,0,0,0,0,0,0,0.00,0 %,0.00,ACT,0.00,0,144
09/21/2024,RB522,DOH/DAM,C,11,0,0,0,0,0,4,0.00,0 %,0.00,ACT,0.00,0,11
09/21/2024,RB522,DOH/DAM,Y,144,0,0,0,0,0,65,0.00,0 %,0.00,ACT,0.00,0,144
09/21/2024,RB342,KWI/DAM,C,11,0,0,0,0,0,11,0.00,0 %,0.00,ACT,0.00,0,11
09/21/2024,RB342,KWI/DAM,Y,144,0,0,0,0,0,107,0.00,0 %,0.00,ACT,0.00,0,144
09/22/2024,RB501,DAM/SHJ,C,11,0,0,0,0,0,2,0.00,0 %,0.00,ACT,0.00,0,11
09/22/2024,RB501,DAM/SHJ,Y,144,0,0,0,0,0,7,0.00,0 %,0.00,ACT,0.00,0,144
09/22/2024,RB515X,DAM/DXB,C,11,0,0,0,0,0,3,0.00,0 %,0.00,ACT,0.00,0,11
09/22/2024,RB515X,DAM/DXB,Y,144,0,0,0,0,0,2,0.00,0 %,0.00,ACT,0.00,0,144
09/22/2024,RB515L,DAM/DXB,C,11,0,0,0,0,0,10,0.00,0 %,0.00,ACT,0.00,0,11
09/22/2024,RB515L,DAM/DXB,Y,144,0,0,0,0,0,2,0.00,0 %,0.00,ACT,0.00,0,144
09/22/2024,RB441,DAM/VKO,C,11,0,0,0,0,0,2,0.00,0 %,0.00,ACT,0.00,0,11
09/22/2024,RB441,DAM/VKO,Y,96,0,0,0,0,0,0,0.00,0 %,0.00,ACT,0.00,0,96
09/22/2024,RB502,SHJ/DAM,C,11,0,0,0,0,0,5,0.00,0 %,0.00,ACT,0.00,0,11
09/22/2024,RB502,SHJ/DAM,Y,144,0,0,0,0,0,78,0.00,0 %,0.00,ACT,0.00,0,144
09/22/2024,RB442,VKO/DAM,C,11,0,0,0,0,0,5,0.00,0 %,0.00,ACT,0.00,0,11
09/22/2024,RB442,VKO/DAM,Y,114,0,0,0,0,0,62,0.00,0 %,0.00,ACT,0.00,0,114
09/23/2024,RB515,DAM/DXB,C,11,0,0,0,0,0,0,0.00,0 %,0.00,ACT,0.00,0,11
09/23/2024,RB515,DAM/DXB,Y,144,0,0,0,0,0,39,0.00,0 %,0.00,ACT,0.00,0,144
09/23/2024,RB516,DXB/DAM,C,11,0,0,0,0,0,2,0.00,0 %,0.00,ACT,0.00,0,11
09/23/2024,RB516,DXB/DAM,Y,144,0,0,0,0,0,63,0.00,0 %,0.00,ACT,0.00,0,144
09/23/2024,RB531,DAM/BGW,C,11,0,0,0,0,0,10,0.00,0 %,0.00,ACT,0.00,0,11
09/23/2024,RB531,DAM/BGW,Y,144,0,0,0,0,0,107,0.00,0 %,0.00,ACT,0.00,0,144
09/23/2024,RB532,BGW/DAM,C,11,0,0,0,0,0,11,0.00,0 %,0.00,ACT,0.00,0,11
09/23/2024,RB532,BGW/DAM,Y,144,0,0,0,0,0,0,0.00,0 %,0.00,ACT,0.00,0,144
09/24/2024,RB501,DAM/SHJ,C,11,0,0,0,0,0,0,0.00,0 %,0.00,ACT,0.00,0,11
09/24/2024,RB501,DAM/SHJ,Y,144,0,0,0,0,0,54,0.00,0 %,0.00,ACT,0.00,0,144
09/24/2024,RB201,DAM/CAI,C,11,0,0,0,0,0,1,0.00,0 %,0.00,ACT,0.00,0,11
09/24/2024,RB201,DAM/CAI,Y,144,0,0,0,0,0,5,0.00,0 %,0.00,ACT,0.00,0,144
09/24/2024,RB502,SHJ/DAM,C,11,0,0,0,0,0,5,0.00,0 %,0.00,ACT,0.00,0,11
09/24/2024,RB502,SHJ/DAM,Y,144,0,0,0,0,0,114,0.00,0 %,0.00,ACT,0.00,0,144
09/24/2024,RB202,CAI/DAM,C,11,0,0,0,0,0,0,0.00,0 %,0.00,ACT,0.00,0,11
09/24/2024,RB202,CAI/DAM,Y,144,0,0,0,0,0,4,0.00,0 %,0.00,ACT,0.00,0,144
09/24/2024,RB533,DAM/NJF,C,11,0,0,0,0,0,11,0.00,0 %,0.00,ACT,0.00,0,11
09/24/2024,RB533,DAM/NJF,Y,144,0,0,0,0,0,135,0.00,0 %,0.00,ACT,0.00,0,144
09/24/2024,RB534,NJF/DAM,C,11,0,0,0,0,0,11,0.00,0 %,0.00,ACT,0.00,0,11
09/24/2024,RB534,NJF/DAM,Y,144,0,0,0,0,0,0,0.00,0 %,0.00,ACT,0.00,0,144
09/25/2024,RB389,DAM/RUH,C,11,0,0,0,0,0,1,0.00,0 %,0.00,ACT,0.00,0,11
09/25/2024,RB389,DAM/RUH,Y,144,0,0,0,0,0,8,0.00,0 %,0.00,ACT,0.00,0,144
09/25/2024,RB515,DAM/DXB,C,11,0,0,0,0,0,0,0.00,0 %,0.00,ACT,0.00,0,11
09/25/2024,RB515,DAM/DXB,Y,144,0,0,0,0,0,3,0.00,0 %,0.00,ACT,0.00,0,144
09/25/2024,RB390,RUH/DAM,C,11,0,0,0,0,0,2,0.00,0 %,0.00,ACT,0.00,0,11
09/25/2024,RB390,RUH/DAM,Y,144,0,0,0,0,0,53,0.00,0 %,0.00,ACT,0.00,0,144
09/25/2024,RB521,DAM/DOH,C,11,0,0,0,0,0,0,0.00,0 %,0.00,ACT,0.00,0,11
09/25/2024,RB521,DAM/DOH,Y,144,0,0,0,0,0,2,0.00,0 %,0.00,ACT,0.00,0,144
09/25/2024,RB516,DXB/DAM,C,11,0,0,0,0,0,0,0.00,0 %,0.00,ACT,0.00,0,11
09/25/2024,RB516,DXB/DAM,Y,144,0,0,0,0,0,47,0.00,0 %,0.00,ACT,0.00,0,144
09/25/2024,RB522,DOH/DAM,C,11,0,0,0,0,0,3,0.00,0 %,0.00,ACT,0.00,0,11
09/25/2024,RB522,DOH/DAM,Y,144,0,0,0,0,0,58,0.00,0 %,0.00,ACT,0.00,0,144
09/25/2024,RB201,DAM/CAI,C,11,0,0,0,0,0,0,0.00,0 %,0.00,ACT,0.00,0,11
09/25/2024,RB201,DAM/CAI,Y,144,0,0,0,0,0,0,0.00,0 %,0.00,ACT,0.00,0,144
09/25/2024,RB202,CAI/DAM,C,11,0,0,0,0,0,0,0.00,0 %,0.00,ACT,0.00,0,11
09/25/2024,RB202,CAI/DAM,Y,144,0,0,0,0,0,9,0.00,0 %,0.00,ACT,0.00,0,144
09/26/2024,RB515,DAM/DXB,C,11,0,0,0,0,0,0,0.00,0 %,0.00,ACT,0.00,0,11
09/26/2024,RB515,DAM/DXB,Y,144,0,0,0,0,0,0,0.00,0 %,0.00,ACT,0.00,0,144
09/26/2024,RB341,DAM/KWI,C,11,0,0,0,0,0,3,0.00,0 %,0.00,ACT,0.00,0,11
09/26/2024,RB341,DAM/KWI,Y,144,0,0,0,0,0,6,0.00,0 %,0.00,ACT,0.00,0,144
09/26/2024,RB342,KWI/DAM,C,11,0,0,0,0,0,9,0.00,0 %,0.00,ACT,0.00,0,11
09/26/2024,RB342,KWI/DAM,Y,144,0,0,0,0,0,28,0.00,0 %,0.00,ACT,0.00,0,144
09/26/2024,RB516,DXB/DAM,C,11,0,0,0,0,0,6,0.00,0 %,0.00,ACT,0.00,0,11
09/26/2024,RB516,DXB/DAM,Y,144,0,0,0,0,0,34,0.00,0 %,0.00,ACT,0.00,0,144
09/26/2024,RB531,DAM/BGW,C,11,0,0,0,0,0,7,0.00,0 %,0.00,ACT,0.00,0,11
09/26/2024,RB531,DAM/BGW,Y,144,0,0,0,0,0,72,0.00,0 %,0.00,ACT,0.00,0,144
09/26/2024,RB532,BGW/DAM,C,11,0,0,0,0,0,11,0.00,0 %,0.00,ACT,0.00,0,11
09/26/2024,RB532,BGW/DAM,Y,144,0,0,0,0,0,0,0.00,0 %,0.00,ACT,0.00,0,144
09/27/2024,RB503,DAM/AUH,C,11,0,0,0,0,0,0,0.00,0 %,0.00,ACT,0.00,0,11
09/27/2024,RB503,DAM/AUH,Y,144,0,0,0,0,0,3,0.00,0 %,0.00,ACT,0.00,0,144
09/27/2024,RB121,DAM/KAC,C,11,0,0,0,0,0,11,0.00,0 %,0.00,ACT,0.00,0,11
09/27/2024,RB121,DAM/KAC,Y,144,0,0,0,0,0,91,0.00,0 %,0.00,ACT,0.00,0,144
09/27/2024,RB122,KAC/DAM,C,11,0,0,0,0,0,9,0.00,0 %,0.00,ACT,0.00,0,11
09/27/2024,RB122,KAC/DAM,Y,144,0,0,0,0,0,54,0.00,0 %,0.00,ACT,0.00,0,144
09/27/2024,RB504,AUH/DAM,C,11,0,0,0,0,0,8,0.00,0 %,0.00,ACT,0.00,0,11
09/27/2024,RB504,AUH/DAM,Y,144,0,0,0,0,0,32,0.00,0 %,0.00,ACT,0.00,0,144
09/27/2024,RB533,DAM/NJF,C,11,0,0,0,0,0,11,0.00,0 %,0.00,ACT,0.00,0,11
09/27/2024,RB533,DAM/NJF,Y,144,0,0,0,0,0,42,0.00,0 %,0.00,ACT,0.00,0,144
09/27/2024,RB389,DAM/RUH,C,11,0,0,0,0,0,1,0.00,0 %,0.00,ACT,0.00,0,11
09/27/2024,RB389,DAM/RUH,Y,144,0,0,0,0,0,3,0.00,0 %,0.00,ACT,0.00,0,144
09/27/2024,RB534,NJF/DAM,C,11,0,0,0,0,0,11,0.00,0 %,0.00,ACT,0.00,0,11
09/27/2024,RB534,NJF/DAM,Y,144,0,0,0,0,0,0,0.00,0 %,0.00,ACT,0.00,0,144
09/27/2024,RB390,RUH/DAM,C,11,0,0,0,0,0,6,0.00,0 %,0.00,ACT,0.00,0,11
09/27/2024,RB390,RUH/DAM,Y,144,0,0,0,0,0,46,0.00,0 %,0.00,ACT,0.00,0,144
09/27/2024,RB201,DAM/CAI,C,11,0,0,0,0,0,0,0.00,0 %,0.00,ACT,0.00,0,11
09/27/2024,RB201,DAM/CAI,Y,144,0,0,0,0,0,0,0.00,0 %,0.00,ACT,0.00,0,144
09/27/2024,RB202,CAI/DAM,C,11,0,0,0,0,0,0,0.00,0 %,0.00,ACT,0.00,0,11
09/27/2024,RB202,CAI/DAM,Y,144,0,0,0,0,0,0,0.00,0 %,0.00,ACT,0.00,0,144
09/28/2024,RB515,DAM/DXB,C,11,0,0,0,0,0,1,0.00,0 %,0.00,ACT,0.00,0,11
09/28/2024,RB515,DAM/DXB,Y,144,0,0,0,0,0,2,0.00,0 %,0.00,ACT,0.00,0,144
09/28/2024,RB201,DAM/CAI,C,11,0,0,0,0,0,0,0.00,0 %,0.00,ACT,0.00,0,11
09/28/2024,RB201,DAM/CAI,Y,144,0,0,0,0,0,8,0.00,0 %,0.00,ACT,0.00,0,144
09/28/2024,RB202,CAI/DAM,C,11,0,0,0,0,0,1,0.00,0 %,0.00,ACT,0.00,0,11
09/28/2024,RB202,CAI/DAM,Y,144,0,0,0,0,0,3,0.00,0 %,0.00,ACT,0.00,0,144
09/28/2024,RB516,DXB/DAM,C,11,0,0,0,0,0,2,0.00,0 %,0.00,ACT,0.00,0,11
09/28/2024,RB516,DXB/DAM,Y,144,0,0,0,0,0,12,0.00,0 %,0.00,ACT,0.00,0,144
09/28/2024,RB521,DAM/DOH,C,11,0,0,0,0,0,1,0.00,0 %,0.00,ACT,0.00,0,11
09/28/2024,RB521,DAM/DOH,Y,144,0,0,0,0,0,0,0.00,0 %,0.00,ACT,0.00,0,144
09/28/2024,RB341,DAM/KWI,C,11,0,0,0,0,0,0,0.00,0 %,0.00,ACT,0.00,0,11
09/28/2024,RB341,DAM/KWI,Y,144,0,0,0,0,0,4,0.00,0 %,0.00,ACT,0.00,0,144
09/28/2024,RB522,DOH/DAM,C,11,0,0,0,0,0,0,0.00,0 %,0.00,ACT,0.00,0,11
09/28/2024,RB522,DOH/DAM,Y,144,0,0,0,0,0,35,0.00,0 %,0.00,ACT,0.00,0,144
09/28/2024,RB342,KWI/DAM,C,11,0,0,0,0,0,11,0.00,0 %,0.00,ACT,0.00,0,11
09/28/2024,RB342,KWI/DAM,Y,144,0,0,0,0,0,28,0.00,0 %,0.00,ACT,0.00,0,144
09/29/2024,RB501,DAM/SHJ,C,11,0,0,0,0,0,0,0.00,0 %,0.00,ACT,0.00,0,11
09/29/2024,RB501,DAM/SHJ,Y,144,0,0,0,0,0,5,0.00,0 %,0.00,ACT,0.00,0,144
09/29/2024,RB441,DAM/VKO,C,11,0,0,0,0,0,1,0.00,0 %,0.00,ACT,0.00,0,11
09/29/2024,RB441,DAM/VKO,Y,96,0,0,0,0,0,0,0.00,0 %,0.00,ACT,0.00,0,96
09/29/2024,RB502,SHJ/DAM,C,11,0,0,0,0,0,2,0.00,0 %,0.00,ACT,0.00,0,11
09/29/2024,RB502,SHJ/DAM,Y,144,0,0,0,0,0,76,0.00,0 %,0.00,ACT,0.00,0,144
09/29/2024,RB1515,DAM/DXB,C,11,0,0,0,0,0,0,0.00,0 %,0.00,ACT,0.00,0,11
09/29/2024,RB1515,DAM/DXB,Y,145,0,0,0,0,0,0,0.00,0 %,0.00,ACT,0.00,0,145
09/29/2024,RB442,VKO/DAM,C,11,0,0,0,0,0,3,0.00,0 %,0.00,ACT,0.00,0,11
09/29/2024,RB442,VKO/DAM,Y,114,0,0,0,0,0,35,0.00,0 %,0.00,ACT,0.00,0,114
09/30/2024,RB515,DAM/DXB,C,11,0,0,0,0,0,1,0.00,0 %,0.00,ACT,0.00,0,11
09/30/2024,RB515,DAM/DXB,Y,145,0,0,0,0,0,11,0.00,0 %,0.00,ACT,0.00,0,145
09/30/2024,RB516,DXB/DAM,C,11,0,0,0,0,0,3,0.00,0 %,0.00,ACT,0.00,0,11
09/30/2024,RB516,DXB/DAM,Y,145,0,0,0,0,0,7,0.00,0 %,0.00,ACT,0.00,0,145
09/30/2024,RB521,DAM/DOH,C,11,0,0,0,0,0,1,0.00,0 %,0.00,ACT,0.00,0,11
09/30/2024,RB521,DAM/DOH,Y,145,0,0,0,0,0,1,0.00,0 %,0.00,ACT,0.00,0,145
09/30/2024,RB522,DOH/DAM,C,11,0,0,0,0,0,10,0.00,0 %,0.00,ACT,0.00,0,11
09/30/2024,RB522,DOH/DAM,Y,145,0,0,0,0,0,101,0.00,0 %,0.00,ACT,0.00,0,145
09/30/2024,RB531,DAM/BGW,C,11,0,0,0,0,0,4,0.00,0 %,0.00,ACT,0.00,0,11
09/30/2024,RB531,DAM/BGW,Y,145,0,0,0,0,0,0,0.00,0 %,0.00,ACT,0.00,0,145
09/30/2024,RB532,BGW/DAM,C,11,0,0,0,0,0,11,0.00,0 %,0.00,ACT,0.00,0,11
09/30/2024,RB532,BGW/DAM,Y,145,0,0,0,0,0,24,0.00,0 %,0.00,ACT,0.00,0,145
09/30/2024,RB203,DAM/CAI,C,11,0,0,0,0,0,1,0.00,0 %,0.00,ACT,0.00,0,11
09/30/2024,RB203,DAM/CAI,Y,145,0,0,0,0,0,1,0.00,0 %,0.00,ACT,0.00,0,145
10/01/2024,RB204,CAI/DAM,C,11,0,0,0,0,0,0,0.00,0 %,0.00,ACT,0.00,0,11
10/01/2024,RB204,CAI/DAM,Y,145,0,0,0,0,0,0,0.00,0 %,0.00,ACT,0.00,0,145
10/01/2024,RB501,DAM/SHJ,C,11,0,0,0,0,0,0,0.00,0 %,0.00,ACT,0.00,0,11
10/01/2024,RB501,DAM/SHJ,Y,145,0,0,0,0,0,11,0.00,0 %,0.00,ACT,0.00,0,145
10/01/2024,RB201,DAM/CAI,C,11,0,0,0,0,0,0,0.00,0 %,0.00,ACT,0.00,0,11
10/01/2024,RB201,DAM/CAI,Y,145,0,0,0,0,0,2,0.00,0 %,0.00,ACT,0.00,0,145
10/01/2024,RB502,SHJ/DAM,C,11,0,0,0,0,0,6,0.00,0 %,0.00,ACT,0.00,0,11
10/01/2024,RB502,SHJ/DAM,Y,145,0,0,0,0,0,79,0.00,0 %,0.00,ACT,0.00,0,145
10/01/2024,RB202,CAI/DAM,C,11,0,0,0,0,0,1,0.00,0 %,0.00,ACT,0.00,0,11
10/01/2024,RB202,CAI/DAM,Y,145,0,0,0,0,0,17,0.00,0 %,0.00,ACT,0.00,0,145
10/01/2024,RB533,DAM/NJF,C,11,0,0,0,0,0,11,0.00,0 %,0.00,ACT,0.00,0,11
10/01/2024,RB533,DAM/NJF,Y,145,0,0,0,0,0,0,0.00,0 %,0.00,ACT,0.00,0,145
10/01/2024,RB534,NJF/DAM,C,11,0,0,0,0,0,11,0.00,0 %,0.00,ACT,0.00,0,11
10/01/2024,RB534,NJF/DAM,Y,145,0,0,0,0,0,116,0.00,0 %,0.00,ACT,0.00,0,145
10/02/2024,RB389,DAM/RUH,C,11,0,0,0,0,0,3,0.00,0 %,0.00,ACT,0.00,0,11
10/02/2024,RB389,DAM/RUH,Y,144,0,0,0,0,0,6,0.00,0 %,0.00,ACT,0.00,0,144
10/02/2024,RB515,DAM/DXB,C,11,0,0,0,0,0,0,0.00,0 %,0.00,ACT,0.00,0,11
10/02/2024,RB515,DAM/DXB,Y,145,0,0,0,0,0,5,0.00,0 %,0.00,ACT,0.00,0,145
10/02/2024,RB390,RUH/DAM,C,11,0,0,0,0,0,7,0.00,0 %,0.00,ACT,0.00,0,11
10/02/2024,RB390,RUH/DAM,Y,144,0,0,0,0,0,26,0.00,0 %,0.00,ACT,0.00,0,144
10/02/2024,RB521,DAM/DOH,C,11,0,0,0,0,0,0,0.00,0 %,0.00,ACT,0.00,0,11
10/02/2024,RB521,DAM/DOH,Y,145,0,0,0,0,0,0,0.00,0 %,0.00,ACT,0.00,0,145
10/02/2024,RB516,DXB/DAM,C,11,0,0,0,0,0,8,0.00,0 %,0.00,ACT,0.00,0,11
10/02/2024,RB516,DXB/DAM,Y,145,0,0,0,0,0,58,0.00,0 %,0.00,ACT,0.00,0,145
10/02/2024,RB522,DOH/DAM,C,11,0,0,0,0,0,5,0.00,0 %,0.00,ACT,0.00,0,11
10/02/2024,RB522,DOH/DAM,Y,145,0,0,0,0,0,46,0.00,0 %,0.00,ACT,0.00,0,145
10/02/2024,RB201,DAM/CAI,C,11,0,0,0,0,0,2,0.00,0 %,0.00,ACT,0.00,0,11
10/02/2024,RB201,DAM/CAI,Y,145,0,0,0,0,0,11,0.00,0 %,0.00,ACT,0.00,0,145
10/02/2024,RB202,CAI/DAM,C,11,0,0,0,0,0,0,0.00,0 %,0.00,ACT,0.00,0,11
10/02/2024,RB202,CAI/DAM,Y,145,0,0,0,0,0,6,0.00,0 %,0.00,ACT,0.00,0,145
10/03/2024,RB515,DAM/DXB,C,11,0,0,0,0,0,3,0.00,0 %,0.00,ACT,0.00,0,11
10/03/2024,RB515,DAM/DXB,Y,145,0,0,0,0,0,12,0.00,0 %,0.00,ACT,0.00,0,145
10/03/2024,RB341,DAM/KWI,C,11,0,0,0,0,0,1,0.00,0 %,0.00,ACT,0.00,0,11
10/03/2024,RB341,DAM/KWI,Y,145,0,0,0,0,0,3,0.00,0 %,0.00,ACT,0.00,0,145
10/03/2024,RB342,KWI/DAM,C,11,0,0,0,0,0,10,0.00,0 %,0.00,ACT,0.00,0,11
10/03/2024,RB342,KWI/DAM,Y,145,0,0,0,0,0,27,0.00,0 %,0.00,ACT,0.00,0,145
10/03/2024,RB516,DXB/DAM,C,11,0,0,0,0,0,5,0.00,0 %,0.00,ACT,0.00,0,11
10/03/2024,RB516,DXB/DAM,Y,145,0,0,0,0,0,52,0.00,0 %,0.00,ACT,0.00,0,145
10/03/2024,RB531,DAM/BGW,C,11,0,0,0,0,0,9,0.00,0 %,0.00,ACT,0.00,0,11
10/03/2024,RB531,DAM/BGW,Y,145,0,0,0,0,0,0,0.00,0 %,0.00,ACT,0.00,0,145
10/03/2024,RB532,BGW/DAM,C,11,0,0,0,0,0,11,0.00,0 %,0.00,ACT,0.00,0,11
10/03/2024,RB532,BGW/DAM,Y,145,0,0,0,0,0,137,0.00,0 %,0.00,ACT,0.00,0,145
10/04/2024,RB503,DAM/AUH,C,11,0,0,0,0,0,2,0.00,0 %,0.00,ACT,0.00,0,11
10/04/2024,RB503,DAM/AUH,Y,145,0,0,0,0,0,6,0.00,0 %,0.00,ACT,0.00,0,145
10/04/2024,RB201,DAM/CAI,C,11,0,0,0,0,0,1,0.00,0 %,0.00,ACT,0.00,0,11
10/04/2024,RB201,DAM/CAI,Y,145,0,0,0,0,0,3,0.00,0 %,0.00,ACT,0.00,0,145
10/04/2024,RB504,AUH/DAM,C,11,0,0,0,0,0,8,0.00,0 %,0.00,ACT,0.00,0,11
10/04/2024,RB504,AUH/DAM,Y,145,0,0,0,0,0,29,0.00,0 %,0.00,ACT,0.00,0,145
10/04/2024,RB202,CAI/DAM,C,11,0,0,0,0,0,2,0.00,0 %,0.00,ACT,0.00,0,11
10/04/2024,RB202,CAI/DAM,Y,145,0,0,0,0,0,12,0.00,0 %,0.00,ACT,0.00,0,145
10/04/2024,RB533,DAM/NJF,C,11,0,0,0,0,0,11,0.00,0 %,0.00,ACT,0.00,0,11
10/04/2024,RB533,DAM/NJF,Y,145,0,0,0,0,0,0,0.00,0 %,0.00,ACT,0.00,0,145
10/04/2024,RB389,DAM/RUH,C,11,0,0,0,0,0,0,0.00,0 %,0.00,ACT,0.00,0,11
10/04/2024,RB389,DAM/RUH,Y,145,0,0,0,0,0,6,0.00,0 %,0.00,ACT,0.00,0,145
10/04/2024,RB534,NJF/DAM,C,11,0,0,0,0,0,11,0.00,0 %,0.00,ACT,0.00,0,11
10/04/2024,RB534,NJF/DAM,Y,145,0,0,0,0,0,83,0.00,0 %,0.00,ACT,0.00,0,145
10/04/2024,RB390,RUH/DAM,C,11,0,0,0,0,0,5,0.00,0 %,0.00,ACT,0.00,0,11
10/04/2024,RB390,RUH/DAM,Y,145,0,0,0,0,0,43,0.00,0 %,0.00,ACT,0.00,0,145
10/05/2024,RB515,DAM/DXB,C,11,0,0,0,0,0,1,0.00,0 %,0.00,ACT,0.00,0,11
10/05/2024,RB515,DAM/DXB,Y,145,0,0,0,0,0,4,0.00,0 %,0.00,ACT,0.00,0,145
10/05/2024,RB201,DAM/CAI,C,11,0,0,0,0,0,0,0.00,0 %,0.00,ACT,0.00,0,11
10/05/2024,RB201,DAM/CAI,Y,145,0,0,0,0,0,6,0.00,0 %,0.00,ACT,0.00,0,145
10/05/2024,RB202,CAI/DAM,C,11,0,0,0,0,0,0,0.00,0 %,0.00,ACT,0.00,0,11
10/05/2024,RB202,CAI/DAM,Y,145,0,0,0,0,0,5,0.00,0 %,0.00,ACT,0.00,0,145
10/05/2024,RB516,DXB/DAM,C,11,0,0,0,0,0,6,0.00,0 %,0.00,ACT,0.00,0,11
10/05/2024,RB516,DXB/DAM,Y,145,0,0,0,0,0,31,0.00,0 %,0.00,ACT,0.00,0,145
10/05/2024,RB521,DAM/DOH,C,11,0,0,0,0,0,1,0.00,0 %,0.00,ACT,0.00,0,11
10/05/2024,RB521,DAM/DOH,Y,145,0,0,0,0,0,1,0.00,0 %,0.00,ACT,0.00,0,145
10/05/2024,RB341,DAM/KWI,C,11,0,0,0,0,0,1,0.00,0 %,0.00,ACT,0.00,0,11
10/05/2024,RB341,DAM/KWI,Y,145,0,0,0,0,0,9,0.00,0 %,0.00,ACT,0.00,0,145
10/05/2024,RB522,DOH/DAM,C,11,0,0,0,0,0,6,0.00,0 %,0.00,ACT,0.00,0,11
10/05/2024,RB522,DOH/DAM,Y,145,0,0,0,0,0,54,0.00,0 %,0.00,ACT,0.00,0,145
10/05/2024,RB342,KWI/DAM,C,11,0,0,0,0,0,11,0.00,0 %,0.00,ACT,0.00,0,11
10/05/2024,RB342,KWI/DAM,Y,145,0,0,0,0,0,11,0.00,0 %,0.00,ACT,0.00,0,145
10/06/2024,RB515,DAM/DXB,C,11,0,0,0,0,0,0,0.00,0 %,0.00,ACT,0.00,0,11
10/06/2024,RB515,DAM/DXB,Y,145,0,0,0,0,0,5,0.00,0 %,0.00,ACT,0.00,0,145
10/06/2024,RB516,DXB/DAM,C,11,0,0,0,0,0,6,0.00,0 %,0.00,ACT,0.00,0,11
10/06/2024,RB516,DXB/DAM,Y,145,0,0,0,0,0,78,0.00,0 %,0.00,ACT,0.00,0,145
10/06/2024,RB201,DAM/CAI,C,11,0,0,0,0,0,1,0.00,0 %,0.00,ACT,0.00,0,11
10/06/2024,RB201,DAM/CAI,Y,145,0,0,0,0,0,0,0.00,0 %,0.00,ACT,0.00,0,145
10/06/2024,RB441,DAM/VKO,C,11,0,0,0,0,0,2,0.00,0 %,0.00,ACT,0.00,0,11
10/06/2024,RB441,DAM/VKO,Y,96,0,0,0,0,0,0,0.00,0 %,0.00,ACT,0.00,0,96
10/06/2024,RB202,CAI/DAM,C,11,0,0,0,0,0,0,0.00,0 %,0.00,ACT,0.00,0,11
10/06/2024,RB202,CAI/DAM,Y,145,0,0,0,0,0,2,0.00,0 %,0.00,ACT,0.00,0,145
10/06/2024,RB442,VKO/DAM,C,11,0,0,0,0,0,9,0.00,0 %,0.00,ACT,0.00,0,11
10/06/2024,RB442,VKO/DAM,Y,114,0,0,0,0,0,5,0.00,0 %,0.00,ACT,0.00,0,114
10/07/2024,RB515,DAM/DXB,C,11,0,0,0,0,0,3,0.00,0 %,0.00,ACT,0.00,0,11
10/07/2024,RB515,DAM/DXB,Y,145,0,0,0,0,0,3,0.00,0 %,0.00,ACT,0.00,0,145
10/07/2024,RB516,DXB/DAM,C,11,0,0,0,0,0,2,0.00,0 %,0.00,ACT,0.00,0,11
10/07/2024,RB516,DXB/DAM,Y,145,0,0,0,0,0,52,0.00,0 %,0.00,ACT,0.00,0,145
10/07/2024,RB521,DAM/DOH,C,11,0,0,0,0,0,0,0.00,0 %,0.00,ACT,0.00,0,11
10/07/2024,RB521,DAM/DOH,Y,145,0,0,0,0,0,0,0.00,0 %,0.00,ACT,0.00,0,145
10/07/2024,RB522,DOH/DAM,C,11,0,0,0,0,0,5,0.00,0 %,0.00,ACT,0.00,0,11
10/07/2024,RB522,DOH/DAM,Y,145,0,0,0,0,0,98,0.00,0 %,0.00,ACT,0.00,0,145
10/07/2024,RB531,DAM/BGW,C,11,0,0,0,0,0,7,0.00,0 %,0.00,ACT,0.00,0,11
10/07/2024,RB531,DAM/BGW,Y,145,0,0,0,0,0,0,0.00,0 %,0.00,ACT,0.00,0,145
10/07/2024,RB532,BGW/DAM,C,11,0,0,0,0,0,11,0.00,0 %,0.00,ACT,0.00,0,11
10/07/2024,RB532,BGW/DAM,Y,145,0,0,0,0,0,143,0.00,0 %,0.00,ACT,0.00,0,145
10/08/2024,RB501,DAM/SHJ,C,11,0,0,0,0,0,0,0.00,0 %,0.00,ACT,0.00,0,11
10/08/2024,RB501,DAM/SHJ,Y,145,0,0,0,0,0,0,0.00,0 %,0.00,ACT,0.00,0,145
10/08/2024,RB201,DAM/CAI,C,11,0,0,0,0,0,0,0.00,0 %,0.00,ACT,0.00,0,11
10/08/2024,RB201,DAM/CAI,Y,145,0,0,0,0,0,1,0.00,0 %,0.00,ACT,0.00,0,145
10/08/2024,RB502,SHJ/DAM,C,11,0,0,0,0,0,9,0.00,0 %,0.00,ACT,0.00,0,11
10/08/2024,RB502,SHJ/DAM,Y,145,0,0,0,0,0,121,0.00,0 %,0.00,ACT,0.00,0,145
10/08/2024,RB202,CAI/DAM,C,11,0,0,0,0,0,7,0.00,0 %,0.00,ACT,0.00,0,11
10/08/2024,RB202,CAI/DAM,Y,145,0,0,0,0,0,18,0.00,0 %,0.00,ACT,0.00,0,145
10/08/2024,RB533,DAM/NJF,C,11,0,0,0,0,0,11,0.00,0 %,0.00,ACT,0.00,0,11
10/08/2024,RB533,DAM/NJF,Y,145,0,0,0,0,0,51,0.00,0 %,0.00,ACT,0.00,0,145
10/08/2024,RB534,NJF/DAM,C,11,0,0,0,0,0,11,0.00,0 %,0.00,ACT,0.00,0,11
10/08/2024,RB534,NJF/DAM,Y,145,0,0,0,0,0,145,0.00,0 %,0.00,ACT,0.00,0,145
10/09/2024,RB389,DAM/RUH,C,11,0,0,0,0,0,1,0.00,0 %,0.00,ACT,0.00,0,11
10/09/2024,RB389,DAM/RUH,Y,145,0,0,0,0,0,11,0.00,0 %,0.00,ACT,0.00,0,145
10/09/2024,RB515,DAM/DXB,C,11,0,0,0,0,0,0,0.00,0 %,0.00,ACT,0.00,0,11
10/09/2024,RB515,DAM/DXB,Y,145,0,0,0,0,0,9,0.00,0 %,0.00,ACT,0.00,0,145
10/09/2024,RB390,RUH/DAM,C,11,0,0,0,0,0,5,0.00,0 %,0.00,ACT,0.00,0,11
10/09/2024,RB390,RUH/DAM,Y,145,0,0,0,0,0,83,0.00,0 %,0.00,ACT,0.00,0,145
10/09/2024,RB521,DAM/DOH,C,11,0,0,0,0,0,1,0.00,0 %,0.00,ACT,0.00,0,11
10/09/2024,RB521,DAM/DOH,Y,145,0,0,0,0,0,1,0.00,0 %,0.00,ACT,0.00,0,145
10/09/2024,RB516,DXB/DAM,C,11,0,0,0,0,0,4,0.00,0 %,0.00,ACT,0.00,0,11
10/09/2024,RB516,DXB/DAM,Y,145,0,0,0,0,0,48,0.00,0 %,0.00,ACT,0.00,0,145
10/09/2024,RB522,DOH/DAM,C,11,0,0,0,0,0,2,0.00,0 %,0.00,ACT,0.00,0,11
10/09/2024,RB522,DOH/DAM,Y,145,0,0,0,0,0,77,0.00,0 %,0.00,ACT,0.00,0,145
10/09/2024,RB201,DAM/CAI,C,11,0,0,0,0,0,1,0.00,0 %,0.00,ACT,0.00,0,11
10/09/2024,RB201,DAM/CAI,Y,145,0,0,0,0,0,8,0.00,0 %,0.00,ACT,0.00,0,145
10/09/2024,RB202,CAI/DAM,C,11,0,0,0,0,0,2,0.00,0 %,0.00,ACT,0.00,0,11
10/09/2024,RB202,CAI/DAM,Y,145,0,0,0,0,0,21,0.00,0 %,0.00,ACT,0.00,0,145
10/10/2024,RB515,DAM/DXB,C,11,0,0,0,0,0,1,0.00,0 %,0.00,ACT,0.00,0,11
10/10/2024,RB515,DAM/DXB,Y,145,0,0,0,0,0,5,0.00,0 %,0.00,ACT,0.00,0,145
10/10/2024,RB341,DAM/KWI,C,11,0,0,0,0,0,11,0.00,0 %,0.00,ACT,0.00,0,11
10/10/2024,RB341,DAM/KWI,Y,145,0,0,0,0,0,1,0.00,0 %,0.00,ACT,0.00,0,145
10/10/2024,RB342,KWI/DAM,C,11,0,0,0,0,0,10,0.00,0 %,0.00,ACT,0.00,0,11
10/10/2024,RB342,KWI/DAM,Y,145,0,0,0,0,0,51,0.00,0 %,0.00,ACT,0.00,0,145
10/10/2024,RB515X,DAM/DXB,C,11,0,0,0,0,0,5,0.00,0 %,0.00,ACT,0.00,0,11
10/10/2024,RB515X,DAM/DXB,Y,145,0,0,0,0,0,0,0.00,0 %,0.00,ACT,0.00,0,145
10/10/2024,RB516,DXB/DAM,C,11,0,0,0,0,0,2,0.00,0 %,0.00,ACT,0.00,0,11
10/10/2024,RB516,DXB/DAM,Y,145,0,0,0,0,0,28,0.00,0 %,0.00,ACT,0.00,0,145
10/10/2024,RB201,DAM/CAI,C,11,0,0,0,0,0,0,0.00,0 %,0.00,ACT,0.00,0,11
10/10/2024,RB201,DAM/CAI,Y,145,0,0,0,0,0,1,0.00,0 %,0.00,ACT,0.00,0,145
10/10/2024,RB202,CAI/DAM,C,11,0,0,0,0,0,6,0.00,0 %,0.00,ACT,0.00,0,11
10/10/2024,RB202,CAI/DAM,Y,145,0,0,0,0,0,1,0.00,0 %,0.00,ACT,0.00,0,145
10/10/2024,RB515A,DAM/DXB,C,11,0,0,0,0,0,10,0.00,0 %,0.00,ACT,0.00,0,11
10/10/2024,RB515A,DAM/DXB,Y,145,0,0,0,0,0,21,0.00,0 %,0.00,ACT,0.00,0,145
10/11/2024,RB503,DAM/AUH,C,11,0,0,0,0,0,0,0.00,0 %,0.00,ACT,0.00,0,11
10/11/2024,RB503,DAM/AUH,Y,145,0,0,0,0,0,8,0.00,0 %,0.00,ACT,0.00,0,145
10/11/2024,RB201,DAM/CAI,C,11,0,0,0,0,0,0,0.00,0 %,0.00,ACT,0.00,0,11
10/11/2024,RB201,DAM/CAI,Y,145,0,0,0,0,0,2,0.00,0 %,0.00,ACT,0.00,0,145
10/11/2024,RB504,AUH/DAM,C,11,0,0,0,0,0,10,0.00,0 %,0.00,ACT,0.00,0,11
10/11/2024,RB504,AUH/DAM,Y,145,0,0,0,0,0,22,0.00,0 %,0.00,ACT,0.00,0,145
10/11/2024,RB202,CAI/DAM,C,11,0,0,0,0,0,7,0.00,0 %,0.00,ACT,0.00,0,11
10/11/2024,RB202,CAI/DAM,Y,145,0,0,0,0,0,8,0.00,0 %,0.00,ACT,0.00,0,145
10/11/2024,RB533,DAM/NJF,C,11,0,0,0,0,0,11,0.00,0 %,0.00,ACT,0.00,0,11
10/11/2024,RB533,DAM/NJF,Y,145,0,0,0,0,0,48,0.00,0 %,0.00,ACT,0.00,0,145
10/11/2024,RB389,DAM/RUH,C,11,0,0,0,0,0,0,0.00,0 %,0.00,ACT,0.00,0,11
10/11/2024,RB389,DAM/RUH,Y,145,0,0,0,0,0,3,0.00,0 %,0.00,ACT,0.00,0,145
10/11/2024,RB534,NJF/DAM,C,11,0,0,0,0,0,11,0.00,0 %,0.00,ACT,0.00,0,11
10/11/2024,RB534,NJF/DAM,Y,145,0,0,0,0,0,143,0.00,0 %,0.00,ACT,0.00,0,145
10/11/2024,RB390,RUH/DAM,C,11,0,0,0,0,0,2,0.00,0 %,0.00,ACT,0.00,0,11
10/11/2024,RB390,RUH/DAM,Y,145,0,0,0,0,0,75,0.00,0 %,0.00,ACT,0.00,0,145
10/11/2024,RB527,DAM/DOH,C,11,0,0,0,0,0,0,0.00,0 %,0.00,ACT,0.00,0,11
10/11/2024,RB527,DAM/DOH,Y,145,0,0,0,0,0,3,0.00,0 %,0.00,ACT,0.00,0,145
10/12/2024,RB515,DAM/DXB,C,11,0,0,0,0,0,1,0.00,0 %,0.00,ACT,0.00,0,11
10/12/2024,RB515,DAM/DXB,Y,145,0,0,0,0,0,12,0.00,0 %,0.00,ACT,0.00,0,145
10/12/2024,RB201,DAM/CAI,C,11,0,0,0,0,0,0,0.00,0 %,0.00,ACT,0.00,0,11
10/12/2024,RB201,DAM/CAI,Y,145,0,0,0,0,0,12,0.00,0 %,0.00,ACT,0.00,0,145
10/12/2024,RB202,CAI/DAM,C,11,0,0,0,0,0,1,0.00,0 %,0.00,ACT,0.00,0,11
10/12/2024,RB202,CAI/DAM,Y,145,0,0,0,0,0,12,0.00,0 %,0.00,ACT,0.00,0,145
10/12/2024,RB516,DXB/DAM,C,11,0,0,0,0,0,5,0.00,0 %,0.00,ACT,0.00,0,11
10/12/2024,RB516,DXB/DAM,Y,145,0,0,0,0,0,46,0.00,0 %,0.00,ACT,0.00,0,145
10/12/2024,RB521,DAM/DOH,C,11,0,0,0,0,0,0,0.00,0 %,0.00,ACT,0.00,0,11
10/12/2024,RB521,DAM/DOH,Y,145,0,0,0,0,0,2,0.00,0 %,0.00,ACT,0.00,0,145
10/12/2024,RB341,DAM/KWI,C,11,0,0,0,0,0,6,0.00,0 %,0.00,ACT,0.00,0,11
10/12/2024,RB341,DAM/KWI,Y,145,0,0,0,0,0,3,0.00,0 %,0.00,ACT,0.00,0,145
10/12/2024,RB522,DOH/DAM,C,11,0,0,0,0,0,2,0.00,0 %,0.00,ACT,0.00,0,11
10/12/2024,RB522,DOH/DAM,Y,145,0,0,0,0,0,53,0.00,0 %,0.00,ACT,0.00,0,145
10/12/2024,RB342,KWI/DAM,C,11,0,0,0,0,0,9,0.00,0 %,0.00,ACT,0.00,0,11
10/12/2024,RB342,KWI/DAM,Y,145,0,0,0,0,0,27,0.00,0 %,0.00,ACT,0.00,0,145
10/13/2024,RB515,DAM/DXB,C,11,0,0,0,0,0,1,0.00,0 %,0.00,ACT,0.00,0,11
10/13/2024,RB515,DAM/DXB,Y,145,0,0,0,0,0,13,0.00,0 %,0.00,ACT,0.00,0,145
10/13/2024,RB516,DXB/DAM,C,11,0,0,0,0,0,5,0.00,0 %,0.00,ACT,0.00,0,11
10/13/2024,RB516,DXB/DAM,Y,145,0,0,0,0,0,106,0.00,0 %,0.00,ACT,0.00,0,145
10/13/2024,RB441,DAM/VKO,C,11,0,0,0,0,0,1,0.00,0 %,0.00,ACT,0.00,0,11
10/13/2024,RB441,DAM/VKO,Y,96,0,0,0,0,0,0,0.00,0 %,0.00,ACT,0.00,0,96
10/13/2024,RB201,DAM/CAI,C,11,0,0,0,0,0,0,0.00,0 %,0.00,ACT,0.00,0,11
10/13/2024,RB201,DAM/CAI,Y,145,0,0,0,0,0,3,0.00,0 %,0.00,ACT,0.00,0,145
10/13/2024,RB202,CAI/DAM,C,11,0,0,0,0,0,3,0.00,0 %,0.00,ACT,0.00,0,11
10/13/2024,RB202,CAI/DAM,Y,145,0,0,0,0,0,2,0.00,0 %,0.00,ACT,0.00,0,145
10/13/2024,RB442,VKO/DAM,C,11,0,0,0,0,0,7,0.00,0 %,0.00,ACT,0.00,0,11
10/13/2024,RB442,VKO/DAM,Y,114,0,0,0,0,0,41,0.00,0 %,0.00,ACT,0.00,0,114
10/14/2024,RB515,DAM/DXB,C,11,0,0,0,0,0,1,0.00,0 %,0.00,ACT,0.00,0,11
10/14/2024,RB515,DAM/DXB,Y,145,0,0,0,0,0,3,0.00,0 %,0.00,ACT,0.00,0,145
10/14/2024,RB516,DXB/DAM,C,11,0,0,0,0,0,5,0.00,0 %,0.00,ACT,0.00,0,11
10/14/2024,RB516,DXB/DAM,Y,145,0,0,0,0,0,61,0.00,0 %,0.00,ACT,0.00,0,145
10/14/2024,RB521,DAM/DOH,C,11,0,0,0,0,0,3,0.00,0 %,0.00,ACT,0.00,0,11
10/14/2024,RB521,DAM/DOH,Y,145,0,0,0,0,0,4,0.00,0 %,0.00,ACT,0.00,0,145
10/14/2024,RB522,DOH/DAM,C,11,0,0,0,0,0,10,0.00,0 %,0.00,ACT,0.00,0,11
10/14/2024,RB522,DOH/DAM,Y,145,0,0,0,0,0,98,0.00,0 %,0.00,ACT,0.00,0,145
10/14/2024,RB203,DAM/CAI,C,11,0,0,0,0,0,0,0.00,0 %,0.00,ACT,0.00,0,11
10/14/2024,RB203,DAM/CAI,Y,145,0,0,0,0,0,5,0.00,0 %,0.00,ACT,0.00,0,145
10/15/2024,RB204,CAI/DAM,C,11,0,0,0,0,0,11,0.00,0 %,0.00,ACT,0.00,0,11
10/15/2024,RB204,CAI/DAM,Y,145,0,0,0,0,0,145,0.00,0 %,0.00,ACT,0.00,0,145
10/15/2024,RB1515,DAM/DXB,C,11,0,0,0,0,0,2,0.00,0 %,0.00,ACT,0.00,0,11
10/15/2024,RB1515,DAM/DXB,Y,145,0,0,0,0,0,1,0.00,0 %,0.00,ACT,0.00,0,145
10/15/2024,RB501,DAM/SHJ,C,11,0,0,0,0,0,1,0.00,0 %,0.00,ACT,0.00,0,11
10/15/2024,RB501,DAM/SHJ,Y,145,0,0,0,0,0,1,0.00,0 %,0.00,ACT,0.00,0,145
10/15/2024,RB201,DAM/CAI,C,11,0,0,0,0,0,3,0.00,0 %,0.00,ACT,0.00,0,11
10/15/2024,RB201,DAM/CAI,Y,145,0,0,0,0,0,2,0.00,0 %,0.00,ACT,0.00,0,145
10/15/2024,RB502,SHJ/DAM,C,11,0,0,0,0,0,1,0.00,0 %,0.00,ACT,0.00,0,11
10/15/2024,RB502,SHJ/DAM,Y,145,0,0,0,0,0,105,0.00,0 %,0.00,ACT,0.00,0,145
10/15/2024,RB202,CAI/DAM,C,11,0,0,0,0,0,1,0.00,0 %,0.00,ACT,0.00,0,11
10/15/2024,RB202,CAI/DAM,Y,145,0,0,0,0,0,0,0.00,0 %,0.00,ACT,0.00,0,145
10/16/2024,RB389,DAM/RUH,C,11,0,0,0,0,0,3,0.00,0 %,0.00,ACT,0.00,0,11
10/16/2024,RB389,DAM/RUH,Y,145,0,0,0,0,0,4,0.00,0 %,0.00,ACT,0.00,0,145
10/16/2024,RB515,DAM/DXB,C,11,0,0,0,0,0,3,0.00,0 %,0.00,ACT,0.00,0,11
10/16/2024,RB515,DAM/DXB,Y,145,0,0,0,0,0,6,0.00,0 %,0.00,ACT,0.00,0,145
10/16/2024,RB390,RUH/DAM,C,11,0,0,0,0,0,10,0.00,0 %,0.00,ACT,0.00,0,11
10/16/2024,RB390,RUH/DAM,Y,145,0,0,0,0,0,64,0.00,0 %,0.00,ACT,0.00,0,145
10/16/2024,RB521,DAM/DOH,C,11,0,0,0,0,0,2,0.00,0 %,0.00,ACT,0.00,0,11
10/16/2024,RB521,DAM/DOH,Y,145,0,0,0,0,0,4,0.00,0 %,0.00,ACT,0.00,0,145
10/16/2024,RB516,DXB/DAM,C,11,0,0,0,0,0,5,0.00,0 %,0.00,ACT,0.00,0,11
10/16/2024,RB516,DXB/DAM,Y,144,0,0,0,0,0,31,0.00,0 %,0.00,ACT,0.00,0,144
10/16/2024,RB522,DOH/DAM,C,11,0,0,0,0,0,3,0.00,0 %,0.00,ACT,0.00,0,11
10/16/2024,RB522,DOH/DAM,Y,145,0,0,0,0,0,67,0.00,0 %,0.00,ACT,0.00,0,145
10/16/2024,RB201,DAM/CAI,C,11,0,0,0,0,0,2,0.00,0 %,0.00,ACT,0.00,0,11
10/16/2024,RB201,DAM/CAI,Y,145,0,0,0,0,0,10,0.00,0 %,0.00,ACT,0.00,0,145
10/16/2024,RB202,CAI/DAM,C,11,0,0,0,0,0,9,0.00,0 %,0.00,ACT,0.00,0,11
10/16/2024,RB202,CAI/DAM,Y,145,0,0,0,0,0,22,0.00,0 %,0.00,ACT,0.00,0,145
10/17/2024,RB515,DAM/DXB,C,11,0,0,0,0,0,2,0.00,0 %,0.00,ACT,0.00,0,11
10/17/2024,RB515,DAM/DXB,Y,145,0,0,0,0,0,4,0.00,0 %,0.00,ACT,0.00,0,145
10/17/2024,RB341,DAM/KWI,C,11,0,0,0,0,0,9,0.00,0 %,0.00,ACT,0.00,0,11
10/17/2024,RB341,DAM/KWI,Y,145,0,0,0,0,0,0,0.00,0 %,0.00,ACT,0.00,0,145
10/17/2024,RB342,KWI/DAM,C,11,0,0,0,0,0,11,0.00,0 %,0.00,ACT,0.00,0,11
10/17/2024,RB342,KWI/DAM,Y,145,0,0,0,0,0,4,0.00,0 %,0.00,ACT,0.00,0,145
10/17/2024,RB516,DXB/DAM,C,11,0,0,0,0,0,0,0.00,0 %,0.00,ACT,0.00,0,11
10/17/2024,RB516,DXB/DAM,Y,144,0,0,0,0,0,42,0.00,0 %,0.00,ACT,0.00,0,144
10/17/2024,RB201,DAM/CAI,C,11,0,0,0,0,0,2,0.00,0 %,0.00,ACT,0.00,0,11
10/17/2024,RB201,DAM/CAI,Y,145,0,0,0,0,0,3,0.00,0 %,0.00,ACT,0.00,0,145
10/17/2024,RB202,CAI/DAM,C,11,0,0,0,0,0,8,0.00,0 %,0.00,ACT,0.00,0,11
10/17/2024,RB202,CAI/DAM,Y,145,0,0,0,0,0,54,0.00,0 %,0.00,ACT,0.00,0,145
10/18/2024,RB503,DAM/AUH,C,11,0,0,0,0,0,6,0.00,0 %,0.00,ACT,0.00,0,11
10/18/2024,RB503,DAM/AUH,Y,145,0,0,0,0,0,0,0.00,0 %,0.00,ACT,0.00,0,145
10/18/2024,RB201,DAM/CAI,C,11,0,0,0,0,0,2,0.00,0 %,0.00,ACT,0.00,0,11
10/18/2024,RB201,DAM/CAI,Y,145,0,0,0,0,0,7,0.00,0 %,0.00,ACT,0.00,0,145
10/18/2024,RB504,AUH/DAM,C,11,0,0,0,0,0,7,0.00,0 %,0.00,ACT,0.00,0,11
10/18/2024,RB504,AUH/DAM,Y,145,0,0,0,0,0,41,0.00,0 %,0.00,ACT,0.00,0,145
10/18/2024,RB202,CAI/DAM,C,11,0,0,0,0,0,4,0.00,0 %,0.00,ACT,0.00,0,11
10/18/2024,RB202,CAI/DAM,Y,145,0,0,0,0,0,7,0.00,0 %,0.00,ACT,0.00,0,145
10/18/2024,RB389,DAM/RUH,C,11,0,0,0,0,0,0,0.00,0 %,0.00,ACT,0.00,0,11
10/18/2024,RB389,DAM/RUH,Y,145,0,0,0,0,0,2,0.00,0 %,0.00,ACT,0.00,0,145
10/18/2024,RB390,RUH/DAM,C,11,0,0,0,0,0,7,0.00,0 %,0.00,ACT,0.00,0,11
10/18/2024,RB390,RUH/DAM,Y,145,0,0,0,0,0,77,0.00,0 %,0.00,ACT,0.00,0,145
10/19/2024,RB515,DAM/DXB,C,11,0,0,0,0,0,3,0.00,0 %,0.00,ACT,0.00,0,11
10/19/2024,RB515,DAM/DXB,Y,145,0,0,0,0,0,15,0.00,0 %,0.00,ACT,0.00,0,145
10/19/2024,RB201,DAM/CAI,C,11,0,0,0,0,0,1,0.00,0 %,0.00,ACT,0.00,0,11
10/19/2024,RB201,DAM/CAI,Y,145,0,0,0,0,0,13,0.00,0 %,0.00,ACT,0.00,0,145
10/19/2024,RB202,CAI/DAM,C,11,0,0,0,0,0,5,0.00,0 %,0.00,ACT,0.00,0,11
10/19/2024,RB202,CAI/DAM,Y,145,0,0,0,0,0,17,0.00,0 %,0.00,ACT,0.00,0,145
10/19/2024,RB516,DXB/DAM,C,11,0,0,0,0,0,4,0.00,0 %,0.00,ACT,0.00,0,11
10/19/2024,RB516,DXB/DAM,Y,144,0,0,0,0,0,21,0.00,0 %,0.00,ACT,0.00,0,144
10/19/2024,RB521,DAM/DOH,C,11,0,0,0,0,0,0,0.00,0 %,0.00,ACT,0.00,0,11
10/19/2024,RB521,DAM/DOH,Y,145,0,0,0,0,0,7,0.00,0 %,0.00,ACT,0.00,0,145
10/19/2024,RB341,DAM/KWI,C,11,0,0,0,0,0,1,0.00,0 %,0.00,ACT,0.00,0,11
10/19/2024,RB341,DAM/KWI,Y,145,0,0,0,0,0,11,0.00,0 %,0.00,ACT,0.00,0,145
10/19/2024,RB522,DOH/DAM,C,11,0,0,0,0,0,9,0.00,0 %,0.00,ACT,0.00,0,11
10/19/2024,RB522,DOH/DAM,Y,145,0,0,0,0,0,80,0.00,0 %,0.00,ACT,0.00,0,145
10/19/2024,RB342,KWI/DAM,C,11,0,0,0,0,0,10,0.00,0 %,0.00,ACT,0.00,0,11
10/19/2024,RB342,KWI/DAM,Y,145,0,0,0,0,0,30,0.00,0 %,0.00,ACT,0.00,0,145
10/20/2024,RB515,DAM/DXB,C,11,0,0,0,0,0,1,0.00,0 %,0.00,ACT,0.00,0,11
10/20/2024,RB515,DAM/DXB,Y,145,0,0,0,0,0,9,0.00,0 %,0.00,ACT,0.00,0,145
10/20/2024,RB516,DXB/DAM,C,11,0,0,0,0,0,5,0.00,0 %,0.00,ACT,0.00,0,11
10/20/2024,RB516,DXB/DAM,Y,145,0,0,0,0,0,58,0.00,0 %,0.00,ACT,0.00,0,145
10/20/2024,RB441,DAM/VKO,C,11,0,0,0,0,0,3,0.00,0 %,0.00,ACT,0.00,0,11
10/20/2024,RB441,DAM/VKO,Y,96,0,0,0,0,0,17,0.00,0 %,0.00,ACT,0.00,0,96
10/20/2024,RB201,DAM/CAI,C,11,0,0,0,0,0,0,0.00,0 %,0.00,ACT,0.00,0,11
10/20/2024,RB201,DAM/CAI,Y,145,0,0,0,0,0,7,0.00,0 %,0.00,ACT,0.00,0,145
10/20/2024,RB202,CAI/DAM,C,11,0,0,0,0,0,4,0.00,0 %,0.00,ACT,0.00,0,11
10/20/2024,RB202,CAI/DAM,Y,145,0,0,0,0,0,15,0.00,0 %,0.00,ACT,0.00,0,145
10/20/2024,RB442,VKO/DAM,C,11,0,0,0,0,0,1,0.00,0 %,0.00,ACT,0.00,0,11
10/20/2024,RB442,VKO/DAM,Y,114,0,0,0,0,0,57,0.00,0 %,0.00,ACT,0.00,0,114
10/21/2024,RB515,DAM/DXB,C,11,0,0,0,0,0,0,0.00,0 %,0.00,ACT,0.00,0,11
10/21/2024,RB515,DAM/DXB,Y,145,0,0,0,0,0,7,0.00,0 %,0.00,ACT,0.00,0,145
10/21/2024,RB516,DXB/DAM,C,11,0,0,0,0,0,2,0.00,0 %,0.00,ACT,0.00,0,11
10/21/2024,RB516,DXB/DAM,Y,144,0,0,0,0,0,50,0.00,0 %,0.00,ACT,0.00,0,144
10/21/2024,RB521,DAM/DOH,C,11,0,0,0,0,0,0,0.00,0 %,0.00,ACT,0.00,0,11
10/21/2024,RB521,DAM/DOH,Y,145,0,0,0,0,0,0,0.00,0 %,0.00,ACT,0.00,0,145
10/21/2024,RB522,DOH/DAM,C,11,0,0,0,0,0,5,0.00,0 %,0.00,ACT,0.00,0,11
10/21/2024,RB522,DOH/DAM,Y,145,0,0,0,0,0,105,0.00,0 %,0.00,ACT,0.00,0,145
10/21/2024,RB203,DAM/CAI,C,11,0,0,0,0,0,2,0.00,0 %,0.00,ACT,0.00,0,11
10/21/2024,RB203,DAM/CAI,Y,145,0,0,0,0,0,8,0.00,0 %,0.00,ACT,0.00,0,145
10/22/2024,RB501,DAM/SHJ,C,11,0,0,0,0,0,4,0.00,0 %,0.00,ACT,0.00,0,11
10/22/2024,RB501,DAM/SHJ,Y,145,0,0,0,0,0,6,0.00,0 %,0.00,ACT,0.00,0,145
10/22/2024,RB201,DAM/CAI,C,11,0,0,0,0,0,0,0.00,0 %,0.00,ACT,0.00,0,11
10/22/2024,RB201,DAM/CAI,Y,145,0,0,0,0,0,14,0.00,0 %,0.00,ACT,0.00,0,145
10/22/2024,RB502,SHJ/DAM,C,11,0,0,0,0,0,8,0.00,0 %,0.00,ACT,0.00,0,11
10/22/2024,RB502,SHJ/DAM,Y,145,0,0,0,0,0,91,0.00,0 %,0.00,ACT,0.00,0,145
10/22/2024,RB202,CAI/DAM,C,11,0,0,0,0,0,0,0.00,0 %,0.00,ACT,0.00,0,11
10/22/2024,RB202,CAI/DAM,Y,145,0,0,0,0,0,14,0.00,0 %,0.00,ACT,0.00,0,145
10/22/2024,RB527,DAM/DOH,C,11,0,0,0,0,0,0,0.00,0 %,0.00,ACT,0.00,0,11
10/22/2024,RB527,DAM/DOH,Y,145,0,0,0,0,0,1,0.00,0 %,0.00,ACT,0.00,0,145
10/23/2024,RB389,DAM/RUH,C,11,0,0,0,0,0,2,0.00,0 %,0.00,ACT,0.00,0,11
10/23/2024,RB389,DAM/RUH,Y,145,0,0,0,0,0,47,0.00,0 %,0.00,ACT,0.00,0,145
10/23/2024,RB515,DAM/DXB,C,11,0,0,0,0,0,0,0.00,0 %,0.00,ACT,0.00,0,11
10/23/2024,RB515,DAM/DXB,Y,145,0,0,0,0,0,13,0.00,0 %,0.00,ACT,0.00,0,145
10/23/2024,RB390,RUH/DAM,C,11,0,0,0,0,0,8,0.00,0 %,0.00,ACT,0.00,0,11
10/23/2024,RB390,RUH/DAM,Y,145,0,0,0,0,0,68,0.00,0 %,0.00,ACT,0.00,0,145
10/23/2024,RB521,DAM/DOH,C,11,0,0,0,0,0,0,0.00,0 %,0.00,ACT,0.00,0,11
10/23/2024,RB521,DAM/DOH,Y,145,0,0,0,0,0,5,0.00,0 %,0.00,ACT,0.00,0,145
10/23/2024,RB516,DXB/DAM,C,11,0,0,0,0,0,4,0.00,0 %,0.00,ACT,0.00,0,11
10/23/2024,RB516,DXB/DAM,Y,144,0,0,0,0,0,38,0.00,0 %,0.00,ACT,0.00,0,144
10/23/2024,RB522,DOH/DAM,C,11,0,0,0,0,0,5,0.00,0 %,0.00,ACT,0.00,0,11
10/23/2024,RB522,DOH/DAM,Y,145,0,0,0,0,0,44,0.00,0 %,0.00,ACT,0.00,0,145
10/23/2024,RB201,DAM/CAI,C,11,0,0,0,0,0,4,0.00,0 %,0.00,ACT,0.00,0,11
10/23/2024,RB201,DAM/CAI,Y,145,0,0,0,0,0,9,0.00,0 %,0.00,ACT,0.00,0,145
10/23/2024,RB202,CAI/DAM,C,11,0,0,0,0,0,8,0.00,0 %,0.00,ACT,0.00,0,11
10/23/2024,RB202,CAI/DAM,Y,145,0,0,0,0,0,35,0.00,0 %,0.00,ACT,0.00,0,145
10/24/2024,RB515,DAM/DXB,C,11,0,0,0,0,0,1,0.00,0 %,0.00,ACT,0.00,0,11
10/24/2024,RB515,DAM/DXB,Y,145,0,0,0,0,0,6,0.00,0 %,0.00,ACT,0.00,0,145
10/24/2024,RB341,DAM/KWI,C,11,0,0,0,0,0,11,0.00,0 %,0.00,ACT,0.00,0,11
10/24/2024,RB341,DAM/KWI,Y,145,0,0,0,0,0,18,0.00,0 %,0.00,ACT,0.00,0,145
10/24/2024,RB342,KWI/DAM,C,11,0,0,0,0,0,9,0.00,0 %,0.00,ACT,0.00,0,11
10/24/2024,RB342,KWI/DAM,Y,145,0,0,0,0,0,16,0.00,0 %,0.00,ACT,0.00,0,145
10/24/2024,RB516,DXB/DAM,C,11,0,0,0,0,0,4,0.00,0 %,0.00,ACT,0.00,0,11
10/24/2024,RB516,DXB/DAM,Y,144,0,0,0,0,0,14,0.00,0 %,0.00,ACT,0.00,0,144
10/24/2024,RB201,DAM/CAI,C,11,0,0,0,0,0,2,0.00,0 %,0.00,ACT,0.00,0,11
10/24/2024,RB201,DAM/CAI,Y,145,0,0,0,0,0,14,0.00,0 %,0.00,ACT,0.00,0,145
10/24/2024,RB202,CAI/DAM,C,11,0,0,0,0,0,10,0.00,0 %,0.00,ACT,0.00,0,11
10/24/2024,RB202,CAI/DAM,Y,145,0,0,0,0,0,41,0.00,0 %,0.00,ACT,0.00,0,145
10/25/2024,RB503,DAM/AUH,C,11,0,0,0,0,0,6,0.00,0 %,0.00,ACT,0.00,0,11
10/25/2024,RB503,DAM/AUH,Y,145,0,0,0,0,0,9,0.00,0 %,0.00,ACT,0.00,0,145
10/25/2024,RB201,DAM/CAI,C,11,0,0,0,0,0,5,0.00,0 %,0.00,ACT,0.00,0,11
10/25/2024,RB201,DAM/CAI,Y,145,0,0,0,0,0,17,0.00,0 %,0.00,ACT,0.00,0,145
10/25/2024,RB504,AUH/DAM,C,11,0,0,0,0,0,10,0.00,0 %,0.00,ACT,0.00,0,11
10/25/2024,RB504,AUH/DAM,Y,145,0,0,0,0,0,53,0.00,0 %,0.00,ACT,0.00,0,145
10/25/2024,RB202,CAI/DAM,C,11,0,0,0,0,0,1,0.00,0 %,0.00,ACT,0.00,0,11
10/25/2024,RB202,CAI/DAM,Y,145,0,0,0,0,0,12,0.00,0 %,0.00,ACT,0.00,0,145
10/25/2024,RB389,DAM/RUH,C,11,0,0,0,0,0,8,0.00,0 %,0.00,ACT,0.00,0,11
10/25/2024,RB389,DAM/RUH,Y,145,0,0,0,0,0,15,0.00,0 %,0.00,ACT,0.00,0,145
10/25/2024,RB390,RUH/DAM,C,11,0,0,0,0,0,7,0.00,0 %,0.00,ACT,0.00,0,11
10/25/2024,RB390,RUH/DAM,Y,145,0,0,0,0,0,75,0.00,0 %,0.00,ACT,0.00,0,145
10/26/2024,RB515,DAM/DXB,C,11,0,0,0,0,0,4,0.00,0 %,0.00,ACT,0.00,0,11
10/26/2024,RB515,DAM/DXB,Y,145,0,0,0,0,0,6,0.00,0 %,0.00,ACT,0.00,0,145
10/26/2024,RB201,DAM/CAI,C,11,0,0,0,0,0,2,0.00,0 %,0.00,ACT,0.00,0,11
10/26/2024,RB201,DAM/CAI,Y,145,0,0,0,0,0,22,0.00,0 %,0.00,ACT,0.00,0,145
10/26/2024,RB202,CAI/DAM,C,11,0,0,0,0,0,4,0.00,0 %,0.00,ACT,0.00,0,11
10/26/2024,RB202,CAI/DAM,Y,145,0,0,0,0,0,16,0.00,0 %,0.00,ACT,0.00,0,145
10/26/2024,RB516,DXB/DAM,C,11,0,0,0,0,0,0,0.00,0 %,0.00,ACT,0.00,0,11
10/26/2024,RB516,DXB/DAM,Y,144,0,0,0,0,0,7,0.00,0 %,0.00,ACT,0.00,0,144
10/26/2024,RB521,DAM/DOH,C,11,0,0,0,0,0,3,0.00,0 %,0.00,ACT,0.00,0,11
10/26/2024,RB521,DAM/DOH,Y,145,0,0,0,0,0,18,0.00,0 %,0.00,ACT,0.00,0,145
10/26/2024,RB341,DAM/KWI,C,11,0,0,0,0,0,2,0.00,0 %,0.00,ACT,0.00,0,11
10/26/2024,RB341,DAM/KWI,Y,145,0,0,0,0,0,8,0.00,0 %,0.00,ACT,0.00,0,145
10/26/2024,RB522,DOH/DAM,C,11,0,0,0,0,0,2,0.00,0 %,0.00,ACT,0.00,0,11
10/26/2024,RB522,DOH/DAM,Y,145,0,0,0,0,0,26,0.00,0 %,0.00,ACT,0.00,0,145
10/26/2024,RB342,KWI/DAM,C,11,0,0,0,0,0,11,0.00,0 %,0.00,ACT,0.00,0,11
10/26/2024,RB342,KWI/DAM,Y,145,0,0,0,0,0,32,0.00,0 %,0.00,ACT,0.00,0,145
10/27/2024,RB441,DAM/VKO,C,11,0,0,0,0,0,7,0.00,0 %,0.00,ACT,0.00,0,11
10/27/2024,RB441,DAM/VKO,Y,96,0,0,0,0,0,21,0.00,0 %,0.00,ACT,0.00,0,96
10/27/2024,RB0389,DAM/RUH,C,11,0,0,0,0,0,9,0.00,0 %,0.00,ACT,0.00,0,11
10/27/2024,RB0389,DAM/RUH,Y,145,0,0,0,0,0,76,0.00,0 %,0.00,ACT,0.00,0,145
10/27/2024,RB390,RUH/DAM,C,11,0,0,0,0,0,9,0.00,0 %,0.00,ACT,0.00,0,11
10/27/2024,RB390,RUH/DAM,Y,145,0,0,0,0,0,111,0.00,0 %,0.00,ACT,0.00,0,145
10/27/2024,RB442,VKO/DAM,C,11,0,0,0,0,0,7,0.00,0 %,0.00,ACT,0.00,0,11
10/27/2024,RB442,VKO/DAM,Y,114,0,0,0,0,0,75,0.00,0 %,0.00,ACT,0.00,0,114
10/27/2024,RB201,DAM/CAI,C,11,0,0,0,0,0,1,0.00,0 %,0.00,ACT,0.00,0,11
10/27/2024,RB201,DAM/CAI,Y,145,0,0,0,0,0,7,0.00,0 %,0.00,ACT,0.00,0,145
10/27/2024,RB202,CAI/DAM,C,11,0,0,0,0,0,11,0.00,0 %,0.00,ACT,0.00,0,11
10/27/2024,RB202,CAI/DAM,Y,145,0,0,0,0,0,145,0.00,0 %,0.00,ACT,0.00,0,145
10/28/2024,RB515,DAM/DXB,C,11,0,0,0,0,0,0,0.00,0 %,0.00,ACT,0.00,0,11
10/28/2024,RB515,DAM/DXB,Y,145,0,0,0,0,0,4,0.00,0 %,0.00,ACT,0.00,0,145
10/28/2024,RB201,DAM/CAI,C,11,0,0,0,0,0,2,0.00,0 %,0.00,ACT,0.00,0,11
10/28/2024,RB201,DAM/CAI,Y,145,0,0,0,0,0,2,0.00,0 %,0.00,ACT,0.00,0,145
10/28/2024,RB516,DXB/DAM,C,11,0,0,0,0,0,4,0.00,0 %,0.00,ACT,0.00,0,11
10/28/2024,RB516,DXB/DAM,Y,145,0,0,0,0,0,19,0.00,0 %,0.00,ACT,0.00,0,145
10/28/2024,RB202,CAI/DAM,C,11,0,0,0,0,0,3,0.00,0 %,0.00,ACT,0.00,0,11
10/28/2024,RB202,CAI/DAM,Y,145,0,0,0,0,0,33,0.00,0 %,0.00,ACT,0.00,0,145
10/28/2024,RB521,DAM/DOH,C,11,0,0,0,0,0,2,0.00,0 %,0.00,ACT,0.00,0,11
10/28/2024,RB521,DAM/DOH,Y,145,0,0,0,0,0,0,0.00,0 %,0.00,ACT,0.00,0,145
10/29/2024,RB522,DOH/DAM,C,11,0,0,0,0,0,6,0.00,0 %,0.00,ACT,0.00,0,11
10/29/2024,RB522,DOH/DAM,Y,145,0,0,0,0,0,110,0.00,0 %,0.00,ACT,0.00,0,145
10/29/2024,RB501,DAM/SHJ,C,11,0,0,0,0,0,2,0.00,0 %,0.00,ACT,0.00,0,11
10/29/2024,RB501,DAM/SHJ,Y,145,0,0,0,0,0,4,0.00,0 %,0.00,ACT,0.00,0,145
10/29/2024,RB201,DAM/CAI,C,11,0,0,0,0,0,0,0.00,0 %,0.00,ACT,0.00,0,11
10/29/2024,RB201,DAM/CAI,Y,145,0,0,0,0,0,4,0.00,0 %,0.00,ACT,0.00,0,145
10/29/2024,RB502,SHJ/DAM,C,11,0,0,0,0,0,4,0.00,0 %,0.00,ACT,0.00,0,11
10/29/2024,RB502,SHJ/DAM,Y,145,0,0,0,0,0,87,0.00,0 %,0.00,ACT,0.00,0,145
10/29/2024,RB202,CAI/DAM,C,11,0,0,0,0,0,6,0.00,0 %,0.00,ACT,0.00,0,11
10/29/2024,RB202,CAI/DAM,Y,145,0,0,0,0,0,26,0.00,0 %,0.00,ACT,0.00,0,145
10/30/2024,RB521,DAM/DOH,C,11,0,0,0,0,0,0,0.00,0 %,0.00,ACT,0.00,0,11
10/30/2024,RB521,DAM/DOH,Y,145,0,0,0,0,0,2,0.00,0 %,0.00,ACT,0.00,0,145
10/30/2024,RB515,DAM/DXB,C,11,0,0,0,0,0,0,0.00,0 %,0.00,ACT,0.00,0,11
10/30/2024,RB515,DAM/DXB,Y,145,0,0,0,0,0,8,0.00,0 %,0.00,ACT,0.00,0,145
10/30/2024,RB522,DOH/DAM,C,11,0,0,0,0,0,2,0.00,0 %,0.00,ACT,0.00,0,11
10/30/2024,RB522,DOH/DAM,Y,145,0,0,0,0,0,28,0.00,0 %,0.00,ACT,0.00,0,145
10/30/2024,RB516,DXB/DAM,C,11,0,0,0,0,0,1,0.00,0 %,0.00,ACT,0.00,0,11
10/30/2024,RB516,DXB/DAM,Y,145,0,0,0,0,0,43,0.00,0 %,0.00,ACT,0.00,0,145
10/30/2024,RB203,DAM/CAI,C,11,0,0,0,0,0,0,0.00,0 %,0.00,ACT,0.00,0,11
10/30/2024,RB203,DAM/CAI,Y,145,0,0,0,0,0,0,0.00,0 %,0.00,ACT,0.00,0,145
10/30/2024,RB204,CAI/DAM,C,11,0,0,0,0,0,5,0.00,0 %,0.00,ACT,0.00,0,11
10/30/2024,RB204,CAI/DAM,Y,145,0,0,0,0,0,56,0.00,0 %,0.00,ACT,0.00,0,145
10/31/2024,RB515,DAM/DXB,C,11,0,0,0,0,0,1,0.00,0 %,0.00,ACT,0.00,0,11
10/31/2024,RB515,DAM/DXB,Y,145,0,0,0,0,0,0,0.00,0 %,0.00,ACT,0.00,0,145
10/31/2024,RB341,DAM/KWI,C,11,0,0,0,0,0,11,0.00,0 %,0.00,ACT,0.00,0,11
10/31/2024,RB341,DAM/KWI,Y,145,0,0,0,0,0,5,0.00,0 %,0.00,ACT,0.00,0,145
10/31/2024,RB342,KWI/DAM,C,11,0,0,0,0,0,11,0.00,0 %,0.00,ACT,0.00,0,11
10/31/2024,RB342,KWI/DAM,Y,145,0,0,0,0,0,16,0.00,0 %,0.00,ACT,0.00,0,145
10/31/2024,RB516,DXB/DAM,C,11,0,0,0,0,0,0,0.00,0 %,0.00,ACT,0.00,0,11
10/31/2024,RB516,DXB/DAM,Y,145,0,0,0,0,0,9,0.00,0 %,0.00,ACT,0.00,0,145
10/31/2024,RB201,DAM/CAI,C,11,0,0,0,0,0,3,0.00,0 %,0.00,ACT,0.00,0,11
10/31/2024,RB201,DAM/CAI,Y,145,0,0,0,0,0,5,0.00,0 %,0.00,ACT,0.00,0,145
10/31/2024,RB202,CAI/DAM,C,11,0,0,0,0,0,5,0.00,0 %,0.00,ACT,0.00,0,11
10/31/2024,RB202,CAI/DAM,Y,145,0,0,0,0,0,6,0.00,0 %,0.00,ACT,0.00,0,145
11/01/2024,RB521,DAM/DOH,C,11,0,0,0,0,0,3,0.00,0 %,0.00,ACT,0.00,0,11
11/01/2024,RB521,DAM/DOH,Y,145,0,0,0,0,0,6,0.00,0 %,0.00,ACT,0.00,0,145
11/01/2024,RB503,DAM/AUH,C,11,0,0,0,0,0,0,0.00,0 %,0.00,ACT,0.00,0,11
11/01/2024,RB503,DAM/AUH,Y,145,0,0,0,0,0,0,0.00,0 %,0.00,ACT,0.00,0,145
11/01/2024,RB0389,DAM/RUH,C,11,0,0,0,0,0,2,0.00,0 %,0.00,ACT,0.00,0,11
11/01/2024,RB0389,DAM/RUH,Y,145,0,0,0,0,0,10,0.00,0 %,0.00,ACT,0.00,0,145
11/01/2024,RB504,AUH/DAM,C,11,0,0,0,0,0,6,0.00,0 %,0.00,ACT,0.00,0,11
11/01/2024,RB504,AUH/DAM,Y,145,0,0,0,0,0,13,0.00,0 %,0.00,ACT,0.00,0,145
11/01/2024,RB390,RUH/DAM,C,11,0,0,0,0,0,6,0.00,0 %,0.00,ACT,0.00,0,11
11/01/2024,RB390,RUH/DAM,Y,145,0,0,0,0,0,52,0.00,0 %,0.00,ACT,0.00,0,145
11/02/2024,RB201,DAM/CAI,C,11,0,0,0,0,0,0,0.00,0 %,0.00,ACT,0.00,0,11
11/02/2024,RB201,DAM/CAI,Y,145,0,0,0,0,0,11,0.00,0 %,0.00,ACT,0.00,0,145
11/02/2024,RB202,CAI/DAM,C,11,0,0,0,0,0,1,0.00,0 %,0.00,ACT,0.00,0,11
11/02/2024,RB202,CAI/DAM,Y,145,0,0,0,0,0,9,0.00,0 %,0.00,ACT,0.00,0,145
11/02/2024,RB515,DAM/DXB,C,11,0,0,0,0,0,0,0.00,0 %,0.00,ACT,0.00,0,11
11/02/2024,RB515,DAM/DXB,Y,145,0,0,0,0,0,5,0.00,0 %,0.00,ACT,0.00,0,145
11/02/2024,RB521,DAM/DOH,C,11,0,0,0,0,0,3,0.00,0 %,0.00,ACT,0.00,0,11
11/02/2024,RB521,DAM/DOH,Y,145,0,0,0,0,0,5,0.00,0 %,0.00,ACT,0.00,0,145
11/02/2024,RB516,DXB/DAM,C,11,0,0,0,0,0,0,0.00,0 %,0.00,ACT,0.00,0,11
11/02/2024,RB516,DXB/DAM,Y,145,0,0,0,0,0,0,0.00,0 %,0.00,ACT,0.00,0,145
11/02/2024,RB522,DOH/DAM,C,11,0,0,0,0,0,0,0.00,0 %,0.00,ACT,0.00,0,11
11/02/2024,RB522,DOH/DAM,Y,145,0,0,0,0,0,42,0.00,0 %,0.00,ACT,0.00,0,145
11/02/2024,RB341,DAM/KWI,C,11,0,0,0,0,0,9,0.00,0 %,0.00,ACT,0.00,0,11
11/02/2024,RB341,DAM/KWI,Y,145,0,0,0,0,0,7,0.00,0 %,0.00,ACT,0.00,0,145
11/02/2024,RB342,KWI/DAM,C,11,0,0,0,0,0,9,0.00,0 %,0.00,ACT,0.00,0,11
11/02/2024,RB342,KWI/DAM,Y,145,0,0,0,0,0,64,0.00,0 %,0.00,ACT,0.00,0,145
11/03/2024,RB441,DAM/VKO,C,11,0,0,0,0,0,5,0.00,0 %,0.00,ACT,0.00,0,11
11/03/2024,RB441,DAM/VKO,Y,96,0,0,0,0,0,37,0.00,0 %,0.00,ACT,0.00,0,96
11/03/2024,RB0389,DAM/RUH,C,11,0,0,0,0,0,2,0.00,0 %,0.00,ACT,0.00,0,11
11/03/2024,RB0389,DAM/RUH,Y,145,0,0,0,0,0,83,0.00,0 %,0.00,ACT,0.00,0,145
11/03/2024,RB390,RUH/DAM,C,11,0,0,0,0,0,8,0.00,0 %,0.00,ACT,0.00,0,11
11/03/2024,RB390,RUH/DAM,Y,145,0,0,0,0,0,83,0.00,0 %,0.00,ACT,0.00,0,145
11/03/2024,RB442,VKO/DAM,C,11,0,0,0,0,0,7,0.00,0 %,0.00,ACT,0.00,0,11
11/03/2024,RB442,VKO/DAM,Y,114,0,0,0,0,0,82,0.00,0 %,0.00,ACT,0.00,0,114
11/03/2024,RB201,DAM/CAI,C,11,0,0,0,0,0,2,0.00,0 %,0.00,ACT,0.00,0,11
11/03/2024,RB201,DAM/CAI,Y,145,0,0,0,0,0,7,0.00,0 %,0.00,ACT,0.00,0,145
11/03/2024,RB202,CAI/DAM,C,11,0,0,0,0,0,11,0.00,0 %,0.00,ACT,0.00,0,11
11/03/2024,RB202,CAI/DAM,Y,145,0,0,0,0,0,145,0.00,0 %,0.00,ACT,0.00,0,145
11/04/2024,RB515,DAM/DXB,C,11,0,0,0,0,0,2,0.00,0 %,0.00,ACT,0.00,0,11
11/04/2024,RB515,DAM/DXB,Y,144,0,0,0,0,0,0,0.00,0 %,0.00,ACT,0.00,0,144
11/04/2024,RB201,DAM/CAI,C,11,0,0,0,0,0,0,0.00,0 %,0.00,ACT,0.00,0,11
11/04/2024,RB201,DAM/CAI,Y,145,0,0,0,0,0,13,0.00,0 %,0.00,ACT,0.00,0,145
11/04/2024,RB516,DXB/DAM,C,11,0,0,0,0,0,0,0.00,0 %,0.00,ACT,0.00,0,11
11/04/2024,RB516,DXB/DAM,Y,144,0,0,0,0,0,0,0.00,0 %,0.00,ACT,0.00,0,144
11/04/2024,RB202,CAI/DAM,C,11,0,0,0,0,0,2,0.00,0 %,0.00,ACT,0.00,0,11
11/04/2024,RB202,CAI/DAM,Y,145,0,0,0,0,0,3,0.00,0 %,0.00,ACT,0.00,0,145
11/04/2024,RB521,DAM/DOH,C,11,0,0,0,0,0,4,0.00,0 %,0.00,ACT,0.00,0,11
11/04/2024,RB521,DAM/DOH,Y,145,0,0,0,0,0,3,0.00,0 %,0.00,ACT,0.00,0,145
11/05/2024,RB501,DAM/SHJ,C,11,0,0,0,0,0,0,0.00,0 %,0.00,ACT,0.00,0,11
11/05/2024,RB501,DAM/SHJ,Y,144,0,0,0,0,0,1,0.00,0 %,0.00,ACT,0.00,0,144
11/05/2024,RB201,DAM/CAI,C,11,0,0,0,0,0,0,0.00,0 %,0.00,ACT,0.00,0,11
11/05/2024,RB201,DAM/CAI,Y,145,0,0,0,0,0,8,0.00,0 %,0.00,ACT,0.00,0,145
11/05/2024,RB502,SHJ/DAM,C,11,0,0,0,0,0,8,0.00,0 %,0.00,ACT,0.00,0,11
11/05/2024,RB502,SHJ/DAM,Y,144,0,0,0,0,0,48,0.00,0 %,0.00,ACT,0.00,0,144
11/05/2024,RB202,CAI/DAM,C,11,0,0,0,0,0,7,0.00,0 %,0.00,ACT,0.00,0,11
11/05/2024,RB202,CAI/DAM,Y,145,0,0,0,0,0,13,0.00,0 %,0.00,ACT,0.00,0,145
11/06/2024,RB521,DAM/DOH,C,11,0,0,0,0,0,3,0.00,0 %,0.00,ACT,0.00,0,11
11/06/2024,RB521,DAM/DOH,Y,145,0,0,0,0,0,5,0.00,0 %,0.00,ACT,0.00,0,145
11/06/2024,RB515,DAM/DXB,C,11,0,0,0,0,0,2,0.00,0 %,0.00,ACT,0.00,0,11
11/06/2024,RB515,DAM/DXB,Y,144,0,0,0,0,0,3,0.00,0 %,0.00,ACT,0.00,0,144
11/06/2024,RB522,DOH/DAM,C,11,0,0,0,0,0,4,0.00,0 %,0.00,ACT,0.00,0,11
11/06/2024,RB522,DOH/DAM,Y,145,0,0,0,0,0,41,0.00,0 %,0.00,ACT,0.00,0,145
11/06/2024,RB389,DAM/RUH,C,11,0,0,0,0,0,11,0.00,0 %,0.00,ACT,0.00,0,11
11/06/2024,RB389,DAM/RUH,Y,145,0,0,0,0,0,145,0.00,0 %,0.00,ACT,0.00,0,145
11/06/2024,RB516,DXB/DAM,C,11,0,0,0,0,0,3,0.00,0 %,0.00,ACT,0.00,0,11
11/06/2024,RB516,DXB/DAM,Y,144,0,0,0,0,0,32,0.00,0 %,0.00,ACT,0.00,0,144
11/06/2024,RB381,DAM/JED,C,11,0,0,0,0,0,11,0.00,0 %,0.00,ACT,0.00,0,11
11/06/2024,RB381,DAM/JED,Y,145,0,0,0,0,0,145,0.00,0 %,0.00,ACT,0.00,0,145
11/06/2024,RB390,RUH/DAM,C,11,0,0,0,0,0,11,0.00,0 %,0.00,ACT,0.00,0,11
11/06/2024,RB390,RUH/DAM,Y,145,0,0,0,0,0,145,0.00,0 %,0.00,ACT,0.00,0,145
11/06/2024,RB382,JED/DAM,C,11,0,0,0,0,0,11,0.00,0 %,0.00,ACT,0.00,0,11
11/06/2024,RB382,JED/DAM,Y,145,0,0,0,0,0,145,0.00,0 %,0.00,ACT,0.00,0,145
11/07/2024,RB381,DAM/JED,C,11,0,0,0,0,0,7,0.00,0 %,0.00,ACT,0.00,0,11
11/07/2024,RB381,DAM/JED,Y,145,0,0,0,0,0,64,0.00,0 %,0.00,ACT,0.00,0,145
11/07/2024,RB515,DAM/DXB,C,11,0,0,0,0,0,2,0.00,0 %,0.00,ACT,0.00,0,11
11/07/2024,RB515,DAM/DXB,Y,144,0,0,0,0,0,2,0.00,0 %,0.00,ACT,0.00,0,144
11/07/2024,RB382,JED/DAM,C,11,0,0,0,0,0,0,0.00,0 %,0.00,ACT,0.00,0,11
11/07/2024,RB382,JED/DAM,Y,145,0,0,0,0,0,50,0.00,0 %,0.00,ACT,0.00,0,145
11/07/2024,RB516,DXB/DAM,C,11,0,0,0,0,0,0,0.00,0 %,0.00,ACT,0.00,0,11
11/07/2024,RB516,DXB/DAM,Y,144,0,0,0,0,0,1,0.00,0 %,0.00,ACT,0.00,0,144
11/07/2024,RB341,DAM/KWI,C,11,0,0,0,0,0,10,0.00,0 %,0.00,ACT,0.00,0,11
11/07/2024,RB341,DAM/KWI,Y,145,0,0,0,0,0,19,0.00,0 %,0.00,ACT,0.00,0,145
11/07/2024,RB201,DAM/CAI,C,11,0,0,0,0,0,0,0.00,0 %,0.00,ACT,0.00,0,11
11/07/2024,RB201,DAM/CAI,Y,145,0,0,0,0,0,2,0.00,0 %,0.00,ACT,0.00,0,145
11/07/2024,RB342,KWI/DAM,C,11,0,0,0,0,0,5,0.00,0 %,0.00,ACT,0.00,0,11
11/07/2024,RB342,KWI/DAM,Y,145,0,0,0,0,0,1,0.00,0 %,0.00,ACT,0.00,0,145
11/07/2024,RB202,CAI/DAM,C,11,0,0,0,0,0,0,0.00,0 %,0.00,ACT,0.00,0,11
11/07/2024,RB202,CAI/DAM,Y,145,0,0,0,0,0,5,0.00,0 %,0.00,ACT,0.00,0,145
11/08/2024,RB521,DAM/DOH,C,11,0,0,0,0,0,1,0.00,0 %,0.00,ACT,0.00,0,11
11/08/2024,RB521,DAM/DOH,Y,145,0,0,0,0,0,4,0.00,0 %,0.00,ACT,0.00,0,145
11/08/2024,RB503,DAM/AUH,C,11,0,0,0,0,0,4,0.00,0 %,0.00,ACT,0.00,0,11
11/08/2024,RB503,DAM/AUH,Y,144,0,0,0,0,0,3,0.00,0 %,0.00,ACT,0.00,0,144
11/08/2024,RB389,DAM/RUH,C,11,0,0,0,0,0,0,0.00,0 %,0.00,ACT,0.00,0,11
11/08/2024,RB389,DAM/RUH,Y,145,0,0,0,0,0,12,0.00,0 %,0.00,ACT,0.00,0,145
11/08/2024,RB504,AUH/DAM,C,11,0,0,0,0,0,3,0.00,0 %,0.00,ACT,0.00,0,11
11/08/2024,RB504,AUH/DAM,Y,144,0,0,0,0,0,62,0.00,0 %,0.00,ACT,0.00,0,144
11/08/2024,RB390,RUH/DAM,C,11,0,0,0,0,0,0,0.00,0 %,0.00,ACT,0.00,0,11
11/08/2024,RB390,RUH/DAM,Y,145,0,0,0,0,0,1,0.00,0 %,0.00,ACT,0.00,0,145
11/08/2024,RB203,DAM/CAI,C,11,0,0,0,0,0,1,0.00,0 %,0.00,ACT,0.00,0,11
11/08/2024,RB203,DAM/CAI,Y,145,0,0,0,0,0,0,0.00,0 %,0.00,ACT,0.00,0,145
11/08/2024,RB204,CAI/DAM,C,11,0,0,0,0,0,7,0.00,0 %,0.00,ACT,0.00,0,11
11/08/2024,RB204,CAI/DAM,Y,145,0,0,0,0,0,72,0.00,0 %,0.00,ACT,0.00,0,145
11/09/2024,RB521,DAM/DOH,C,11,0,0,0,0,0,3,0.00,0 %,0.00,ACT,0.00,0,11
11/09/2024,RB521,DAM/DOH,Y,145,0,0,0,0,0,6,0.00,0 %,0.00,ACT,0.00,0,145
11/09/2024,RB515,DAM/DXB,C,11,0,0,0,0,0,0,0.00,0 %,0.00,ACT,0.00,0,11
11/09/2024,RB515,DAM/DXB,Y,144,0,0,0,0,0,7,0.00,0 %,0.00,ACT,0.00,0,144
11/09/2024,RB522,DOH/DAM,C,11,0,0,0,0,0,3,0.00,0 %,0.00,ACT,0.00,0,11
11/09/2024,RB522,DOH/DAM,Y,145,0,0,0,0,0,59,0.00,0 %,0.00,ACT,0.00,0,145
11/09/2024,RB516,DXB/DAM,C,11,0,0,0,0,0,1,0.00,0 %,0.00,ACT,0.00,0,11
11/09/2024,RB516,DXB/DAM,Y,144,0,0,0,0,0,11,0.00,0 %,0.00,ACT,0.00,0,144
11/09/2024,RB341,DAM/KWI,C,11,0,0,0,0,0,7,0.00,0 %,0.00,ACT,0.00,0,11
11/09/2024,RB341,DAM/KWI,Y,145,0,0,0,0,0,8,0.00,0 %,0.00,ACT,0.00,0,145
11/09/2024,RB201,DAM/CAI,C,11,0,0,0,0,0,3,0.00,0 %,0.00,ACT,0.00,0,11
11/09/2024,RB201,DAM/CAI,Y,145,0,0,0,0,0,9,0.00,0 %,0.00,ACT,0.00,0,145
11/09/2024,RB342,KWI/DAM,C,11,0,0,0,0,0,10,0.00,0 %,0.00,ACT,0.00,0,11
11/09/2024,RB342,KWI/DAM,Y,145,0,0,0,0,0,57,0.00,0 %,0.00,ACT,0.00,0,145
11/09/2024,RB202,CAI/DAM,C,11,0,0,0,0,0,0,0.00,0 %,0.00,ACT,0.00,0,11
11/09/2024,RB202,CAI/DAM,Y,145,0,0,0,0,0,0,0.00,0 %,0.00,ACT,0.00,0,145
11/10/2024,RB441,DAM/VKO,C,11,0,0,0,0,0,11,0.00,0 %,0.00,ACT,0.00,0,11
11/10/2024,RB441,DAM/VKO,Y,96,0,0,0,0,0,52,0.00,0 %,0.00,ACT,0.00,0,96
11/10/2024,RB442,VKO/DAM,C,11,0,0,0,0,0,4,0.00,0 %,0.00,ACT,0.00,0,11
11/10/2024,RB442,VKO/DAM,Y,114,0,0,0,0,0,62,0.00,0 %,0.00,ACT,0.00,0,114
11/10/2024,RB0517,DAM/DXB,C,11,0,0,0,0,0,0,0.00,0 %,0.00,ACT,0.00,0,11
11/10/2024,RB0517,DAM/DXB,Y,144,0,0,0,0,0,5,0.00,0 %,0.00,ACT,0.00,0,144
11/11/2024,RB518,DXB/DAM,C,11,0,0,0,0,0,6,0.00,0 %,0.00,ACT,0.00,0,11
11/11/2024,RB518,DXB/DAM,Y,144,0,0,0,0,0,86,0.00,0 %,0.00,ACT,0.00,0,144
11/11/2024,RB515,DAM/DXB,C,11,0,0,0,0,0,2,0.00,0 %,0.00,ACT,0.00,0,11
11/11/2024,RB515,DAM/DXB,Y,144,0,0,0,0,0,12,0.00,0 %,0.00,ACT,0.00,0,144
11/11/2024,RB516,DXB/DAM,C,11,0,0,0,0,0,1,0.00,0 %,0.00,ACT,0.00,0,11
11/11/2024,RB516,DXB/DAM,Y,144,0,0,0,0,0,10,0.00,0 %,0.00,ACT,0.00,0,144
11/11/2024,RB381,DAM/JED,C,11,0,0,0,0,0,4,0.00,0 %,0.00,ACT,0.00,0,11
11/11/2024,RB381,DAM/JED,Y,145,0,0,0,0,0,58,0.00,0 %,0.00,ACT,0.00,0,145
11/11/2024,RB521,DAM/DOH,C,11,0,0,0,0,0,3,0.00,0 %,0.00,ACT,0.00,0,11
11/11/2024,RB521,DAM/DOH,Y,145,0,0,0,0,0,3,0.00,0 %,0.00,ACT,0.00,0,145
11/11/2024,RB382,JED/DAM,C,11,0,0,0,0,0,9,0.00,0 %,0.00,ACT,0.00,0,11
11/11/2024,RB382,JED/DAM,Y,145,0,0,0,0,0,93,0.00,0 %,0.00,ACT,0.00,0,145
11/12/2024,RB201,DAM/CAI,C,11,0,0,0,0,0,2,0.00,0 %,0.00,ACT,0.00,0,11
11/12/2024,RB201,DAM/CAI,Y,145,0,0,0,0,0,16,0.00,0 %,0.00,ACT,0.00,0,145
11/12/2024,RB202,CAI/DAM,C,11,0,0,0,0,0,1,0.00,0 %,0.00,ACT,0.00,0,11
11/12/2024,RB202,CAI/DAM,Y,145,0,0,0,0,0,1,0.00,0 %,0.00,ACT,0.00,0,145
11/12/2024,RB389,DAM/RUH,C,11,0,0,0,0,0,1,0.00,0 %,0.00,ACT,0.00,0,11
11/12/2024,RB389,DAM/RUH,Y,145,0,0,0,0,0,58,0.00,0 %,0.00,ACT,0.00,0,145
11/12/2024,RB501,DAM/SHJ,C,11,0,0,0,0,0,1,0.00,0 %,0.00,ACT,0.00,0,11
11/12/2024,RB501,DAM/SHJ,Y,144,0,0,0,0,0,4,0.00,0 %,0.00,ACT,0.00,0,144
11/12/2024,RB390,RUH/DAM,C,11,0,0,0,0,0,2,0.00,0 %,0.00,ACT,0.00,0,11
11/12/2024,RB390,RUH/DAM,Y,145,0,0,0,0,0,60,0.00,0 %,0.00,ACT,0.00,0,145
11/12/2024,RB502,SHJ/DAM,C,11,0,0,0,0,0,3,0.00,0 %,0.00,ACT,0.00,0,11
11/12/2024,RB502,SHJ/DAM,Y,144,0,0,0,0,0,91,0.00,0 %,0.00,ACT,0.00,0,144
11/12/2024,RB203,DAM/CAI,C,11,0,0,0,0,0,2,0.00,0 %,0.00,ACT,0.00,0,11
11/12/2024,RB203,DAM/CAI,Y,145,0,0,0,0,0,1,0.00,0 %,0.00,ACT,0.00,0,145
11/12/2024,RB204,CAI/DAM,C,11,0,0,0,0,0,1,0.00,0 %,0.00,ACT,0.00,0,11
11/12/2024,RB204,CAI/DAM,Y,145,0,0,0,0,0,29,0.00,0 %,0.00,ACT,0.00,0,145
11/13/2024,RB521,DAM/DOH,C,11,0,0,0,0,0,2,0.00,0 %,0.00,ACT,0.00,0,11
11/13/2024,RB521,DAM/DOH,Y,145,0,0,0,0,0,2,0.00,0 %,0.00,ACT,0.00,0,145
11/13/2024,RB515,DAM/DXB,C,11,0,0,0,0,0,0,0.00,0 %,0.00,ACT,0.00,0,11
11/13/2024,RB515,DAM/DXB,Y,144,0,0,0,0,0,1,0.00,0 %,0.00,ACT,0.00,0,144
11/13/2024,RB522,DOH/DAM,C,11,0,0,0,0,0,1,0.00,0 %,0.00,ACT,0.00,0,11
11/13/2024,RB522,DOH/DAM,Y,145,0,0,0,0,0,61,0.00,0 %,0.00,ACT,0.00,0,145
11/13/2024,RB516,DXB/DAM,C,11,0,0,0,0,0,0,0.00,0 %,0.00,ACT,0.00,0,11
11/13/2024,RB516,DXB/DAM,Y,144,0,0,0,0,0,31,0.00,0 %,0.00,ACT,0.00,0,144
11/14/2024,RB381,DAM/JED,C,11,0,0,0,0,0,8,0.00,0 %,0.00,ACT,0.00,0,11
11/14/2024,RB381,DAM/JED,Y,145,0,0,0,0,0,48,0.00,0 %,0.00,ACT,0.00,0,145
11/14/2024,RB515,DAM/DXB,C,11,0,0,0,0,0,2,0.00,0 %,0.00,ACT,0.00,0,11
11/14/2024,RB515,DAM/DXB,Y,144,0,0,0,0,0,0,0.00,0 %,0.00,ACT,0.00,0,144
11/14/2024,RB382,JED/DAM,C,11,0,0,0,0,0,9,0.00,0 %,0.00,ACT,0.00,0,11
11/14/2024,RB382,JED/DAM,Y,145,0,0,0,0,0,100,0.00,0 %,0.00,ACT,0.00,0,145
11/14/2024,RB516,DXB/DAM,C,11,0,0,0,0,0,3,0.00,0 %,0.00,ACT,0.00,0,11
11/14/2024,RB516,DXB/DAM,Y,144,0,0,0,0,0,19,0.00,0 %,0.00,ACT,0.00,0,144
11/14/2024,RB341,DAM/KWI,C,11,0,0,0,0,0,0,0.00,0 %,0.00,ACT,0.00,0,11
11/14/2024,RB341,DAM/KWI,Y,145,0,0,0,0,0,1,0.00,0 %,0.00,ACT,0.00,0,145
11/14/2024,RB201,DAM/CAI,C,11,0,0,0,0,0,1,0.00,0 %,0.00,ACT,0.00,0,11
11/14/2024,RB201,DAM/CAI,Y,145,0,0,0,0,0,6,0.00,0 %,0.00,ACT,0.00,0,145
11/14/2024,RB342,KWI/DAM,C,11,0,0,0,0,0,11,0.00,0 %,0.00,ACT,0.00,0,11
11/14/2024,RB342,KWI/DAM,Y,145,0,0,0,0,0,25,0.00,0 %,0.00,ACT,0.00,0,145
11/14/2024,RB202,CAI/DAM,C,11,0,0,0,0,0,3,0.00,0 %,0.00,ACT,0.00,0,11
11/14/2024,RB202,CAI/DAM,Y,145,0,0,0,0,0,2,0.00,0 %,0.00,ACT,0.00,0,145
11/15/2024,RB201,DAM/CAI,C,11,0,0,0,0,0,2,0.00,0 %,0.00,ACT,0.00,0,11
11/15/2024,RB201,DAM/CAI,Y,145,0,0,0,0,0,3,0.00,0 %,0.00,ACT,0.00,0,145
11/15/2024,RB202,CAI/DAM,C,11,0,0,0,0,0,4,0.00,0 %,0.00,ACT,0.00,0,11
11/15/2024,RB202,CAI/DAM,Y,145,0,0,0,0,0,42,0.00,0 %,0.00,ACT,0.00,0,145
11/15/2024,RB503,DAM/AUH,C,11,0,0,0,0,0,4,0.00,0 %,0.00,ACT,0.00,0,11
11/15/2024,RB503,DAM/AUH,Y,144,0,0,0,0,0,5,0.00,0 %,0.00,ACT,0.00,0,144
11/15/2024,RB389,DAM/RUH,C,11,0,0,0,0,0,0,0.00,0 %,0.00,ACT,0.00,0,11
11/15/2024,RB389,DAM/RUH,Y,145,0,0,0,0,0,4,0.00,0 %,0.00,ACT,0.00,0,145
11/15/2024,RB504,AUH/DAM,C,11,0,0,0,0,0,5,0.00,0 %,0.00,ACT,0.00,0,11
11/15/2024,RB504,AUH/DAM,Y,144,0,0,0,0,0,47,0.00,0 %,0.00,ACT,0.00,0,144
11/15/2024,RB390,RUH/DAM,C,11,0,0,0,0,0,0,0.00,0 %,0.00,ACT,0.00,0,11
11/15/2024,RB390,RUH/DAM,Y,145,0,0,0,0,0,71,0.00,0 %,0.00,ACT,0.00,0,145
11/16/2024,RB521,DAM/DOH,C,11,0,0,0,0,0,0,0.00,0 %,0.00,ACT,0.00,0,11
11/16/2024,RB521,DAM/DOH,Y,145,0,0,0,0,0,3,0.00,0 %,0.00,ACT,0.00,0,145
11/16/2024,RB515,DAM/DXB,C,11,0,0,0,0,0,0,0.00,0 %,0.00,ACT,0.00,0,11
11/16/2024,RB515,DAM/DXB,Y,144,0,0,0,0,0,0,0.00,0 %,0.00,ACT,0.00,0,144
11/16/2024,RB522,DOH/DAM,C,11,0,0,0,0,0,1,0.00,0 %,0.00,ACT,0.00,0,11
11/16/2024,RB522,DOH/DAM,Y,145,0,0,0,0,0,74,0.00,0 %,0.00,ACT,0.00,0,145
11/16/2024,RB516,DXB/DAM,C,11,0,0,0,0,0,2,0.00,0 %,0.00,ACT,0.00,0,11
11/16/2024,RB516,DXB/DAM,Y,144,0,0,0,0,0,3,0.00,0 %,0.00,ACT,0.00,0,144
11/16/2024,RB341,DAM/KWI,C,11,0,0,0,0,0,8,0.00,0 %,0.00,ACT,0.00,0,11
11/16/2024,RB341,DAM/KWI,Y,145,0,0,0,0,0,28,0.00,0 %,0.00,ACT,0.00,0,145
11/16/2024,RB201,DAM/CAI,C,11,0,0,0,0,0,1,0.00,0 %,0.00,ACT,0.00,0,11
11/16/2024,RB201,DAM/CAI,Y,145,0,0,0,0,0,5,0.00,0 %,0.00,ACT,0.00,0,145
11/16/2024,RB342,KWI/DAM,C,11,0,0,0,0,0,9,0.00,0 %,0.00,ACT,0.00,0,11
11/16/2024,RB342,KWI/DAM,Y,145,0,0,0,0,0,80,0.00,0 %,0.00,ACT,0.00,0,145
11/16/2024,RB202,CAI/DAM,C,11,0,0,0,0,0,2,0.00,0 %,0.00,ACT,0.00,0,11
11/16/2024,RB202,CAI/DAM,Y,145,0,0,0,0,0,18,0.00,0 %,0.00,ACT,0.00,0,145
11/17/2024,RB441,DAM/VKO,C,11,0,0,0,0,0,5,0.00,0 %,0.00,ACT,0.00,0,11
11/17/2024,RB441,DAM/VKO,Y,96,0,0,0,0,0,30,0.00,0 %,0.00,ACT,0.00,0,96
11/17/2024,RB389,DAM/RUH,C,11,0,0,0,0,0,1,0.00,0 %,0.00,ACT,0.00,0,11
11/17/2024,RB389,DAM/RUH,Y,145,0,0,0,0,0,35,0.00,0 %,0.00,ACT,0.00,0,145
11/17/2024,RB390,RUH/DAM,C,11,0,0,0,0,0,4,0.00,0 %,0.00,ACT,0.00,0,11
11/17/2024,RB390,RUH/DAM,Y,145,0,0,0,0,0,51,0.00,0 %,0.00,ACT,0.00,0,145
11/17/2024,RB442,VKO/DAM,C,11,0,0,0,0,0,7,0.00,0 %,0.00,ACT,0.00,0,11
11/17/2024,RB442,VKO/DAM,Y,114,0,0,0,0,0,74,0.00,0 %,0.00,ACT,0.00,0,114
11/17/2024,RB517,DAM/DXB,C,11,0,0,0,0,0,1,0.00,0 %,0.00,ACT,0.00,0,11
11/17/2024,RB517,DAM/DXB,Y,144,0,0,0,0,0,2,0.00,0 %,0.00,ACT,0.00,0,144
11/18/2024,RB518,DXB/DAM,C,11,0,0,0,0,0,2,0.00,0 %,0.00,ACT,0.00,0,11
11/18/2024,RB518,DXB/DAM,Y,144,0,0,0,0,0,71,0.00,0 %,0.00,ACT,0.00,0,144
11/18/2024,RB515,DAM/DXB,C,11,0,0,0,0,0,2,0.00,0 %,0.00,ACT,0.00,0,11
11/18/2024,RB515,DAM/DXB,Y,144,0,0,0,0,0,4,0.00,0 %,0.00,ACT,0.00,0,144
11/18/2024,RB201,DAM/CAI,C,11,0,0,0,0,0,0,0.00,0 %,0.00,ACT,0.00,0,11
11/18/2024,RB201,DAM/CAI,Y,145,0,0,0,0,0,7,0.00,0 %,0.00,ACT,0.00,0,145
11/18/2024,RB516,DXB/DAM,C,11,0,0,0,0,0,2,0.00,0 %,0.00,ACT,0.00,0,11
11/18/2024,RB516,DXB/DAM,Y,144,0,0,0,0,0,29,0.00,0 %,0.00,ACT,0.00,0,144
11/18/2024,RB202,CAI/DAM,C,11,0,0,0,0,0,1,0.00,0 %,0.00,ACT,0.00,0,11
11/18/2024,RB202,CAI/DAM,Y,145,0,0,0,0,0,1,0.00,0 %,0.00,ACT,0.00,0,145
11/18/2024,RB381,DAM/JED,C,11,0,0,0,0,0,8,0.00,0 %,0.00,ACT,0.00,0,11
11/18/2024,RB381,DAM/JED,Y,145,0,0,0,0,0,57,0.00,0 %,0.00,ACT,0.00,0,145
11/18/2024,RB0521,DAM/DOH,C,11,0,0,0,0,0,8,0.00,0 %,0.00,ACT,0.00,0,11
11/18/2024,RB0521,DAM/DOH,Y,145,0,0,0,0,0,31,0.00,0 %,0.00,ACT,0.00,0,145
11/18/2024,RB382,JED/DAM,C,11,0,0,0,0,0,3,0.00,0 %,0.00,ACT,0.00,0,11
11/18/2024,RB382,JED/DAM,Y,145,0,0,0,0,0,107,0.00,0 %,0.00,ACT,0.00,0,145
11/19/2024,RB501,DAM/SHJ,C,11,0,0,0,0,0,0,0.00,0 %,0.00,ACT,0.00,0,11
11/19/2024,RB501,DAM/SHJ,Y,144,0,0,0,0,0,3,0.00,0 %,0.00,ACT,0.00,0,144
11/19/2024,RB503,DAM/AUH,C,11,0,0,0,0,0,10,0.00,0 %,0.00,ACT,0.00,0,11
11/19/2024,RB503,DAM/AUH,Y,144,0,0,0,0,0,2,0.00,0 %,0.00,ACT,0.00,0,144
11/19/2024,RB502,SHJ/DAM,C,11,0,0,0,0,0,4,0.00,0 %,0.00,ACT,0.00,0,11
11/19/2024,RB502,SHJ/DAM,Y,144,0,0,0,0,0,81,0.00,0 %,0.00,ACT,0.00,0,144
11/19/2024,RB504,AUH/DAM,C,11,0,0,0,0,0,11,0.00,0 %,0.00,ACT,0.00,0,11
11/19/2024,RB504,AUH/DAM,Y,144,0,0,0,0,0,111,0.00,0 %,0.00,ACT,0.00,0,144
11/19/2024,RB201,DAM/CAI,C,11,0,0,0,0,0,0,0.00,0 %,0.00,ACT,0.00,0,11
11/19/2024,RB201,DAM/CAI,Y,145,0,0,0,0,0,5,0.00,0 %,0.00,ACT,0.00,0,145
11/19/2024,RB202,CAI/DAM,C,11,0,0,0,0,0,2,0.00,0 %,0.00,ACT,0.00,0,11
11/19/2024,RB202,CAI/DAM,Y,145,0,0,0,0,0,35,0.00,0 %,0.00,ACT,0.00,0,145
11/20/2024,RB521,DAM/DOH,C,11,0,0,0,0,0,0,0.00,0 %,0.00,ACT,0.00,0,11
11/20/2024,RB521,DAM/DOH,Y,145,0,0,0,0,0,2,0.00,0 %,0.00,ACT,0.00,0,145
11/20/2024,RB515,DAM/DXB,C,11,0,0,0,0,0,1,0.00,0 %,0.00,ACT,0.00,0,11
11/20/2024,RB515,DAM/DXB,Y,144,0,0,0,0,0,2,0.00,0 %,0.00,ACT,0.00,0,144
11/20/2024,RB522,DOH/DAM,C,11,0,0,0,0,0,1,0.00,0 %,0.00,ACT,0.00,0,11
11/20/2024,RB522,DOH/DAM,Y,145,0,0,0,0,0,33,0.00,0 %,0.00,ACT,0.00,0,145
11/20/2024,RB516,DXB/DAM,C,11,0,0,0,0,0,2,0.00,0 %,0.00,ACT,0.00,0,11
11/20/2024,RB516,DXB/DAM,Y,144,0,0,0,0,0,14,0.00,0 %,0.00,ACT,0.00,0,144
11/21/2024,RB381,DAM/JED,C,11,0,0,0,0,0,9,0.00,0 %,0.00,ACT,0.00,0,11
11/21/2024,RB381,DAM/JED,Y,145,0,0,0,0,0,82,0.00,0 %,0.00,ACT,0.00,0,145
11/21/2024,RB515,DAM/DXB,C,11,0,0,0,0,0,1,0.00,0 %,0.00,ACT,0.00,0,11
11/21/2024,RB515,DAM/DXB,Y,144,0,0,0,0,0,5,0.00,0 %,0.00,ACT,0.00,0,144
11/21/2024,RB382,JED/DAM,C,11,0,0,0,0,0,6,0.00,0 %,0.00,ACT,0.00,0,11
11/21/2024,RB382,JED/DAM,Y,145,0,0,0,0,0,66,0.00,0 %,0.00,ACT,0.00,0,145
11/21/2024,RB516,DXB/DAM,C,11,0,0,0,0,0,4,0.00,0 %,0.00,ACT,0.00,0,11
11/21/2024,RB516,DXB/DAM,Y,144,0,0,0,0,0,16,0.00,0 %,0.00,ACT,0.00,0,144
11/21/2024,RB341,DAM/KWI,C,11,0,0,0,0,0,11,0.00,0 %,0.00,ACT,0.00,0,11
11/21/2024,RB341,DAM/KWI,Y,145,0,0,0,0,0,37,0.00,0 %,0.00,ACT,0.00,0,145
11/21/2024,RB201,DAM/CAI,C,11,0,0,0,0,0,0,0.00,0 %,0.00,ACT,0.00,0,11
11/21/2024,RB201,DAM/CAI,Y,145,0,0,0,0,0,3,0.00,0 %,0.00,ACT,0.00,0,145
11/21/2024,RB342,KWI/DAM,C,11,0,0,0,0,0,11,0.00,0 %,0.00,ACT,0.00,0,11
11/21/2024,RB342,KWI/DAM,Y,145,0,0,0,0,0,77,0.00,0 %,0.00,ACT,0.00,0,145
11/21/2024,RB202,CAI/DAM,C,11,0,0,0,0,0,0,0.00,0 %,0.00,ACT,0.00,0,11
11/21/2024,RB202,CAI/DAM,Y,145,0,0,0,0,0,2,0.00,0 %,0.00,ACT,0.00,0,145
11/22/2024,RB201,DAM/CAI,C,11,0,0,0,0,0,4,0.00,0 %,0.00,ACT,0.00,0,11
11/22/2024,RB201,DAM/CAI,Y,145,0,0,0,0,0,7,0.00,0 %,0.00,ACT,0.00,0,145
11/22/2024,RB202,CAI/DAM,C,11,0,0,0,0,0,4,0.00,0 %,0.00,ACT,0.00,0,11
11/22/2024,RB202,CAI/DAM,Y,145,0,0,0,0,0,1,0.00,0 %,0.00,ACT,0.00,0,145
11/22/2024,RB503,DAM/AUH,C,11,0,0,0,0,0,10,0.00,0 %,0.00,ACT,0.00,0,11
11/22/2024,RB503,DAM/AUH,Y,144,0,0,0,0,0,6,0.00,0 %,0.00,ACT,0.00,0,144
11/22/2024,RB389,DAM/RUH,C,11,0,0,0,0,0,4,0.00,0 %,0.00,ACT,0.00,0,11
11/22/2024,RB389,DAM/RUH,Y,145,0,0,0,0,0,10,0.00,0 %,0.00,ACT,0.00,0,145
11/22/2024,RB504,AUH/DAM,C,11,0,0,0,0,0,4,0.00,0 %,0.00,ACT,0.00,0,11
11/22/2024,RB504,AUH/DAM,Y,144,0,0,0,0,0,65,0.00,0 %,0.00,ACT,0.00,0,144
11/22/2024,RB390,RUH/DAM,C,11,0,0,0,0,0,8,0.00,0 %,0.00,ACT,0.00,0,11
11/22/2024,RB390,RUH/DAM,Y,145,0,0,0,0,0,56,0.00,0 %,0.00,ACT,0.00,0,145
11/23/2024,RB521,DAM/DOH,C,11,0,0,0,0,0,1,0.00,0 %,0.00,ACT,0.00,0,11
11/23/2024,RB521,DAM/DOH,Y,145,0,0,0,0,0,0,0.00,0 %,0.00,ACT,0.00,0,145
11/23/2024,RB515,DAM/DXB,C,11,0,0,0,0,0,1,0.00,0 %,0.00,ACT,0.00,0,11
11/23/2024,RB515,DAM/DXB,Y,144,0,0,0,0,0,0,0.00,0 %,0.00,ACT,0.00,0,144
11/23/2024,RB522,DOH/DAM,C,11,0,0,0,0,0,3,0.00,0 %,0.00,ACT,0.00,0,11
11/23/2024,RB522,DOH/DAM,Y,145,0,0,0,0,0,60,0.00,0 %,0.00,ACT,0.00,0,145
11/23/2024,RB516,DXB/DAM,C,11,0,0,0,0,0,0,0.00,0 %,0.00,ACT,0.00,0,11
11/23/2024,RB516,DXB/DAM,Y,144,0,0,0,0,0,3,0.00,0 %,0.00,ACT,0.00,0,144
11/23/2024,RB341,DAM/KWI,C,11,0,0,0,0,0,11,0.00,0 %,0.00,ACT,0.00,0,11
11/23/2024,RB341,DAM/KWI,Y,145,0,0,0,0,0,40,0.00,0 %,0.00,ACT,0.00,0,145
11/23/2024,RB201,DAM/CAI,C,11,0,0,0,0,0,0,0.00,0 %,0.00,ACT,0.00,0,11
11/23/2024,RB201,DAM/CAI,Y,145,0,0,0,0,0,2,0.00,0 %,0.00,ACT,0.00,0,145
11/23/2024,RB342,KWI/DAM,C,11,0,0,0,0,0,9,0.00,0 %,0.00,ACT,0.00,0,11
11/23/2024,RB342,KWI/DAM,Y,145,0,0,0,0,0,72,0.00,0 %,0.00,ACT,0.00,0,145
11/23/2024,RB202,CAI/DAM,C,11,0,0,0,0,0,3,0.00,0 %,0.00,ACT,0.00,0,11
11/23/2024,RB202,CAI/DAM,Y,145,0,0,0,0,0,10,0.00,0 %,0.00,ACT,0.00,0,145
11/24/2024,RB441,DAM/VKO,C,11,0,0,0,0,0,3,0.00,0 %,0.00,ACT,0.00,0,11
11/24/2024,RB441,DAM/VKO,Y,96,0,0,0,0,0,1,0.00,0 %,0.00,ACT,0.00,0,96
11/24/2024,RB389,DAM/RUH,C,11,0,0,0,0,0,5,0.00,0 %,0.00,ACT,0.00,0,11
11/24/2024,RB389,DAM/RUH,Y,145,0,0,0,0,0,53,0.00,0 %,0.00,ACT,0.00,0,145
11/24/2024,RB390,RUH/DAM,C,11,0,0,0,0,0,6,0.00,0 %,0.00,ACT,0.00,0,11
11/24/2024,RB390,RUH/DAM,Y,145,0,0,0,0,0,77,0.00,0 %,0.00,ACT,0.00,0,145
11/24/2024,RB442,VKO/DAM,C,11,0,0,0,0,0,5,0.00,0 %,0.00,ACT,0.00,0,11
11/24/2024,RB442,VKO/DAM,Y,114,0,0,0,0,0,71,0.00,0 %,0.00,ACT,0.00,0,114
11/24/2024,RB517,DAM/DXB,C,11,0,0,0,0,0,0,0.00,0 %,0.00,ACT,0.00,0,11
11/24/2024,RB517,DAM/DXB,Y,144,0,0,0,0,0,3,0.00,0 %,0.00,ACT,0.00,0,144
11/25/2024,RB518,DXB/DAM,C,11,0,0,0,0,0,4,0.00,0 %,0.00,ACT,0.00,0,11
11/25/2024,RB518,DXB/DAM,Y,144,0,0,0,0,0,97,0.00,0 %,0.00,ACT,0.00,0,144
11/25/2024,RB515,DAM/DXB,C,11,0,0,0,0,0,1,0.00,0 %,0.00,ACT,0.00,0,11
11/25/2024,RB515,DAM/DXB,Y,144,0,0,0,0,0,2,0.00,0 %,0.00,ACT,0.00,0,144
11/25/2024,RB201,DAM/CAI,C,11,0,0,0,0,0,3,0.00,0 %,0.00,ACT,0.00,0,11
11/25/2024,RB201,DAM/CAI,Y,145,0,0,0,0,0,11,0.00,0 %,0.00,ACT,0.00,0,145
11/25/2024,RB516,DXB/DAM,C,11,0,0,0,0,0,0,0.00,0 %,0.00,ACT,0.00,0,11
11/25/2024,RB516,DXB/DAM,Y,144,0,0,0,0,0,38,0.00,0 %,0.00,ACT,0.00,0,144
11/25/2024,RB202,CAI/DAM,C,11,0,0,0,0,0,3,0.00,0 %,0.00,ACT,0.00,0,11
11/25/2024,RB202,CAI/DAM,Y,145,0,0,0,0,0,8,0.00,0 %,0.00,ACT,0.00,0,145
11/25/2024,RB381,DAM/JED,C,11,0,0,0,0,0,9,0.00,0 %,0.00,ACT,0.00,0,11
11/25/2024,RB381,DAM/JED,Y,145,0,0,0,0,0,56,0.00,0 %,0.00,ACT,0.00,0,145
11/25/2024,RB0521,DAM/DOH,C,11,0,0,0,0,0,0,0.00,0 %,0.00,ACT,0.00,0,11
11/25/2024,RB0521,DAM/DOH,Y,145,0,0,0,0,0,1,0.00,0 %,0.00,ACT,0.00,0,145
11/25/2024,RB382,JED/DAM,C,11,0,0,0,0,0,1,0.00,0 %,0.00,ACT,0.00,0,11
11/25/2024,RB382,JED/DAM,Y,145,0,0,0,0,0,84,0.00,0 %,0.00,ACT,0.00,0,145
11/26/2024,RB501,DAM/SHJ,C,11,0,0,0,0,0,2,0.00,0 %,0.00,ACT,0.00,0,11
11/26/2024,RB501,DAM/SHJ,Y,144,0,0,0,0,0,3,0.00,0 %,0.00,ACT,0.00,0,144
11/26/2024,RB503,DAM/AUH,C,11,0,0,0,0,0,5,0.00,0 %,0.00,ACT,0.00,0,11
11/26/2024,RB503,DAM/AUH,Y,144,0,0,0,0,0,2,0.00,0 %,0.00,ACT,0.00,0,144
11/26/2024,RB502,SHJ/DAM,C,11,0,0,0,0,0,2,0.00,0 %,0.00,ACT,0.00,0,11
11/26/2024,RB502,SHJ/DAM,Y,144,0,0,0,0,0,93,0.00,0 %,0.00,ACT,0.00,0,144
11/26/2024,RB504,AUH/DAM,C,11,0,0,0,0,0,9,0.00,0 %,0.00,ACT,0.00,0,11
11/26/2024,RB504,AUH/DAM,Y,144,0,0,0,0,0,76,0.00,0 %,0.00,ACT,0.00,0,144
11/26/2024,RB201,DAM/CAI,C,11,0,0,0,0,0,2,0.00,0 %,0.00,ACT,0.00,0,11
11/26/2024,RB201,DAM/CAI,Y,145,0,0,0,0,0,7,0.00,0 %,0.00,ACT,0.00,0,145
11/26/2024,RB202,CAI/DAM,C,11,0,0,0,0,0,9,0.00,0 %,0.00,ACT,0.00,0,11
11/26/2024,RB202,CAI/DAM,Y,145,0,0,0,0,0,75,0.00,0 %,0.00,ACT,0.00,0,145
11/27/2024,RB521,DAM/DOH,C,11,0,0,0,0,0,0,0.00,0 %,0.00,ACT,0.00,0,11
11/27/2024,RB521,DAM/DOH,Y,145,0,0,0,0,0,4,0.00,0 %,0.00,ACT,0.00,0,145
11/27/2024,RB515,DAM/DXB,C,11,0,0,0,0,0,1,0.00,0 %,0.00,ACT,0.00,0,11
11/27/2024,RB515,DAM/DXB,Y,144,0,0,0,0,0,1,0.00,0 %,0.00,ACT,0.00,0,144
11/27/2024,RB522,DOH/DAM,C,11,0,0,0,0,0,7,0.00,0 %,0.00,ACT,0.00,0,11
11/27/2024,RB522,DOH/DAM,Y,145,0,0,0,0,0,32,0.00,0 %,0.00,ACT,0.00,0,145
11/27/2024,RB516,DXB/DAM,C,11,0,0,0,0,0,0,0.00,0 %,0.00,ACT,0.00,0,11
11/27/2024,RB516,DXB/DAM,Y,144,0,0,0,0,0,4,0.00,0 %,0.00,ACT,0.00,0,144
11/27/2024,RB203,DAM/CAI,C,11,0,0,0,0,0,9,0.00,0 %,0.00,ACT,0.00,0,11
11/27/2024,RB203,DAM/CAI,Y,145,0,0,0,0,0,26,0.00,0 %,0.00,ACT,0.00,0,145
11/27/2024,RB204,CAI/DAM,C,11,0,0,0,0,0,7,0.00,0 %,0.00,ACT,0.00,0,11
11/27/2024,RB204,CAI/DAM,Y,145,0,0,0,0,0,105,0.00,0 %,0.00,ACT,0.00,0,145
11/28/2024,RB381,DAM/JED,C,11,0,0,0,0,0,8,0.00,0 %,0.00,ACT,0.00,0,11
11/28/2024,RB381,DAM/JED,Y,145,0,0,0,0,0,13,0.00,0 %,0.00,ACT,0.00,0,145
11/28/2024,RB515,DAM/DXB,C,11,0,0,0,0,0,2,0.00,0 %,0.00,ACT,0.00,0,11
11/28/2024,RB515,DAM/DXB,Y,144,0,0,0,0,0,3,0.00,0 %,0.00,ACT,0.00,0,144
11/28/2024,RB382,JED/DAM,C,11,0,0,0,0,0,7,0.00,0 %,0.00,ACT,0.00,0,11
11/28/2024,RB382,JED/DAM,Y,145,0,0,0,0,0,76,0.00,0 %,0.00,ACT,0.00,0,145
11/28/2024,RB516,DXB/DAM,C,11,0,0,0,0,0,1,0.00,0 %,0.00,ACT,0.00,0,11
11/28/2024,RB516,DXB/DAM,Y,144,0,0,0,0,0,0,0.00,0 %,0.00,ACT,0.00,0,144
11/28/2024,RB341,DAM/KWI,C,11,0,0,0,0,0,11,0.00,0 %,0.00,ACT,0.00,0,11
11/28/2024,RB341,DAM/KWI,Y,145,0,0,0,0,0,60,0.00,0 %,0.00,ACT,0.00,0,145
11/28/2024,RB201,DAM/CAI,C,11,0,0,0,0,0,5,0.00,0 %,0.00,ACT,0.00,0,11
11/28/2024,RB201,DAM/CAI,Y,145,0,0,0,0,0,9,0.00,0 %,0.00,ACT,0.00,0,145
11/28/2024,RB342,KWI/DAM,C,11,0,0,0,0,0,6,0.00,0 %,0.00,ACT,0.00,0,11
11/28/2024,RB342,KWI/DAM,Y,145,0,0,0,0,0,30,0.00,0 %,0.00,ACT,0.00,0,145
11/28/2024,RB202,CAI/DAM,C,11,0,0,0,0,0,4,0.00,0 %,0.00,ACT,0.00,0,11
11/28/2024,RB202,CAI/DAM,Y,145,0,0,0,0,0,47,0.00,0 %,0.00,ACT,0.00,0,145
11/29/2024,RB201,DAM/CAI,C,11,0,0,0,0,0,4,0.00,0 %,0.00,ACT,0.00,0,11
11/29/2024,RB201,DAM/CAI,Y,145,0,0,0,0,0,14,0.00,0 %,0.00,ACT,0.00,0,145
11/29/2024,RB202,CAI/DAM,C,11,0,0,0,0,0,5,0.00,0 %,0.00,ACT,0.00,0,11
11/29/2024,RB202,CAI/DAM,Y,145,0,0,0,0,0,9,0.00,0 %,0.00,ACT,0.00,0,145
11/29/2024,RB503,DAM/AUH,C,11,0,0,0,0,0,5,0.00,0 %,0.00,ACT,0.00,0,11
11/29/2024,RB503,DAM/AUH,Y,144,0,0,0,0,0,8,0.00,0 %,0.00,ACT,0.00,0,144
11/29/2024,RB389,DAM/RUH,C,11,0,0,0,0,0,1,0.00,0 %,0.00,ACT,0.00,0,11
11/29/2024,RB389,DAM/RUH,Y,145,0,0,0,0,0,24,0.00,0 %,0.00,ACT,0.00,0,145
11/29/2024,RB504,AUH/DAM,C,11,0,0,0,0,0,6,0.00,0 %,0.00,ACT,0.00,0,11
11/29/2024,RB504,AUH/DAM,Y,144,0,0,0,0,0,11,0.00,0 %,0.00,ACT,0.00,0,144
11/29/2024,RB390,RUH/DAM,C,11,0,0,0,0,0,10,0.00,0 %,0.00,ACT,0.00,0,11
11/29/2024,RB390,RUH/DAM,Y,145,0,0,0,0,0,77,0.00,0 %,0.00,ACT,0.00,0,145
11/30/2024,RB521,DAM/DOH,C,11,0,0,0,0,0,0,0.00,0 %,0.00,ACT,0.00,0,11
11/30/2024,RB521,DAM/DOH,Y,145,0,0,0,0,0,7,0.00,0 %,0.00,ACT,0.00,0,145
11/30/2024,RB515,DAM/DXB,C,11,0,0,0,0,0,1,0.00,0 %,0.00,ACT,0.00,0,11
11/30/2024,RB515,DAM/DXB,Y,144,0,0,0,0,0,9,0.00,0 %,0.00,ACT,0.00,0,144
11/30/2024,RB522,DOH/DAM,C,11,0,0,0,0,0,4,0.00,0 %,0.00,ACT,0.00,0,11
11/30/2024,RB522,DOH/DAM,Y,145,0,0,0,0,0,21,0.00,0 %,0.00,ACT,0.00,0,145
11/30/2024,RB516,DXB/DAM,C,11,0,0,0,0,0,0,0.00,0 %,0.00,ACT,0.00,0,11
11/30/2024,RB516,DXB/DAM,Y,144,0,0,0,0,0,6,0.00,0 %,0.00,ACT,0.00,0,144
11/30/2024,RB341,DAM/KWI,C,11,0,0,0,0,0,11,0.00,0 %,0.00,ACT,0.00,0,11
11/30/2024,RB341,DAM/KWI,Y,145,0,0,0,0,0,10,0.00,0 %,0.00,ACT,0.00,0,145
11/30/2024,RB201,DAM/CAI,C,11,0,0,0,0,0,2,0.00,0 %,0.00,ACT,0.00,0,11
11/30/2024,RB201,DAM/CAI,Y,145,0,0,0,0,0,19,0.00,0 %,0.00,ACT,0.00,0,145
11/30/2024,RB342,KWI/DAM,C,11,0,0,0,0,0,11,0.00,0 %,0.00,ACT,0.00,0,11
11/30/2024,RB342,KWI/DAM,Y,145,0,0,0,0,0,87,0.00,0 %,0.00,ACT,0.00,0,145
11/30/2024,RB202,CAI/DAM,C,11,0,0,0,0,0,3,0.00,0 %,0.00,ACT,0.00,0,11
11/30/2024,RB202,CAI/DAM,Y,145,0,0,0,0,0,29,0.00,0 %,0.00,ACT,0.00,0,145
12/01/2024,RB441,DAM/VKO,C,11,0,0,0,0,0,9,0.00,0 %,0.00,ACT,0.00,0,11
12/01/2024,RB441,DAM/VKO,Y,96,0,0,0,0,0,64,0.00,0 %,0.00,ACT,0.00,0,96
12/01/2024,RB389,DAM/RUH,C,11,0,0,0,0,0,1,0.00,0 %,0.00,ACT,0.00,0,11
12/01/2024,RB389,DAM/RUH,Y,145,0,0,0,0,0,5,0.00,0 %,0.00,ACT,0.00,0,145
12/01/2024,RB390,RUH/DAM,C,11,0,0,0,0,0,5,0.00,0 %,0.00,ACT,0.00,0,11
12/01/2024,RB390,RUH/DAM,Y,145,0,0,0,0,0,100,0.00,0 %,0.00,ACT,0.00,0,145
12/01/2024,RB442,VKO/DAM,C,11,0,0,0,0,0,7,0.00,0 %,0.00,ACT,0.00,0,11
12/01/2024,RB442,VKO/DAM,Y,114,0,0,0,0,0,81,0.00,0 %,0.00,ACT,0.00,0,114
12/01/2024,RB517,DAM/DXB,C,11,0,0,0,0,0,2,0.00,0 %,0.00,ACT,0.00,0,11
12/01/2024,RB517,DAM/DXB,Y,144,0,0,0,0,0,11,0.00,0 %,0.00,ACT,0.00,0,144
12/02/2024,RB518,DXB/DAM,C,11,0,0,0,0,0,9,0.00,0 %,0.00,ACT,0.00,0,11
12/02/2024,RB518,DXB/DAM,Y,144,0,0,0,0,0,71,0.00,0 %,0.00,ACT,0.00,0,144
12/02/2024,RB515,DAM/DXB,C,11,0,0,0,0,0,0,0.00,0 %,0.00,ACT,0.00,0,11
12/02/2024,RB515,DAM/DXB,Y,144,0,0,0,0,0,0,0.00,0 %,0.00,ACT,0.00,0,144
12/02/2024,RB201,DAM/CAI,C,11,0,0,0,0,0,0,0.00,0 %,0.00,ACT,0.00,0,11
12/02/2024,RB201,DAM/CAI,Y,145,0,0,0,0,0,13,0.00,0 %,0.00,ACT,0.00,0,145
12/02/2024,RB516,DXB/DAM,C,11,0,0,0,0,0,2,0.00,0 %,0.00,ACT,0.00,0,11
12/02/2024,RB516,DXB/DAM,Y,144,0,0,0,0,0,14,0.00,0 %,0.00,ACT,0.00,0,144
12/02/2024,RB202,CAI/DAM,C,11,0,0,0,0,0,4,0.00,0 %,0.00,ACT,0.00,0,11
12/02/2024,RB202,CAI/DAM,Y,145,0,0,0,0,0,9,0.00,0 %,0.00,ACT,0.00,0,145
12/02/2024,RB381,DAM/JED,C,11,0,0,0,0,0,0,0.00,0 %,0.00,ACT,0.00,0,11
12/02/2024,RB381,DAM/JED,Y,145,0,0,0,0,0,19,0.00,0 %,0.00,ACT,0.00,0,145
12/02/2024,RB382,JED/DAM,C,11,0,0,0,0,0,8,0.00,0 %,0.00,ACT,0.00,0,11
12/02/2024,RB382,JED/DAM,Y,145,0,0,0,0,0,59,0.00,0 %,0.00,ACT,0.00,0,145
12/02/2024,RB0521,DAM/DOH,C,11,0,0,0,0,0,0,0.00,0 %,0.00,ACT,0.00,0,11
12/02/2024,RB0521,DAM/DOH,Y,145,0,0,0,0,0,5,0.00,0 %,0.00,ACT,0.00,0,145
12/03/2024,RB501,DAM/SHJ,C,11,0,0,0,0,0,0,0.00,0 %,0.00,ACT,0.00,0,11
12/03/2024,RB501,DAM/SHJ,Y,144,0,0,0,0,0,2,0.00,0 %,0.00,ACT,0.00,0,144
12/03/2024,RB503,DAM/AUH,C,11,0,0,0,0,0,4,0.00,0 %,0.00,ACT,0.00,0,11
12/03/2024,RB503,DAM/AUH,Y,144,0,0,0,0,0,4,0.00,0 %,0.00,ACT,0.00,0,144
12/03/2024,RB502,SHJ/DAM,C,11,0,0,0,0,0,3,0.00,0 %,0.00,ACT,0.00,0,11
12/03/2024,RB502,SHJ/DAM,Y,144,0,0,0,0,0,70,0.00,0 %,0.00,ACT,0.00,0,144
12/03/2024,RB504,AUH/DAM,C,11,0,0,0,0,0,11,0.00,0 %,0.00,ACT,0.00,0,11
12/03/2024,RB504,AUH/DAM,Y,144,0,0,0,0,0,75,0.00,0 %,0.00,ACT,0.00,0,144
12/03/2024,RB201,DAM/CAI,C,11,0,0,0,0,0,3,0.00,0 %,0.00,ACT,0.00,0,11
12/03/2024,RB201,DAM/CAI,Y,145,0,0,0,0,0,3,0.00,0 %,0.00,ACT,0.00,0,145
12/03/2024,RB202,CAI/DAM,C,11,0,0,0,0,0,7,0.00,0 %,0.00,ACT,0.00,0,11
12/03/2024,RB202,CAI/DAM,Y,145,0,0,0,0,0,65,0.00,0 %,0.00,ACT,0.00,0,145
12/04/2024,RB521,DAM/DOH,C,11,0,0,0,0,0,1,0.00,0 %,0.00,ACT,0.00,0,11
12/04/2024,RB521,DAM/DOH,Y,145,0,0,0,0,0,3,0.00,0 %,0.00,ACT,0.00,0,145
12/04/2024,RB515,DAM/DXB,C,11,0,0,0,0,0,0,0.00,0 %,0.00,ACT,0.00,0,11
12/04/2024,RB515,DAM/DXB,Y,144,0,0,0,0,0,2,0.00,0 %,0.00,ACT,0.00,0,144
12/04/2024,RB522,DOH/DAM,C,11,0,0,0,0,0,4,0.00,0 %,0.00,ACT,0.00,0,11
12/04/2024,RB522,DOH/DAM,Y,145,0,0,0,0,0,23,0.00,0 %,0.00,ACT,0.00,0,145
12/04/2024,RB516,DXB/DAM,C,11,0,0,0,0,0,2,0.00,0 %,0.00,ACT,0.00,0,11
12/04/2024,RB516,DXB/DAM,Y,144,0,0,0,0,0,32,0.00,0 %,0.00,ACT,0.00,0,144
12/04/2024,RB203,DAM/CAI,C,11,0,0,0,0,0,1,0.00,0 %,0.00,ACT,0.00,0,11
12/04/2024,RB203,DAM/CAI,Y,145,0,0,0,0,0,7,0.00,0 %,0.00,ACT,0.00,0,145
12/04/2024,RB204,CAI/DAM,C,11,0,0,0,0,0,6,0.00,0 %,0.00,ACT,0.00,0,11
12/04/2024,RB204,CAI/DAM,Y,145,0,0,0,0,0,113,0.00,0 %,0.00,ACT,0.00,0,145
12/05/2024,RB381,DAM/JED,C,11,0,0,0,0,0,1,0.00,0 %,0.00,ACT,0.00,0,11
12/05/2024,RB381,DAM/JED,Y,145,0,0,0,0,0,4,0.00,0 %,0.00,ACT,0.00,0,145
12/05/2024,RB515,DAM/DXB,C,11,0,0,0,0,0,2,0.00,0 %,0.00,ACT,0.00,0,11
12/05/2024,RB515,DAM/DXB,Y,144,0,0,0,0,0,2,0.00,0 %,0.00,ACT,0.00,0,144
12/05/2024,RB382,JED/DAM,C,11,0,0,0,0,0,10,0.00,0 %,0.00,ACT,0.00,0,11
12/05/2024,RB382,JED/DAM,Y,145,0,0,0,0,0,108,0.00,0 %,0.00,ACT,0.00,0,145
12/05/2024,RB516,DXB/DAM,C,11,0,0,0,0,0,2,0.00,0 %,0.00,ACT,0.00,0,11
12/05/2024,RB516,DXB/DAM,Y,144,0,0,0,0,0,40,0.00,0 %,0.00,ACT,0.00,0,144
12/05/2024,RB341,DAM/KWI,C,11,0,0,0,0,0,10,0.00,0 %,0.00,ACT,0.00,0,11
12/05/2024,RB341,DAM/KWI,Y,145,0,0,0,0,0,52,0.00,0 %,0.00,ACT,0.00,0,145
12/05/2024,RB201,DAM/CAI,C,11,0,0,0,0,0,2,0.00,0 %,0.00,ACT,0.00,0,11
12/05/2024,RB201,DAM/CAI,Y,145,0,0,0,0,0,2,0.00,0 %,0.00,ACT,0.00,0,145
12/05/2024,RB342,KWI/DAM,C,11,0,0,0,0,0,11,0.00,0 %,0.00,ACT,0.00,0,11
12/05/2024,RB342,KWI/DAM,Y,145,0,0,0,0,0,93,0.00,0 %,0.00,ACT,0.00,0,145
12/05/2024,RB202,CAI/DAM,C,11,0,0,0,0,0,6,0.00,0 %,0.00,ACT,0.00,0,11
12/05/2024,RB202,CAI/DAM,Y,145,0,0,0,0,0,43,0.00,0 %,0.00,ACT,0.00,0,145
12/06/2024,RB201,DAM/CAI,C,11,0,0,0,0,0,2,0.00,0 %,0.00,ACT,0.00,0,11
12/06/2024,RB201,DAM/CAI,Y,145,0,0,0,0,0,11,0.00,0 %,0.00,ACT,0.00,0,145
12/06/2024,RB202,CAI/DAM,C,11,0,0,0,0,0,4,0.00,0 %,0.00,ACT,0.00,0,11
12/06/2024,RB202,CAI/DAM,Y,145,0,0,0,0,0,57,0.00,0 %,0.00,ACT,0.00,0,145
12/06/2024,RB503,DAM/AUH,C,11,0,0,0,0,0,0,0.00,0 %,0.00,ACT,0.00,0,11
12/06/2024,RB503,DAM/AUH,Y,144,0,0,0,0,0,2,0.00,0 %,0.00,ACT,0.00,0,144
12/06/2024,RB389,DAM/RUH,C,11,0,0,0,0,0,2,0.00,0 %,0.00,ACT,0.00,0,11
12/06/2024,RB389,DAM/RUH,Y,145,0,0,0,0,0,0,0.00,0 %,0.00,ACT,0.00,0,145
12/06/2024,RB504,AUH/DAM,C,11,0,0,0,0,0,10,0.00,0 %,0.00,ACT,0.00,0,11
12/06/2024,RB504,AUH/DAM,Y,144,0,0,0,0,0,78,0.00,0 %,0.00,ACT,0.00,0,144
12/06/2024,RB390,RUH/DAM,C,11,0,0,0,0,0,5,0.00,0 %,0.00,ACT,0.00,0,11
12/06/2024,RB390,RUH/DAM,Y,145,0,0,0,0,0,105,0.00,0 %,0.00,ACT,0.00,0,145
12/07/2024,RB521,DAM/DOH,C,11,0,0,0,0,0,1,0.00,0 %,0.00,ACT,0.00,0,11
12/07/2024,RB521,DAM/DOH,Y,145,0,0,0,0,0,6,0.00,0 %,0.00,ACT,0.00,0,145
12/07/2024,RB515,DAM/DXB,C,11,0,0,0,0,0,0,0.00,0 %,0.00,ACT,0.00,0,11
12/07/2024,RB515,DAM/DXB,Y,144,0,0,0,0,0,3,0.00,0 %,0.00,ACT,0.00,0,144
12/07/2024,RB522,DOH/DAM,C,11,0,0,0,0,0,6,0.00,0 %,0.00,ACT,0.00,0,11
12/07/2024,RB522,DOH/DAM,Y,145,0,0,0,0,0,93,0.00,0 %,0.00,ACT,0.00,0,145
12/07/2024,RB516,DXB/DAM,C,11,0,0,0,0,0,2,0.00,0 %,0.00,ACT,0.00,0,11
12/07/2024,RB516,DXB/DAM,Y,144,0,0,0,0,0,16,0.00,0 %,0.00,ACT,0.00,0,144
12/07/2024,RB341,DAM/KWI,C,11,0,0,0,0,0,1,0.00,0 %,0.00,ACT,0.00,0,11
12/07/2024,RB341,DAM/KWI,Y,145,0,0,0,0,0,0,0.00,0 %,0.00,ACT,0.00,0,145
12/07/2024,RB201,DAM/CAI,C,11,0,0,0,0,0,0,0.00,0 %,0.00,ACT,0.00,0,11
12/07/2024,RB201,DAM/CAI,Y,145,0,0,0,0,0,0,0.00,0 %,0.00,ACT,0.00,0,145
12/07/2024,RB342,KWI/DAM,C,11,0,0,0,0,0,10,0.00,0 %,0.00,ACT,0.00,0,11
12/07/2024,RB342,KWI/DAM,Y,145,0,0,0,0,0,99,0.00,0 %,0.00,ACT,0.00,0,145
12/07/2024,RB202,CAI/DAM,C,11,0,0,0,0,0,7,0.00,0 %,0.00,ACT,0.00,0,11
12/07/2024,RB202,CAI/DAM,Y,145,0,0,0,0,0,82,0.00,0 %,0.00,ACT,0.00,0,145
12/08/2024,RB441,DAM/VKO,C,11,0,0,0,0,0,9,0.00,0 %,0.00,ACT,0.00,0,11
12/08/2024,RB441,DAM/VKO,Y,96,0,0,0,0,0,80,0.00,0 %,0.00,ACT,0.00,0,96
12/08/2024,RB389,DAM/RUH,C,11,0,0,0,0,0,9,0.00,0 %,0.00,ACT,0.00,0,11
12/08/2024,RB389,DAM/RUH,Y,145,0,0,0,0,0,135,0.00,0 %,0.00,ACT,0.00,0,145
12/08/2024,RB390,RUH/DAM,C,11,0,0,0,0,0,11,0.00,0 %,0.00,ACT,0.00,0,11
12/08/2024,RB390,RUH/DAM,Y,145,0,0,0,0,0,143,0.00,0 %,0.00,ACT,0.00,0,145
12/08/2024,RB442,VKO/DAM,C,11,0,0,0,0,0,9,0.00,0 %,0.00,ACT,0.00,0,11
12/08/2024,RB442,VKO/DAM,Y,114,0,0,0,0,0,99,0.00,0 %,0.00,ACT,0.00,0,114
12/08/2024,RB517,DAM/DXB,C,11,0,0,0,0,0,9,0.00,0 %,0.00,ACT,0.00,0,11
12/08/2024,RB517,DAM/DXB,Y,144,0,0,0,0,0,126,0.00,0 %,0.00,ACT,0.00,0,144
12/09/2024,RB518,DXB/DAM,C,11,0,0,0,0,0,10,0.00,0 %,0.00,ACT,0.00,0,11
12/09/2024,RB518,DXB/DAM,Y,144,0,0,0,0,0,139,0.00,0 %,0.00,ACT,0.00,0,144
12/09/2024,RB515,DAM/DXB,C,11,0,0,0,0,0,8,0.00,0 %,0.00,ACT,0.00,0,11
12/09/2024,RB515,DAM/DXB,Y,144,0,0,0,0,0,135,0.00,0 %,0.00,ACT,0.00,0,144
12/09/2024,RB201,DAM/CAI,C,11,0,0,0,0,0,8,0.00,0 %,0.00,ACT,0.00,0,11
12/09/2024,RB201,DAM/CAI,Y,145,0,0,0,0,0,128,0.00,0 %,0.00,ACT,0.00,0,145
12/09/2024,RB516,DXB/DAM,C,11,0,0,0,0,0,7,0.00,0 %,0.00,ACT,0.00,0,11
12/09/2024,RB516,DXB/DAM,Y,144,0,0,0,0,0,120,0.00,0 %,0.00,ACT,0.00,0,144
12/09/2024,RB202,CAI/DAM,C,11,0,0,0,0,0,10,0.00,0 %,0.00,ACT,0.00,0,11
12/09/2024,RB202,CAI/DAM,Y,145,0,0,0,0,0,136,0.00,0 %,0.00,ACT,0.00,0,145
12/09/2024,RB381,DAM/JED,C,11,0,0,0,0,0,9,0.00,0 %,0.00,ACT,0.00,0,11
12/09/2024,RB381,DAM/JED,Y,145,0,0,0,0,0,142,0.00,0 %,0.00,ACT,0.00,0,145
12/09/2024,RB382,JED/DAM,C,11,0,0,0,0,0,10,0.00,0 %,0.00,ACT,0.00,0,11
12/09/2024,RB382,JED/DAM,Y,145,0,0,0,0,0,130,0.00,0 %,0.00,ACT,0.00,0,145
12/09/2024,RB521,DAM/DOH,C,11,0,0,0,0,0,10,0.00,0 %,0.00,ACT,0.00,0,11
12/09/2024,RB521,DAM/DOH,Y,145,0,0,0,0,0,142,0.00,0 %,0.00,ACT,0.00,0,145
12/10/2024,RB522,DOH/DAM,C,11,0,0,0,0,0,11,0.00,0 %,0.00,ACT,0.00,0,11
12/10/2024,RB522,DOH/DAM,Y,145,0,0,0,0,0,144,0.00,0 %,0.00,ACT,0.00,0,145
12/10/2024,RB501,DAM/SHJ,C,11,0,0,0,0,0,10,0.00,0 %,0.00,ACT,0.00,0,11
12/10/2024,RB501,DAM/SHJ,Y,144,0,0,0,0,0,139,0.00,0 %,0.00,ACT,0.00,0,144
12/10/2024,RB503,DAM/AUH,C,11,0,0,0,0,0,10,0.00,0 %,0.00,ACT,0.00,0,11
12/10/2024,RB503,DAM/AUH,Y,144,0,0,0,0,0,130,0.00,0 %,0.00,ACT,0.00,0,144
12/10/2024,RB502,SHJ/DAM,C,11,0,0,0,0,0,11,0.00,0 %,0.00,ACT,0.00,0,11
12/10/2024,RB502,SHJ/DAM,Y,144,0,0,0,0,0,142,0.00,0 %,0.00,ACT,0.00,0,144
12/10/2024,RB504,AUH/DAM,C,11,0,0,0,0,0,11,0.00,0 %,0.00,ACT,0.00,0,11
12/10/2024,RB504,AUH/DAM,Y,144,0,0,0,0,0,141,0.00,0 %,0.00,ACT,0.00,0,144
12/10/2024,RB201,DAM/CAI,C,11,0,0,0,0,0,10,0.00,0 %,0.00,ACT,0.00,0,11
12/10/2024,RB201,DAM/CAI,Y,145,0,0,0,0,0,125,0.00,0 %,0.00,ACT,0.00,0,145
12/10/2024,RB202,CAI/DAM,C,11,0,0,0,0,0,9,0.00,0 %,0.00,ACT,0.00,0,11
12/10/2024,RB202,CAI/DAM,Y,145,0,0,0,0,0,141,0.00,0 %,0.00,ACT,0.00,0,145
12/11/2024,RB521,DAM/DOH,C,11,0,0,0,0,0,11,0.00,0 %,0.00,ACT,0.00,0,11
12/11/2024,RB521,DAM/DOH,Y,145,0,0,0,0,0,137,0.00,0 %,0.00,ACT,0.00,0,145
12/11/2024,RB515,DAM/DXB,C,11,0,0,0,0,0,10,0.00,0 %,0.00,ACT,0.00,0,11
12/11/2024,RB515,DAM/DXB,Y,144,0,0,0,0,0,140,0.00,0 %,0.00,ACT,0.00,0,144
12/11/2024,RB522,DOH/DAM,C,11,0,0,0,0,0,11,0.00,0 %,0.00,ACT,0.00,0,11
12/11/2024,RB522,DOH/DAM,Y,145,0,0,0,0,0,134,0.00,0 %,0.00,ACT,0.00,0,145
12/11/2024,RB516,DXB/DAM,C,11,0,0,0,0,0,9,0.00,0 %,0.00,ACT,0.00,0,11
12/11/2024,RB516,DXB/DAM,Y,144,0,0,0,0,0,126,0.00,0 %,0.00,ACT,0.00,0,144
12/12/2024,RB381,DAM/JED,C,11,0,0,0,0,0,9,0.00,0 %,0.00,ACT,0.00,0,11
12/12/2024,RB381,DAM/JED,Y,145,0,0,0,0,0,141,0.00,0 %,0.00,ACT,0.00,0,145
12/12/2024,RB515,DAM/DXB,C,11,0,0,0,0,0,9,0.00,0 %,0.00,ACT,0.00,0,11
12/12/2024,RB515,DAM/DXB,Y,144,0,0,0,0,0,126,0.00,0 %,0.00,ACT,0.00,0,144
12/12/2024,RB382,JED/DAM,C,11,0,0,0,0,0,11,0.00,0 %,0.00,ACT,0.00,0,11
12/12/2024,RB382,JED/DAM,Y,145,0,0,0,0,0,126,0.00,0 %,0.00,ACT,0.00,0,145
12/12/2024,RB516,DXB/DAM,C,11,0,0,0,0,0,8,0.00,0 %,0.00,ACT,0.00,0,11
12/12/2024,RB516,DXB/DAM,Y,144,0,0,0,0,0,126,0.00,0 %,0.00,ACT,0.00,0,144
12/12/2024,RB341,DAM/KWI,C,11,0,0,0,0,0,11,0.00,0 %,0.00,ACT,0.00,0,11
12/12/2024,RB341,DAM/KWI,Y,145,0,0,0,0,0,143,0.00,0 %,0.00,ACT,0.00,0,145
12/12/2024,RB201,DAM/CAI,C,11,0,0,0,0,0,8,0.00,0 %,0.00,ACT,0.00,0,11
12/12/2024,RB201,DAM/CAI,Y,145,0,0,0,0,0,129,0.00,0 %,0.00,ACT,0.00,0,145
12/12/2024,RB342,KWI/DAM,C,11,0,0,0,0,0,11,0.00,0 %,0.00,ACT,0.00,0,11
12/12/2024,RB342,KWI/DAM,Y,145,0,0,0,0,0,145,0.00,0 %,0.00,ACT,0.00,0,145
12/12/2024,RB202,CAI/DAM,C,11,0,0,0,0,0,10,0.00,0 %,0.00,ACT,0.00,0,11
12/12/2024,RB202,CAI/DAM,Y,145,0,0,0,0,0,140,0.00,0 %,0.00,ACT,0.00,0,145
12/13/2024,RB201,DAM/CAI,C,11,0,0,0,0,0,10,0.00,0 %,0.00,ACT,0.00,0,11
12/13/2024,RB201,DAM/CAI,Y,145,0,0,0,0,0,129,0.00,0 %,0.00,ACT,0.00,0,145
12/13/2024,RB202,CAI/DAM,C,11,0,0,0,0,0,11,0.00,0 %,0.00,ACT,0.00,0,11
12/13/2024,RB202,CAI/DAM,Y,145,0,0,0,0,0,143,0.00,0 %,0.00,ACT,0.00,0,145
12/13/2024,RB503,DAM/AUH,C,11,0,0,0,0,0,11,0.00,0 %,0.00,ACT,0.00,0,11
12/13/2024,RB503,DAM/AUH,Y,144,0,0,0,0,0,139,0.00,0 %,0.00,ACT,0.00,0,144
12/13/2024,RB389,DAM/RUH,C,11,0,0,0,0,0,11,0.00,0 %,0.00,ACT,0.00,0,11
12/13/2024,RB389,DAM/RUH,Y,145,0,0,0,0,0,140,0.00,0 %,0.00,ACT,0.00,0,145
12/13/2024,RB504,AUH/DAM,C,11,0,0,0,0,0,11,0.00,0 %,0.00,ACT,0.00,0,11
12/13/2024,RB504,AUH/DAM,Y,144,0,0,0,0,0,142,0.00,0 %,0.00,ACT,0.00,0,144
12/13/2024,RB390,RUH/DAM,C,11,0,0,0,0,0,11,0.00,0 %,0.00,ACT,0.00,0,11
12/13/2024,RB390,RUH/DAM,Y,145,0,0,0,0,0,139,0.00,0 %,0.00,ACT,0.00,0,145
12/14/2024,RB521,DAM/DOH,C,11,0,0,0,0,0,11,0.00,0 %,0.00,ACT,0.00,0,11
12/14/2024,RB521,DAM/DOH,Y,145,0,0,0,0,0,143,0.00,0 %,0.00,ACT,0.00,0,145
12/14/2024,RB515,DAM/DXB,C,11,0,0,0,0,0,11,0.00,0 %,0.00,ACT,0.00,0,11
12/14/2024,RB515,DAM/DXB,Y,144,0,0,0,0,0,133,0.00,0 %,0.00,ACT,0.00,0,144
12/14/2024,RB522,DOH/DAM,C,11,0,0,0,0,0,11,0.00,0 %,0.00,ACT,0.00,0,11
12/14/2024,RB522,DOH/DAM,Y,145,0,0,0,0,0,140,0.00,0 %,0.00,ACT,0.00,0,145
12/14/2024,RB516,DXB/DAM,C,11,0,0,0,0,0,9,0.00,0 %,0.00,ACT,0.00,0,11
12/14/2024,RB516,DXB/DAM,Y,144,0,0,0,0,0,119,0.00,0 %,0.00,ACT,0.00,0,144
12/14/2024,RB341,DAM/KWI,C,11,0,0,0,0,0,11,0.00,0 %,0.00,ACT,0.00,0,11
12/14/2024,RB341,DAM/KWI,Y,145,0,0,0,0,0,143,0.00,0 %,0.00,ACT,0.00,0,145
12/14/2024,RB201,DAM/CAI,C,11,0,0,0,0,0,9,0.00,0 %,0.00,ACT,0.00,0,11
12/14/2024,RB201,DAM/CAI,Y,145,0,0,0,0,0,123,0.00,0 %,0.00,ACT,0.00,0,145
12/14/2024,RB342,KWI/DAM,C,11,0,0,0,0,0,11,0.00,0 %,0.00,ACT,0.00,0,11
12/14/2024,RB342,KWI/DAM,Y,145,0,0,0,0,0,144,0.00,0 %,0.00,ACT,0.00,0,145
12/14/2024,RB202,CAI/DAM,C,11,0,0,0,0,0,11,0.00,0 %,0.00,ACT,0.00,0,11
12/14/2024,RB202,CAI/DAM,Y,145,0,0,0,0,0,137,0.00,0 %,0.00,ACT,0.00,0,145
12/15/2024,RB441,DAM/VKO,C,11,0,0,0,0,0,11,0.00,0 %,0.00,ACT,0.00,0,11
12/15/2024,RB441,DAM/VKO,Y,96,0,0,0,0,0,91,0.00,0 %,0.00,ACT,0.00,0,96
12/15/2024,RB389,DAM/RUH,C,11,0,0,0,0,0,10,0.00,0 %,0.00,ACT,0.00,0,11
12/15/2024,RB389,DAM/RUH,Y,145,0,0,0,0,0,143,0.00,0 %,0.00,ACT,0.00,0,145
12/15/2024,RB390,RUH/DAM,C,11,0,0,0,0,0,10,0.00,0 %,0.00,ACT,0.00,0,11
12/15/2024,RB390,RUH/DAM,Y,145,0,0,0,0,0,145,0.00,0 %,0.00,ACT,0.00,0,145
12/15/2024,RB442,VKO/DAM,C,11,0,0,0,0,0,11,0.00,0 %,0.00,ACT,0.00,0,11
12/15/2024,RB442,VKO/DAM,Y,114,0,0,0,0,0,108,0.00,0 %,0.00,ACT,0.00,0,114
12/15/2024,RB517,DAM/DXB,C,11,0,0,0,0,0,10,0.00,0 %,0.00,ACT,0.00,0,11
12/15/2024,RB517,DAM/DXB,Y,144,0,0,0,0,0,130,0.00,0 %,0.00,ACT,0.00,0,144
12/16/2024,RB518,DXB/DAM,C,11,0,0,0,0,0,7,0.00,0 %,0.00,ACT,0.00,0,11
12/16/2024,RB518,DXB/DAM,Y,144,0,0,0,0,0,140,0.00,0 %,0.00,ACT,0.00,0,144
12/16/2024,RB515,DAM/DXB,C,11,0,0,0,0,0,11,0.00,0 %,0.00,ACT,0.00,0,11
12/16/2024,RB515,DAM/DXB,Y,144,0,0,0,0,0,126,0.00,0 %,0.00,ACT,0.00,0,144
12/16/2024,RB201,DAM/CAI,C,11,0,0,0,0,0,7,0.00,0 %,0.00,ACT,0.00,0,11
12/16/2024,RB201,DAM/CAI,Y,145,0,0,0,0,0,131,0.00,0 %,0.00,ACT,0.00,0,145
12/16/2024,RB516,DXB/DAM,C,11,0,0,0,0,0,10,0.00,0 %,0.00,ACT,0.00,0,11
12/16/2024,RB516,DXB/DAM,Y,144,0,0,0,0,0,124,0.00,0 %,0.00,ACT,0.00,0,144
12/16/2024,RB202,CAI/DAM,C,11,0,0,0,0,0,11,0.00,0 %,0.00,ACT,0.00,0,11
12/16/2024,RB202,CAI/DAM,Y,145,0,0,0,0,0,138,0.00,0 %,0.00,ACT,0.00,0,145
12/16/2024,RB381,DAM/JED,C,11,0,0,0,0,0,11,0.00,0 %,0.00,ACT,0.00,0,11
12/16/2024,RB381,DAM/JED,Y,145,0,0,0,0,0,138,0.00,0 %,0.00,ACT,0.00,0,145
12/16/2024,RB382,JED/DAM,C,11,0,0,0,0,0,11,0.00,0 %,0.00,ACT,0.00,0,11
12/16/2024,RB382,JED/DAM,Y,145,0,0,0,0,0,140,0.00,0 %,0.00,ACT,0.00,0,145
12/16/2024,RB521,DAM/DOH,C,11,0,0,0,0,0,11,0.00,0 %,0.00,ACT,0.00,0,11
12/16/2024,RB521,DAM/DOH,Y,145,0,0,0,0,0,142,0.00,0 %,0.00,ACT,0.00,0,145
12/17/2024,RB522,DOH/DAM,C,11,0,0,0,0,0,11,0.00,0 %,0.00,ACT,0.00,0,11
12/17/2024,RB522,DOH/DAM,Y,145,0,0,0,0,0,143,0.00,0 %,0.00,ACT,0.00,0,145
12/17/2024,RB501,DAM/SHJ,C,11,0,0,0,0,0,11,0.00,0 %,0.00,ACT,0.00,0,11
12/17/2024,RB501,DAM/SHJ,Y,144,0,0,0,0,0,138,0.00,0 %,0.00,ACT,0.00,0,144
12/17/2024,RB503,DAM/AUH,C,11,0,0,0,0,0,10,0.00,0 %,0.00,ACT,0.00,0,11
12/17/2024,RB503,DAM/AUH,Y,144,0,0,0,0,0,143,0.00,0 %,0.00,ACT,0.00,0,144
12/17/2024,RB502,SHJ/DAM,C,11,0,0,0,0,0,6,0.00,0 %,0.00,ACT,0.00,0,11
12/17/2024,RB502,SHJ/DAM,Y,144,0,0,0,0,0,133,0.00,0 %,0.00,ACT,0.00,0,144
12/17/2024,RB504,AUH/DAM,C,11,0,0,0,0,0,11,0.00,0 %,0.00,ACT,0.00,0,11
12/17/2024,RB504,AUH/DAM,Y,144,0,0,0,0,0,140,0.00,0 %,0.00,ACT,0.00,0,144
12/17/2024,RB201,DAM/CAI,C,11,0,0,0,0,0,11,0.00,0 %,0.00,ACT,0.00,0,11
12/17/2024,RB201,DAM/CAI,Y,145,0,0,0,0,0,138,0.00,0 %,0.00,ACT,0.00,0,145
12/17/2024,RB202,CAI/DAM,C,11,0,0,0,0,0,11,0.00,0 %,0.00,ACT,0.00,0,11
12/17/2024,RB202,CAI/DAM,Y,145,0,0,0,0,0,144,0.00,0 %,0.00,ACT,0.00,0,145
12/18/2024,RB521,DAM/DOH,C,11,0,0,0,0,0,11,0.00,0 %,0.00,ACT,0.00,0,11
12/18/2024,RB521,DAM/DOH,Y,145,0,0,0,0,0,143,0.00,0 %,0.00,ACT,0.00,0,145
12/18/2024,RB515,DAM/DXB,C,11,0,0,0,0,0,8,0.00,0 %,0.00,ACT,0.00,0,11
12/18/2024,RB515,DAM/DXB,Y,144,0,0,0,0,0,130,0.00,0 %,0.00,ACT,0.00,0,144
12/18/2024,RB522,DOH/DAM,C,11,0,0,0,0,0,8,0.00,0 %,0.00,ACT,0.00,0,11
12/18/2024,RB522,DOH/DAM,Y,145,0,0,0,0,0,140,0.00,0 %,0.00,ACT,0.00,0,145
12/18/2024,RB516,DXB/DAM,C,11,0,0,0,0,0,8,0.00,0 %,0.00,ACT,0.00,0,11
12/18/2024,RB516,DXB/DAM,Y,144,0,0,0,0,0,126,0.00,0 %,0.00,ACT,0.00,0,144
12/19/2024,RB381,DAM/JED,C,11,0,0,0,0,0,10,0.00,0 %,0.00,ACT,0.00,0,11
12/19/2024,RB381,DAM/JED,Y,145,0,0,0,0,0,142,0.00,0 %,0.00,ACT,0.00,0,145
12/19/2024,RB515,DAM/DXB,C,11,0,0,0,0,0,10,0.00,0 %,0.00,ACT,0.00,0,11
12/19/2024,RB515,DAM/DXB,Y,144,0,0,0,0,0,127,0.00,0 %,0.00,ACT,0.00,0,144
12/19/2024,RB382,JED/DAM,C,11,0,0,0,0,0,11,0.00,0 %,0.00,ACT,0.00,0,11
12/19/2024,RB382,JED/DAM,Y,145,0,0,0,0,0,141,0.00,0 %,0.00,ACT,0.00,0,145
12/19/2024,RB516,DXB/DAM,C,11,0,0,0,0,0,10,0.00,0 %,0.00,ACT,0.00,0,11
12/19/2024,RB516,DXB/DAM,Y,144,0,0,0,0,0,124,0.00,0 %,0.00,ACT,0.00,0,144
12/19/2024,RB341,DAM/KWI,C,11,0,0,0,0,0,11,0.00,0 %,0.00,ACT,0.00,0,11
12/19/2024,RB341,DAM/KWI,Y,145,0,0,0,0,0,145,0.00,0 %,0.00,ACT,0.00,0,145
12/19/2024,RB201,DAM/CAI,C,11,0,0,0,0,0,10,0.00,0 %,0.00,ACT,0.00,0,11
12/19/2024,RB201,DAM/CAI,Y,145,0,0,0,0,0,137,0.00,0 %,0.00,ACT,0.00,0,145
12/19/2024,RB342,KWI/DAM,C,11,0,0,0,0,0,11,0.00,0 %,0.00,ACT,0.00,0,11
12/19/2024,RB342,KWI/DAM,Y,145,0,0,0,0,0,144,0.00,0 %,0.00,ACT,0.00,0,145
12/19/2024,RB202,CAI/DAM,C,11,0,0,0,0,0,10,0.00,0 %,0.00,ACT,0.00,0,11
12/19/2024,RB202,CAI/DAM,Y,145,0,0,0,0,0,142,0.00,0 %,0.00,ACT,0.00,0,145
12/20/2024,RB201,DAM/CAI,C,11,0,0,0,0,0,9,0.00,0 %,0.00,ACT,0.00,0,11
12/20/2024,RB201,DAM/CAI,Y,145,0,0,0,0,0,140,0.00,0 %,0.00,ACT,0.00,0,145
12/20/2024,RB202,CAI/DAM,C,11,0,0,0,0,0,11,0.00,0 %,0.00,ACT,0.00,0,11
12/20/2024,RB202,CAI/DAM,Y,145,0,0,0,0,0,138,0.00,0 %,0.00,ACT,0.00,0,145
12/20/2024,RB503,DAM/AUH,C,11,0,0,0,0,0,11,0.00,0 %,0.00,ACT,0.00,0,11
12/20/2024,RB503,DAM/AUH,Y,144,0,0,0,0,0,140,0.00,0 %,0.00,ACT,0.00,0,144
12/20/2024,RB389,DAM/RUH,C,11,0,0,0,0,0,11,0.00,0 %,0.00,ACT,0.00,0,11
12/20/2024,RB389,DAM/RUH,Y,145,0,0,0,0,0,144,0.00,0 %,0.00,ACT,0.00,0,145
12/20/2024,RB504,AUH/DAM,C,11,0,0,0,0,0,10,0.00,0 %,0.00,ACT,0.00,0,11
12/20/2024,RB504,AUH/DAM,Y,144,0,0,0,0,0,137,0.00,0 %,0.00,ACT,0.00,0,144
12/20/2024,RB390,RUH/DAM,C,11,0,0,0,0,0,11,0.00,0 %,0.00,ACT,0.00,0,11
12/20/2024,RB390,RUH/DAM,Y,145,0,0,0,0,0,139,0.00,0 %,0.00,ACT,0.00,0,145
12/21/2024,RB521,DAM/DOH,C,11,0,0,0,0,0,11,0.00,0 %,0.00,ACT,0.00,0,11
12/21/2024,RB521,DAM/DOH,Y,145,0,0,0,0,0,143,0.00,0 %,0.00,ACT,0.00,0,145
12/21/2024,RB515,DAM/DXB,C,11,0,0,0,0,0,11,0.00,0 %,0.00,ACT,0.00,0,11
12/21/2024,RB515,DAM/DXB,Y,144,0,0,0,0,0,137,0.00,0 %,0.00,ACT,0.00,0,144
12/21/2024,RB522,DOH/DAM,C,11,0,0,0,0,0,11,0.00,0 %,0.00,ACT,0.00,0,11
12/21/2024,RB522,DOH/DAM,Y,145,0,0,0,0,0,142,0.00,0 %,0.00,ACT,0.00,0,145
12/21/2024,RB516,DXB/DAM,C,11,0,0,0,0,0,10,0.00,0 %,0.00,ACT,0.00,0,11
12/21/2024,RB516,DXB/DAM,Y,144,0,0,0,0,0,129,0.00,0 %,0.00,ACT,0.00,0,144
12/21/2024,RB341,DAM/KWI,C,11,0,0,0,0,0,11,0.00,0 %,0.00,ACT,0.00,0,11
12/21/2024,RB341,DAM/KWI,Y,145,0,0,0,0,0,144,0.00,0 %,0.00,ACT,0.00,0,145
12/21/2024,RB201,DAM/CAI,C,11,0,0,0,0,0,11,0.00,0 %,0.00,ACT,0.00,0,11
12/21/2024,RB201,DAM/CAI,Y,145,0,0,0,0,0,139,0.00,0 %,0.00,ACT,0.00,0,145
12/21/2024,RB342,KWI/DAM,C,11,0,0,0,0,0,11,0.00,0 %,0.00,ACT,0.00,0,11
12/21/2024,RB342,KWI/DAM,Y,145,0,0,0,0,0,144,0.00,0 %,0.00,ACT,0.00,0,145
12/21/2024,RB202,CAI/DAM,C,11,0,0,0,0,0,11,0.00,0 %,0.00,ACT,0.00,0,11
12/21/2024,RB202,CAI/DAM,Y,145,0,0,0,0,0,135,0.00,0 %,0.00,ACT,0.00,0,145
12/22/2024,RB441,DAM/VKO,C,11,0,0,0,0,0,10,0.00,0 %,0.00,ACT,0.00,0,11
12/22/2024,RB441,DAM/VKO,Y,96,0,0,0,0,0,96,0.00,0 %,0.00,ACT,0.00,0,96
12/22/2024,RB389,DAM/RUH,C,11,0,0,0,0,0,10,0.00,0 %,0.00,ACT,0.00,0,11
12/22/2024,RB389,DAM/RUH,Y,145,0,0,0,0,0,144,0.00,0 %,0.00,ACT,0.00,0,145
01/07/2025,RB501,DAM/SHJ,C,11,0,0,0,0,0,2,0.00,0 %,0.00,ACT,0.00,0,11
01/07/2025,RB501,DAM/SHJ,Y,144,0,0,0,0,0,3,0.00,0 %,0.00,ACT,0.00,0,144
01/07/2025,RB502,SHJ/DAM,C,11,0,0,0,0,0,0,0.00,0 %,0.00,ACT,0.00,0,11
01/07/2025,RB502,SHJ/DAM,Y,144,0,0,0,0,0,2,0.00,0 %,0.00,ACT,0.00,0,144
01/08/2025,RB521,DAM/DOH,C,11,0,0,0,0,0,2,0.00,0 %,0.00,ACT,0.00,0,11
01/08/2025,RB521,DAM/DOH,Y,145,0,0,0,0,0,15,0.00,0 %,0.00,ACT,0.00,0,145
01/08/2025,RB522,DOH/DAM,C,11,0,0,0,0,0,11,0.00,0 %,0.00,ACT,0.00,0,11
01/08/2025,RB522,DOH/DAM,Y,145,0,0,0,0,0,48,0.00,0 %,0.00,ACT,0.00,0,145
01/09/2025,RB381,DAM/JED,C,11,0,0,0,0,0,11,0.00,0 %,0.00,ACT,0.00,0,11
01/09/2025,RB381,DAM/JED,Y,145,0,0,0,0,0,97,0.00,0 %,0.00,ACT,0.00,0,145
01/09/2025,RB382,JED/DAM,C,11,0,0,0,0,0,5,0.00,0 %,0.00,ACT,0.00,0,11
01/09/2025,RB382,JED/DAM,Y,145,0,0,0,0,0,121,0.00,0 %,0.00,ACT,0.00,0,145
01/10/2025,RB389,DAM/RUH,C,11,0,0,0,0,0,9,0.00,0 %,0.00,ACT,0.00,0,11
01/10/2025,RB389,DAM/RUH,Y,145,0,0,0,0,0,87,0.00,0 %,0.00,ACT,0.00,0,145
01/10/2025,RB390,RUH/DAM,C,11,0,0,0,0,0,7,0.00,0 %,0.00,ACT,0.00,0,11
01/10/2025,RB390,RUH/DAM,Y,145,0,0,0,0,0,50,0.00,0 %,0.00,ACT,0.00,0,145
01/11/2025,RB521,DAM/DOH,C,11,0,0,0,0,0,3,0.00,0 %,0.00,ACT,0.00,0,11
01/11/2025,RB521,DAM/DOH,Y,145,0,0,0,0,0,15,0.00,0 %,0.00,ACT,0.00,0,145
01/11/2025,RB522,DOH/DAM,C,11,0,0,0,0,0,7,0.00,0 %,0.00,ACT,0.00,0,11
01/11/2025,RB522,DOH/DAM,Y,145,0,0,0,0,0,33,0.00,0 %,0.00,ACT,0.00,0,145
01/11/2025,RB341,DAM/KWI,C,11,0,0,0,0,0,10,0.00,0 %,0.00,ACT,0.00,0,11
01/11/2025,RB341,DAM/KWI,Y,145,0,0,0,0,0,26,0.00,0 %,0.00,ACT,0.00,0,145
01/11/2025,RB342,KWI/DAM,C,11,0,0,0,0,0,1,0.00,0 %,0.00,ACT,0.00,0,11
01/11/2025,RB342,KWI/DAM,Y,145,0,0,0,0,0,9,0.00,0 %,0.00,ACT,0.00,0,145
01/12/2025,RB389,DAM/RUH,C,11,0,0,0,0,0,10,0.00,0 %,0.00,ACT,0.00,0,11
01/12/2025,RB389,DAM/RUH,Y,145,0,0,0,0,0,97,0.00,0 %,0.00,ACT,0.00,0,145
01/12/2025,RB390,RUH/DAM,C,11,0,0,0,0,0,4,0.00,0 %,0.00,ACT,0.00,0,11
01/12/2025,RB390,RUH/DAM,Y,145,0,0,0,0,0,88,0.00,0 %,0.00,ACT,0.00,0,145
01/13/2025,RB521,DAM/DOH,C,11,0,0,0,0,0,10,0.00,0 %,0.00,ACT,0.00,0,11
01/13/2025,RB521,DAM/DOH,Y,145,0,0,0,0,0,90,0.00,0 %,0.00,ACT,0.00,0,145
01/13/2025,RB522,DOH/DAM,C,11,0,0,0,0,0,8,0.00,0 %,0.00,ACT,0.00,0,11
01/13/2025,RB522,DOH/DAM,Y,145,0,0,0,0,0,122,0.00,0 %,0.00,ACT,0.00,0,145
01/13/2025,RB381,DAM/JED,C,11,0,0,0,0,0,11,0.00,0 %,0.00,ACT,0.00,0,11
01/13/2025,RB381,DAM/JED,Y,145,0,0,0,0,0,76,0.00,0 %,0.00,ACT,0.00,0,145
01/13/2025,RB382,JED/DAM,C,11,0,0,0,0,0,11,0.00,0 %,0.00,ACT,0.00,0,11
01/13/2025,RB382,JED/DAM,Y,145,0,0,0,0,0,107,0.00,0 %,0.00,ACT,0.00,0,145
01/14/2025,RB341,DAM/KWI,C,11,0,0,0,0,0,11,0.00,0 %,0.00,ACT,0.00,0,11
01/14/2025,RB341,DAM/KWI,Y,145,0,0,0,0,0,85,0.00,0 %,0.00,ACT,0.00,0,145
01/14/2025,RB342,KWI/DAM,C,11,0,0,0,0,0,11,0.00,0 %,0.00,ACT,0.00,0,11
01/14/2025,RB342,KWI/DAM,Y,145,0,0,0,0,0,63,0.00,0 %,0.00,ACT,0.00,0,145
01/15/2025,RB521,DAM/DOH,C,11,0,0,0,0,0,8,0.00,0 %,0.00,ACT,0.00,0,11
01/15/2025,RB521,DAM/DOH,Y,145,0,0,0,0,0,9,0.00,0 %,0.00,ACT,0.00,0,145
01/15/2025,RB522,DOH/DAM,C,11,0,0,0,0,0,7,0.00,0 %,0.00,ACT,0.00,0,11
01/15/2025,RB522,DOH/DAM,Y,145,0,0,0,0,0,25,0.00,0 %,0.00,ACT,0.00,0,145
01/16/2025,RB381,DAM/JED,C,11,0,0,0,0,0,2,0.00,0 %,0.00,ACT,0.00,0,11
01/16/2025,RB381,DAM/JED,Y,145,0,0,0,0,0,35,0.00,0 %,0.00,ACT,0.00,0,145
01/16/2025,RB382,JED/DAM,C,11,0,0,0,0,0,5,0.00,0 %,0.00,ACT,0.00,0,11
01/16/2025,RB382,JED/DAM,Y,145,0,0,0,0,0,94,0.00,0 %,0.00,ACT,0.00,0,145
01/16/2025,RB341,DAM/KWI,C,11,0,0,0,0,0,11,0.00,0 %,0.00,ACT,0.00,0,11
01/16/2025,RB341,DAM/KWI,Y,145,0,0,0,0,0,43,0.00,0 %,0.00,ACT,0.00,0,145
01/16/2025,RB342,KWI/DAM,C,11,0,0,0,0,0,0,0.00,0 %,0.00,ACT,0.00,0,11
01/16/2025,RB342,KWI/DAM,Y,145,0,0,0,0,0,0,0.00,0 %,0.00,ACT,0.00,0,145
01/17/2025,RB389,DAM/RUH,C,11,0,0,0,0,0,5,0.00,0 %,0.00,ACT,0.00,0,11
01/17/2025,RB389,DAM/RUH,Y,145,0,0,0,0,0,23,0.00,0 %,0.00,ACT,0.00,0,145
01/17/2025,RB390,RUH/DAM,C,11,0,0,0,0,0,9,0.00,0 %,0.00,ACT,0.00,0,11
01/17/2025,RB390,RUH/DAM,Y,145,0,0,0,0,0,65,0.00,0 %,0.00,ACT,0.00,0,145
01/18/2025,RB521,DAM/DOH,C,11,0,0,0,0,0,2,0.00,0 %,0.00,ACT,0.00,0,11
01/18/2025,RB521,DAM/DOH,Y,145,0,0,0,0,0,19,0.00,0 %,0.00,ACT,0.00,0,145
01/18/2025,RB522,DOH/DAM,C,11,0,0,0,0,0,10,0.00,0 %,0.00,ACT,0.00,0,11
01/18/2025,RB522,DOH/DAM,Y,145,0,0,0,0,0,64,0.00,0 %,0.00,ACT,0.00,0,145
01/18/2025,RB341,DAM/KWI,C,11,0,0,0,0,0,10,0.00,0 %,0.00,ACT,0.00,0,11
01/18/2025,RB341,DAM/KWI,Y,145,0,0,0,0,0,74,0.00,0 %,0.00,ACT,0.00,0,145
01/18/2025,RB342,KWI/DAM,C,11,0,0,0,0,0,6,0.00,0 %,0.00,ACT,0.00,0,11
01/18/2025,RB342,KWI/DAM,Y,145,0,0,0,0,0,0,0.00,0 %,0.00,ACT,0.00,0,145
01/19/2025,RB389,DAM/RUH,C,11,0,0,0,0,0,8,0.00,0 %,0.00,ACT,0.00,0,11
01/19/2025,RB389,DAM/RUH,Y,145,0,0,0,0,0,79,0.00,0 %,0.00,ACT,0.00,0,145
01/19/2025,RB390,RUH/DAM,C,11,0,0,0,0,0,9,0.00,0 %,0.00,ACT,0.00,0,11
01/19/2025,RB390,RUH/DAM,Y,145,0,0,0,0,0,43,0.00,0 %,0.00,ACT,0.00,0,145
01/20/2025,RB0521,DAM/DOH,C,11,0,0,0,0,0,11,0.00,0 %,0.00,ACT,0.00,0,11
01/20/2025,RB0521,DAM/DOH,Y,144,0,0,0,0,0,47,0.00,0 %,0.00,ACT,0.00,0,144
01/20/2025,RB522,DOH/DAM,C,11,0,0,0,0,0,10,0.00,0 %,0.00,ACT,0.00,0,11
01/20/2025,RB522,DOH/DAM,Y,145,0,0,0,0,0,110,0.00,0 %,0.00,ACT,0.00,0,145
01/20/2025,RB381,DAM/JED,C,11,0,0,0,0,0,5,0.00,0 %,0.00,ACT,0.00,0,11
01/20/2025,RB381,DAM/JED,Y,145,0,0,0,0,0,72,0.00,0 %,0.00,ACT,0.00,0,145
01/20/2025,RB382,JED/DAM,C,11,0,0,0,0,0,10,0.00,0 %,0.00,ACT,0.00,0,11
01/20/2025,RB382,JED/DAM,Y,145,0,0,0,0,0,84,0.00,0 %,0.00,ACT,0.00,0,145
01/21/2025,RB341,DAM/KWI,C,11,0,0,0,0,0,11,0.00,0 %,0.00,ACT,0.00,0,11
01/21/2025,RB341,DAM/KWI,Y,145,0,0,0,0,0,59,0.00,0 %,0.00,ACT,0.00,0,145
01/21/2025,RB342,KWI/DAM,C,11,0,0,0,0,0,11,0.00,0 %,0.00,ACT,0.00,0,11
01/21/2025,RB342,KWI/DAM,Y,145,0,0,0,0,0,6,0.00,0 %,0.00,ACT,0.00,0,145
01/22/2025,RB521,DAM/DOH,C,11,0,0,0,0,0,10,0.00,0 %,0.00,ACT,0.00,0,11
01/22/2025,RB521,DAM/DOH,Y,145,0,0,0,0,0,8,0.00,0 %,0.00,ACT,0.00,0,145
01/22/2025,RB522,DOH/DAM,C,11,0,0,0,0,0,6,0.00,0 %,0.00,ACT,0.00,0,11
01/22/2025,RB522,DOH/DAM,Y,145,0,0,0,0,0,58,0.00,0 %,0.00,ACT,0.00,0,145
01/23/2025,RB381,DAM/JED,C,11,0,0,0,0,0,11,0.00,0 %,0.00,ACT,0.00,0,11
01/23/2025,RB381,DAM/JED,Y,145,0,0,0,0,0,79,0.00,0 %,0.00,ACT,0.00,0,145
01/23/2025,RB382,JED/DAM,C,11,0,0,0,0,0,3,0.00,0 %,0.00,ACT,0.00,0,11
01/23/2025,RB382,JED/DAM,Y,145,0,0,0,0,0,57,0.00,0 %,0.00,ACT,0.00,0,145
01/23/2025,RB341,DAM/KWI,C,11,0,0,0,0,0,5,0.00,0 %,0.00,ACT,0.00,0,11
01/23/2025,RB341,DAM/KWI,Y,145,0,0,0,0,0,3,0.00,0 %,0.00,ACT,0.00,0,145
01/23/2025,RB342,KWI/DAM,C,11,0,0,0,0,0,6,0.00,0 %,0.00,ACT,0.00,0,11
01/23/2025,RB342,KWI/DAM,Y,145,0,0,0,0,0,9,0.00,0 %,0.00,ACT,0.00,0,145
01/24/2025,RB389,DAM/RUH,C,11,0,0,0,0,0,0,0.00,0 %,0.00,ACT,0.00,0,11
01/24/2025,RB389,DAM/RUH,Y,145,0,0,0,0,0,8,0.00,0 %,0.00,ACT,0.00,0,145
01/24/2025,RB390,RUH/DAM,C,11,0,0,0,0,0,4,0.00,0 %,0.00,ACT,0.00,0,11
01/24/2025,RB390,RUH/DAM,Y,145,0,0,0,0,0,34,0.00,0 %,0.00,ACT,0.00,0,145
01/25/2025,RB521,DAM/DOH,C,11,0,0,0,0,0,4,0.00,0 %,0.00,ACT,0.00,0,11
01/25/2025,RB521,DAM/DOH,Y,145,0,0,0,0,0,8,0.00,0 %,0.00,ACT,0.00,0,145
01/25/2025,RB522,DOH/DAM,C,11,0,0,0,0,0,8,0.00,0 %,0.00,ACT,0.00,0,11
01/25/2025,RB522,DOH/DAM,Y,145,0,0,0,0,0,30,0.00,0 %,0.00,ACT,0.00,0,145
01/25/2025,RB341,DAM/KWI,C,11,0,0,0,0,0,8,0.00,0 %,0.00,ACT,0.00,0,11
01/25/2025,RB341,DAM/KWI,Y,145,0,0,0,0,0,1,0.00,0 %,0.00,ACT,0.00,0,145
01/25/2025,RB342,KWI/DAM,C,11,0,0,0,0,0,5,0.00,0 %,0.00,ACT,0.00,0,11
01/25/2025,RB342,KWI/DAM,Y,145,0,0,0,0,0,34,0.00,0 %,0.00,ACT,0.00,0,145
01/26/2025,RB389,DAM/RUH,C,11,0,0,0,0,0,7,0.00,0 %,0.00,ACT,0.00,0,11
01/26/2025,RB389,DAM/RUH,Y,145,0,0,0,0,0,53,0.00,0 %,0.00,ACT,0.00,0,145
01/26/2025,RB390,RUH/DAM,C,11,0,0,0,0,0,2,0.00,0 %,0.00,ACT,0.00,0,11
01/26/2025,RB390,RUH/DAM,Y,145,0,0,0,0,0,35,0.00,0 %,0.00,ACT,0.00,0,145
01/27/2025,RB521,DAM/DOH,C,11,0,0,0,0,0,6,0.00,0 %,0.00,ACT,0.00,0,11
01/27/2025,RB521,DAM/DOH,Y,145,0,0,0,0,0,25,0.00,0 %,0.00,ACT,0.00,0,145
01/27/2025,RB522,DOH/DAM,C,11,0,0,0,0,0,9,0.00,0 %,0.00,ACT,0.00,0,11
01/27/2025,RB522,DOH/DAM,Y,145,0,0,0,0,0,102,0.00,0 %,0.00,ACT,0.00,0,145
01/27/2025,RB381,DAM/JED,C,11,0,0,0,0,0,5,0.00,0 %,0.00,ACT,0.00,0,11
01/27/2025,RB381,DAM/JED,Y,145,0,0,0,0,0,47,0.00,0 %,0.00,ACT,0.00,0,145
01/27/2025,RB382,JED/DAM,C,11,0,0,0,0,0,11,0.00,0 %,0.00,ACT,0.00,0,11
01/27/2025,RB382,JED/DAM,Y,145,0,0,0,0,0,70,0.00,0 %,0.00,ACT,0.00,0,145
01/28/2025,RB341,DAM/KWI,C,11,0,0,0,0,0,11,0.00,0 %,0.00,ACT,0.00,0,11
01/28/2025,RB341,DAM/KWI,Y,145,0,0,0,0,0,2,0.00,0 %,0.00,ACT,0.00,0,145
01/28/2025,RB342,KWI/DAM,C,11,0,0,0,0,0,11,0.00,0 %,0.00,ACT,0.00,0,11
01/28/2025,RB342,KWI/DAM,Y,145,0,0,0,0,0,80,0.00,0 %,0.00,ACT,0.00,0,145
01/29/2025,RB521,DAM/DOH,C,11,0,0,0,0,0,5,0.00,0 %,0.00,ACT,0.00,0,11
01/29/2025,RB521,DAM/DOH,Y,145,0,0,0,0,0,7,0.00,0 %,0.00,ACT,0.00,0,145
01/29/2025,RB522,DOH/DAM,C,11,0,0,0,0,0,4,0.00,0 %,0.00,ACT,0.00,0,11
01/29/2025,RB522,DOH/DAM,Y,145,0,0,0,0,0,29,0.00,0 %,0.00,ACT,0.00,0,145
01/30/2025,RB381,DAM/JED,C,11,0,0,0,0,0,9,0.00,0 %,0.00,ACT,0.00,0,11
01/30/2025,RB381,DAM/JED,Y,145,0,0,0,0,0,70,0.00,0 %,0.00,ACT,0.00,0,145
01/30/2025,RB382,JED/DAM,C,11,0,0,0,0,0,1,0.00,0 %,0.00,ACT,0.00,0,11
01/30/2025,RB382,JED/DAM,Y,145,0,0,0,0,0,41,0.00,0 %,0.00,ACT,0.00,0,145
01/30/2025,RB341,DAM/KWI,C,11,0,0,0,0,0,10,0.00,0 %,0.00,ACT,0.00,0,11
01/30/2025,RB341,DAM/KWI,Y,145,0,0,0,0,0,0,0.00,0 %,0.00,ACT,0.00,0,145
01/30/2025,RB342,KWI/DAM,C,11,0,0,0,0,0,10,0.00,0 %,0.00,ACT,0.00,0,11
01/30/2025,RB342,KWI/DAM,Y,145,0,0,0,0,0,32,0.00,0 %,0.00,ACT,0.00,0,145
01/31/2025,RB389,DAM/RUH,C,11,0,0,0,0,0,0,0.00,0 %,0.00,ACT,0.00,0,11
01/31/2025,RB389,DAM/RUH,Y,145,0,0,0,0,0,0,0.00,0 %,0.00,ACT,0.00,0,145
01/31/2025,RB390,RUH/DAM,C,11,0,0,0,0,0,5,0.00,0 %,0.00,ACT,0.00,0,11
01/31/2025,RB390,RUH/DAM,Y,145,0,0,0,0,0,34,0.00,0 %,0.00,ACT,0.00,0,145
02/01/2025,RB521,DAM/DOH,C,11,0,0,0,0,0,11,0.00,0 %,0.00,ACT,0.00,0,11
02/01/2025,RB521,DAM/DOH,Y,145,0,0,0,0,0,31,0.00,0 %,0.00,ACT,0.00,0,145
02/01/2025,RB522,DOH/DAM,C,11,0,0,0,0,0,3,0.00,0 %,0.00,ACT,0.00,0,11
02/01/2025,RB522,DOH/DAM,Y,145,0,0,0,0,0,9,0.00,0 %,0.00,ACT,0.00,0,145
02/01/2025,RB341,DAM/KWI,C,11,0,0,0,0,0,5,0.00,0 %,0.00,ACT,0.00,0,11
02/01/2025,RB341,DAM/KWI,Y,145,0,0,0,0,0,6,0.00,0 %,0.00,ACT,0.00,0,145
02/01/2025,RB342,KWI/DAM,C,11,0,0,0,0,0,10,0.00,0 %,0.00,ACT,0.00,0,11
02/01/2025,RB342,KWI/DAM,Y,145,0,0,0,0,0,43,0.00,0 %,0.00,ACT,0.00,0,145
02/02/2025,RB389,DAM/RUH,C,11,0,0,0,0,0,6,0.00,0 %,0.00,ACT,0.00,0,11
02/02/2025,RB389,DAM/RUH,Y,145,0,0,0,0,0,76,0.00,0 %,0.00,ACT,0.00,0,145
02/02/2025,RB390,RUH/DAM,C,11,0,0,0,0,0,0,0.00,0 %,0.00,ACT,0.00,0,11
02/02/2025,RB390,RUH/DAM,Y,145,0,0,0,0,0,11,0.00,0 %,0.00,ACT,0.00,0,145
02/03/2025,RB381,DAM/JED,C,11,0,0,0,0,0,9,0.00,0 %,0.00,ACT,0.00,0,11
02/03/2025,RB381,DAM/JED,Y,145,0,0,0,0,0,26,0.00,0 %,0.00,ACT,0.00,0,145
02/03/2025,RB382,JED/DAM,C,11,0,0,0,0,0,8,0.00,0 %,0.00,ACT,0.00,0,11
02/03/2025,RB382,JED/DAM,Y,145,0,0,0,0,0,44,0.00,0 %,0.00,ACT,0.00,0,145
02/04/2025,RB341,DAM/KWI,C,11,0,0,0,0,0,6,0.00,0 %,0.00,ACT,0.00,0,11
02/04/2025,RB341,DAM/KWI,Y,145,0,0,0,0,0,15,0.00,0 %,0.00,ACT,0.00,0,145
02/04/2025,RB342,KWI/DAM,C,11,0,0,0,0,0,10,0.00,0 %,0.00,ACT,0.00,0,11
02/04/2025,RB342,KWI/DAM,Y,145,0,0,0,0,0,0,0.00,0 %,0.00,ACT,0.00,0,145
02/05/2025,RB521,DAM/DOH,C,11,0,0,0,0,0,8,0.00,0 %,0.00,ACT,0.00,0,11
02/05/2025,RB521,DAM/DOH,Y,145,0,0,0,0,0,42,0.00,0 %,0.00,ACT,0.00,0,145
02/05/2025,RB522,DOH/DAM,C,11,0,0,0,0,0,5,0.00,0 %,0.00,ACT,0.00,0,11
02/05/2025,RB522,DOH/DAM,Y,145,0,0,0,0,0,38,0.00,0 %,0.00,ACT,0.00,0,145
02/06/2025,RB381,DAM/JED,C,11,0,0,0,0,0,2,0.00,0 %,0.00,ACT,0.00,0,11
02/06/2025,RB381,DAM/JED,Y,145,0,0,0,0,0,66,0.00,0 %,0.00,ACT,0.00,0,145
02/06/2025,RB382,JED/DAM,C,11,0,0,0,0,0,4,0.00,0 %,0.00,ACT,0.00,0,11
02/06/2025,RB382,JED/DAM,Y,145,0,0,0,0,0,23,0.00,0 %,0.00,ACT,0.00,0,145
02/06/2025,RB341,DAM/KWI,C,11,0,0,0,0,0,10,0.00,0 %,0.00,ACT,0.00,0,11
02/06/2025,RB341,DAM/KWI,Y,145,0,0,0,0,0,11,0.00,0 %,0.00,ACT,0.00,0,145
02/06/2025,RB342,KWI/DAM,C,11,0,0,0,0,0,9,0.00,0 %,0.00,ACT,0.00,0,11
02/06/2025,RB342,KWI/DAM,Y,145,0,0,0,0,0,34,0.00,0 %,0.00,ACT,0.00,0,145
02/07/2025,RB341,DAM/KWI,C,11,0,0,0,0,0,11,0.00,0 %,0.00,ACT,0.00,0,11
02/07/2025,RB341,DAM/KWI,Y,145,0,0,0,0,0,95,0.00,0 %,0.00,ACT,0.00,0,145
02/07/2025,RB342,KWI/DAM,C,11,0,0,0,0,0,9,0.00,0 %,0.00,ACT,0.00,0,11
02/07/2025,RB342,KWI/DAM,Y,145,0,0,0,0,0,32,0.00,0 %,0.00,ACT,0.00,0,145
02/07/2025,RB389,DAM/RUH,C,11,0,0,0,0,0,0,0.00,0 %,0.00,ACT,0.00,0,11
02/07/2025,RB389,DAM/RUH,Y,145,0,0,0,0,0,18,0.00,0 %,0.00,ACT,0.00,0,145
02/07/2025,RB390,RUH/DAM,C,11,0,0,0,0,0,7,0.00,0 %,0.00,ACT,0.00,0,11
02/07/2025,RB390,RUH/DAM,Y,145,0,0,0,0,0,36,0.00,0 %,0.00,ACT,0.00,0,145
02/08/2025,RB521,DAM/DOH,C,11,0,0,0,0,0,2,0.00,0 %,0.00,ACT,0.00,0,11
02/08/2025,RB521,DAM/DOH,Y,145,0,0,0,0,0,71,0.00,0 %,0.00,ACT,0.00,0,145
02/08/2025,RB522,DOH/DAM,C,11,0,0,0,0,0,7,0.00,0 %,0.00,ACT,0.00,0,11
02/08/2025,RB522,DOH/DAM,Y,145,0,0,0,0,0,49,0.00,0 %,0.00,ACT,0.00,0,145
02/08/2025,RB341,DAM/KWI,C,11,0,0,0,0,0,5,0.00,0 %,0.00,ACT,0.00,0,11
02/08/2025,RB341,DAM/KWI,Y,145,0,0,0,0,0,17,0.00,0 %,0.00,ACT,0.00,0,145
02/08/2025,RB342,KWI/DAM,C,11,0,0,0,0,0,11,0.00,0 %,0.00,ACT,0.00,0,11
02/08/2025,RB342,KWI/DAM,Y,145,0,0,0,0,0,15,0.00,0 %,0.00,ACT,0.00,0,145
02/09/2025,RB389,DAM/RUH,C,11,0,0,0,0,0,0,0.00,0 %,0.00,ACT,0.00,0,11
02/09/2025,RB389,DAM/RUH,Y,145,0,0,0,0,0,48,0.00,0 %,0.00,ACT,0.00,0,145
02/09/2025,RB390,RUH/DAM,C,11,0,0,0,0,0,3,0.00,0 %,0.00,ACT,0.00,0,11
02/09/2025,RB390,RUH/DAM,Y,145,0,0,0,0,0,25,0.00,0 %,0.00,ACT,0.00,0,145
02/10/2025,RB381,DAM/JED,C,11,0,0,0,0,0,2,0.00,0 %,0.00,ACT,0.00,0,11
02/10/2025,RB381,DAM/JED,Y,145,0,0,0,0,0,29,0.00,0 %,0.00,ACT,0.00,0,145
02/10/2025,RB382,JED/DAM,C,11,0,0,0,0,0,10,0.00,0 %,0.00,ACT,0.00,0,11
02/10/2025,RB382,JED/DAM,Y,145,0,0,0,0,0,86,0.00,0 %,0.00,ACT,0.00,0,145
02/11/2025,RB341,DAM/KWI,C,11,0,0,0,0,0,10,0.00,0 %,0.00,ACT,0.00,0,11
02/11/2025,RB341,DAM/KWI,Y,145,0,0,0,0,0,51,0.00,0 %,0.00,ACT,0.00,0,145
02/11/2025,RB342,KWI/DAM,C,11,0,0,0,0,0,11,0.00,0 %,0.00,ACT,0.00,0,11
02/11/2025,RB342,KWI/DAM,Y,145,0,0,0,0,0,41,0.00,0 %,0.00,ACT,0.00,0,145
02/12/2025,RB521,DAM/DOH,C,11,0,0,0,0,0,8,0.00,0 %,0.00,ACT,0.00,0,11
02/12/2025,RB521,DAM/DOH,Y,145,0,0,0,0,0,50,0.00,0 %,0.00,ACT,0.00,0,145
02/12/2025,RB522,DOH/DAM,C,11,0,0,0,0,0,5,0.00,0 %,0.00,ACT,0.00,0,11
02/12/2025,RB522,DOH/DAM,Y,145,0,0,0,0,0,53,0.00,0 %,0.00,ACT,0.00,0,145
02/13/2025,RB381,DAM/JED,C,11,0,0,0,0,0,7,0.00,0 %,0.00,ACT,0.00,0,11
02/13/2025,RB381,DAM/JED,Y,145,0,0,0,0,0,87,0.00,0 %,0.00,ACT,0.00,0,145
02/13/2025,RB341,DAM/KWI,C,11,0,0,0,0,0,11,0.00,0 %,0.00,ACT,0.00,0,11
02/13/2025,RB341,DAM/KWI,Y,145,0,0,0,0,0,31,0.00,0 %,0.00,ACT,0.00,0,145
02/13/2025,RB382,JED/DAM,C,11,0,0,0,0,0,6,0.00,0 %,0.00,ACT,0.00,0,11
02/13/2025,RB382,JED/DAM,Y,145,0,0,0,0,0,42,0.00,0 %,0.00,ACT,0.00,0,145
02/13/2025,RB342,KWI/DAM,C,11,0,0,0,0,0,11,0.00,0 %,0.00,ACT,0.00,0,11
02/13/2025,RB342,KWI/DAM,Y,145,0,0,0,0,0,50,0.00,0 %,0.00,ACT,0.00,0,145
02/14/2025,RB341,DAM/KWI,C,11,0,0,0,0,0,11,0.00,0 %,0.00,ACT,0.00,0,11
02/14/2025,RB341,DAM/KWI,Y,145,0,0,0,0,0,82,0.00,0 %,0.00,ACT,0.00,0,145
02/14/2025,RB342,KWI/DAM,C,11,0,0,0,0,0,10,0.00,0 %,0.00,ACT,0.00,0,11
02/14/2025,RB342,KWI/DAM,Y,145,0,0,0,0,0,75,0.00,0 %,0.00,ACT,0.00,0,145
02/14/2025,RB389,DAM/RUH,C,11,0,0,0,0,0,5,0.00,0 %,0.00,ACT,0.00,0,11
02/14/2025,RB389,DAM/RUH,Y,145,0,0,0,0,0,23,0.00,0 %,0.00,ACT,0.00,0,145
02/14/2025,RB390,RUH/DAM,C,11,0,0,0,0,0,1,0.00,0 %,0.00,ACT,0.00,0,11
02/14/2025,RB390,RUH/DAM,Y,145,0,0,0,0,0,39,0.00,0 %,0.00,ACT,0.00,0,145
02/15/2025,RB341,DAM/KWI,C,11,0,0,0,0,0,11,0.00,0 %,0.00,ACT,0.00,0,11
02/15/2025,RB341,DAM/KWI,Y,145,0,0,0,0,0,49,0.00,0 %,0.00,ACT,0.00,0,145
02/15/2025,RB521,DAM/DOH,C,11,0,0,0,0,0,9,0.00,0 %,0.00,ACT,0.00,0,11
02/15/2025,RB521,DAM/DOH,Y,145,0,0,0,0,0,66,0.00,0 %,0.00,ACT,0.00,0,145
02/15/2025,RB342,KWI/DAM,C,11,0,0,0,0,0,11,0.00,0 %,0.00,ACT,0.00,0,11
02/15/2025,RB342,KWI/DAM,Y,145,0,0,0,0,0,13,0.00,0 %,0.00,ACT,0.00,0,145
02/15/2025,RB522,DOH/DAM,C,11,0,0,0,0,0,9,0.00,0 %,0.00,ACT,0.00,0,11
02/15/2025,RB522,DOH/DAM,Y,145,0,0,0,0,0,29,0.00,0 %,0.00,ACT,0.00,0,145
02/16/2025,RB389,DAM/RUH,C,11,0,0,0,0,0,6,0.00,0 %,0.00,ACT,0.00,0,11
02/16/2025,RB389,DAM/RUH,Y,145,0,0,0,0,0,61,0.00,0 %,0.00,ACT,0.00,0,145
02/16/2025,RB390,RUH/DAM,C,11,0,0,0,0,0,8,0.00,0 %,0.00,ACT,0.00,0,11
02/16/2025,RB390,RUH/DAM,Y,145,0,0,0,0,0,18,0.00,0 %,0.00,ACT,0.00,0,145
02/17/2025,RB521,DAM/DOH,C,11,0,0,0,0,0,11,0.00,0 %,0.00,ACT,0.00,0,11
02/17/2025,RB521,DAM/DOH,Y,145,0,0,0,0,0,89,0.00,0 %,0.00,ACT,0.00,0,145
02/17/2025,RB522,DOH/DAM,C,11,0,0,0,0,0,11,0.00,0 %,0.00,ACT,0.00,0,11
02/17/2025,RB522,DOH/DAM,Y,145,0,0,0,0,0,107,0.00,0 %,0.00,ACT,0.00,0,145
02/17/2025,RB381,DAM/JED,C,11,0,0,0,0,0,4,0.00,0 %,0.00,ACT,0.00,0,11
02/17/2025,RB381,DAM/JED,Y,145,0,0,0,0,0,80,0.00,0 %,0.00,ACT,0.00,0,145
02/17/2025,RB382,JED/DAM,C,11,0,0,0,0,0,10,0.00,0 %,0.00,ACT,0.00,0,11
02/17/2025,RB382,JED/DAM,Y,145,0,0,0,0,0,3,0.00,0 %,0.00,ACT,0.00,0,145
02/18/2025,RB341,DAM/KWI,C,11,0,0,0,0,0,9,0.00,0 %,0.00,ACT,0.00,0,11
02/18/2025,RB341,DAM/KWI,Y,145,0,0,0,0,0,29,0.00,0 %,0.00,ACT,0.00,0,145
02/18/2025,RB342,KWI/DAM,C,11,0,0,0,0,0,11,0.00,0 %,0.00,ACT,0.00,0,11
02/18/2025,RB342,KWI/DAM,Y,145,0,0,0,0,0,18,0.00,0 %,0.00,ACT,0.00,0,145
02/19/2025,RB521,DAM/DOH,C,11,0,0,0,0,0,10,0.00,0 %,0.00,ACT,0.00,0,11
02/19/2025,RB521,DAM/DOH,Y,145,0,0,0,0,0,83,0.00,0 %,0.00,ACT,0.00,0,145
02/19/2025,RB522,DOH/DAM,C,11,0,0,0,0,0,8,0.00,0 %,0.00,ACT,0.00,0,11
02/19/2025,RB522,DOH/DAM,Y,145,0,0,0,0,0,37,0.00,0 %,0.00,ACT,0.00,0,145
02/20/2025,RB381,DAM/JED,C,11,0,0,0,0,0,10,0.00,0 %,0.00,ACT,0.00,0,11
02/20/2025,RB381,DAM/JED,Y,145,0,0,0,0,0,34,0.00,0 %,0.00,ACT,0.00,0,145
02/20/2025,RB341,DAM/KWI,C,11,0,0,0,0,0,11,0.00,0 %,0.00,ACT,0.00,0,11
02/20/2025,RB341,DAM/KWI,Y,145,0,0,0,0,0,32,0.00,0 %,0.00,ACT,0.00,0,145
02/20/2025,RB382,JED/DAM,C,11,0,0,0,0,0,1,0.00,0 %,0.00,ACT,0.00,0,11
02/20/2025,RB382,JED/DAM,Y,145,0,0,0,0,0,3,0.00,0 %,0.00,ACT,0.00,0,145
02/20/2025,RB342,KWI/DAM,C,11,0,0,0,0,0,5,0.00,0 %,0.00,ACT,0.00,0,11
02/20/2025,RB342,KWI/DAM,Y,145,0,0,0,0,0,7,0.00,0 %,0.00,ACT,0.00,0,145
02/21/2025,RB341,DAM/KWI,C,11,0,0,0,0,0,11,0.00,0 %,0.00,ACT,0.00,0,11
02/21/2025,RB341,DAM/KWI,Y,145,0,0,0,0,0,96,0.00,0 %,0.00,ACT,0.00,0,145
02/21/2025,RB342,KWI/DAM,C,11,0,0,0,0,0,0,0.00,0 %,0.00,ACT,0.00,0,11
02/21/2025,RB342,KWI/DAM,Y,145,0,0,0,0,0,2,0.00,0 %,0.00,ACT,0.00,0,145
02/21/2025,RB389,DAM/RUH,C,11,0,0,0,0,0,0,0.00,0 %,0.00,ACT,0.00,0,11
02/21/2025,RB389,DAM/RUH,Y,145,0,0,0,0,0,2,0.00,0 %,0.00,ACT,0.00,0,145
02/21/2025,RB390,RUH/DAM,C,11,0,0,0,0,0,0,0.00,0 %,0.00,ACT,0.00,0,11
02/21/2025,RB390,RUH/DAM,Y,145,0,0,0,0,0,2,0.00,0 %,0.00,ACT,0.00,0,145
02/22/2025,RB341,DAM/KWI,C,11,0,0,0,0,0,9,0.00,0 %,0.00,ACT,0.00,0,11
02/22/2025,RB341,DAM/KWI,Y,145,0,0,0,0,0,91,0.00,0 %,0.00,ACT,0.00,0,145
02/22/2025,RB521,DAM/DOH,C,11,0,0,0,0,0,7,0.00,0 %,0.00,ACT,0.00,0,11
02/22/2025,RB521,DAM/DOH,Y,145,0,0,0,0,0,76,0.00,0 %,0.00,ACT,0.00,0,145
02/22/2025,RB342,KWI/DAM,C,11,0,0,0,0,0,0,0.00,0 %,0.00,ACT,0.00,0,11
02/22/2025,RB342,KWI/DAM,Y,145,0,0,0,0,0,0,0.00,0 %,0.00,ACT,0.00,0,145
02/22/2025,RB522,DOH/DAM,C,11,0,0,0,0,0,4,0.00,0 %,0.00,ACT,0.00,0,11
02/22/2025,RB522,DOH/DAM,Y,145,0,0,0,0,0,30,0.00,0 %,0.00,ACT,0.00,0,145
02/23/2025,RB389,DAM/RUH,C,11,0,0,0,0,0,1,0.00,0 %,0.00,ACT,0.00,0,11
02/23/2025,RB389,DAM/RUH,Y,145,0,0,0,0,0,12,0.00,0 %,0.00,ACT,0.00,0,145
02/23/2025,RB390,RUH/DAM,C,11,0,0,0,0,0,9,0.00,0 %,0.00,ACT,0.00,0,11
02/23/2025,RB390,RUH/DAM,Y,145,0,0,0,0,0,11,0.00,0 %,0.00,ACT,0.00,0,145
02/24/2025,RB521,DAM/DOH,C,11,0,0,0,0,0,11,0.00,0 %,0.00,ACT,0.00,0,11
02/24/2025,RB521,DAM/DOH,Y,145,0,0,0,0,0,107,0.00,0 %,0.00,ACT,0.00,0,145
02/24/2025,RB522,DOH/DAM,C,11,0,0,0,0,0,7,0.00,0 %,0.00,ACT,0.00,0,11
02/24/2025,RB522,DOH/DAM,Y,145,0,0,0,0,0,66,0.00,0 %,0.00,ACT,0.00,0,145
02/24/2025,RB381,DAM/JED,C,11,0,0,0,0,0,1,0.00,0 %,0.00,ACT,0.00,0,11
02/24/2025,RB381,DAM/JED,Y,145,0,0,0,0,0,9,0.00,0 %,0.00,ACT,0.00,0,145
02/24/2025,RB382,JED/DAM,C,11,0,0,0,0,0,9,0.00,0 %,0.00,ACT,0.00,0,11
02/24/2025,RB382,JED/DAM,Y,145,0,0,0,0,0,37,0.00,0 %,0.00,ACT,0.00,0,145
02/25/2025,RB341,DAM/KWI,C,11,0,0,0,0,0,11,0.00,0 %,0.00,ACT,0.00,0,11
02/25/2025,RB341,DAM/KWI,Y,145,0,0,0,0,0,54,0.00,0 %,0.00,ACT,0.00,0,145
02/25/2025,RB342,KWI/DAM,C,11,0,0,0,0,0,0,0.00,0 %,0.00,ACT,0.00,0,11
02/25/2025,RB342,KWI/DAM,Y,145,0,0,0,0,0,2,0.00,0 %,0.00,ACT,0.00,0,145
02/26/2025,RB521,DAM/DOH,C,11,0,0,0,0,0,9,0.00,0 %,0.00,ACT,0.00,0,11
02/26/2025,RB521,DAM/DOH,Y,145,0,0,0,0,0,40,0.00,0 %,0.00,ACT,0.00,0,145
02/26/2025,RB522,DOH/DAM,C,11,0,0,0,0,0,8,0.00,0 %,0.00,ACT,0.00,0,11
02/26/2025,RB522,DOH/DAM,Y,145,0,0,0,0,0,30,0.00,0 %,0.00,ACT,0.00,0,145
02/27/2025,RB381,DAM/JED,C,11,0,0,0,0,0,2,0.00,0 %,0.00,ACT,0.00,0,11
02/27/2025,RB381,DAM/JED,Y,145,0,0,0,0,0,26,0.00,0 %,0.00,ACT,0.00,0,145
02/27/2025,RB341,DAM/KWI,C,11,0,0,0,0,0,9,0.00,0 %,0.00,ACT,0.00,0,11
02/27/2025,RB341,DAM/KWI,Y,145,0,0,0,0,0,6,0.00,0 %,0.00,ACT,0.00,0,145
02/27/2025,RB382,JED/DAM,C,11,0,0,0,0,0,6,0.00,0 %,0.00,ACT,0.00,0,11
02/27/2025,RB382,JED/DAM,Y,145,0,0,0,0,0,31,0.00,0 %,0.00,ACT,0.00,0,145
02/27/2025,RB342,KWI/DAM,C,11,0,0,0,0,0,11,0.00,0 %,0.00,ACT,0.00,0,11
02/27/2025,RB342,KWI/DAM,Y,145,0,0,0,0,0,9,0.00,0 %,0.00,ACT,0.00,0,145
02/28/2025,RB341,DAM/KWI,C,12,0,0,0,0,0,9,0.00,0 %,0.00,ACT,0.00,0,12
02/28/2025,RB341,DAM/KWI,Y,145,0,0,0,0,0,28,0.00,0 %,0.00,ACT,0.00,0,145
02/28/2025,RB342,KWI/DAM,C,12,0,0,0,0,0,11,0.00,0 %,0.00,ACT,0.00,0,12
02/28/2025,RB342,KWI/DAM,Y,145,0,0,0,0,0,8,0.00,0 %,0.00,ACT,0.00,0,145
02/28/2025,RB389,DAM/RUH,C,12,0,0,0,0,0,0,0.00,0 %,0.00,ACT,0.00,0,12
02/28/2025,RB389,DAM/RUH,Y,145,0,0,0,0,0,0,0.00,0 %,0.00,ACT,0.00,0,145
02/28/2025,RB390,RUH/DAM,C,12,0,0,0,0,0,6,0.00,0 %,0.00,ACT,0.00,0,12
02/28/2025,RB390,RUH/DAM,Y,145,0,0,0,0,0,32,0.00,0 %,0.00,ACT,0.00,0,145
03/01/2025,RB341,DAM/KWI,C,12,0,0,0,0,0,8,0.00,0 %,0.00,ACT,0.00,0,12
03/01/2025,RB341,DAM/KWI,Y,145,0,0,0,0,0,21,0.00,0 %,0.00,ACT,0.00,0,145
03/01/2025,RB521,DAM/DOH,C,12,0,0,0,0,0,10,0.00,0 %,0.00,ACT,0.00,0,12
03/01/2025,RB521,DAM/DOH,Y,145,0,0,0,0,0,61,0.00,0 %,0.00,ACT,0.00,0,145
03/01/2025,RB342,KWI/DAM,C,12,0,0,0,0,0,12,0.00,0 %,0.00,ACT,0.00,0,12
03/01/2025,RB342,KWI/DAM,Y,145,0,0,0,0,0,49,0.00,0 %,0.00,ACT,0.00,0,145
03/01/2025,RB522,DOH/DAM,C,12,0,0,0,0,0,12,0.00,0 %,0.00,ACT,0.00,0,12
03/01/2025,RB522,DOH/DAM,Y,145,0,0,0,0,0,40,0.00,0 %,0.00,ACT,0.00,0,145
03/02/2025,RB389,DAM/RUH,C,12,0,0,0,0,0,0,0.00,0 %,0.00,ACT,0.00,0,12
03/02/2025,RB389,DAM/RUH,Y,145,0,0,0,0,0,1,0.00,0 %,0.00,ACT,0.00,0,145
03/02/2025,RB390,RUH/DAM,C,12,0,0,0,0,0,10,0.00,0 %,0.00,ACT,0.00,0,12
03/02/2025,RB390,RUH/DAM,Y,145,0,0,0,0,0,98,0.00,0 %,0.00,ACT,0.00,0,145
03/03/2025,RB381,DAM/JED,C,12,0,0,0,0,0,2,0.00,0 %,0.00,ACT,0.00,0,12
03/03/2025,RB381,DAM/JED,Y,145,0,0,0,0,0,31,0.00,0 %,0.00,ACT,0.00,0,145
03/03/2025,RB382,JED/DAM,C,12,0,0,0,0,0,9,0.00,0 %,0.00,ACT,0.00,0,12
03/03/2025,RB382,JED/DAM,Y,145,0,0,0,0,0,74,0.00,0 %,0.00,ACT,0.00,0,145
03/04/2025,RB341,DAM/KWI,C,12,0,0,0,0,0,12,0.00,0 %,0.00,ACT,0.00,0,12
03/04/2025,RB341,DAM/KWI,Y,145,0,0,0,0,0,109,0.00,0 %,0.00,ACT,0.00,0,145
03/04/2025,RB342,KWI/DAM,C,12,0,0,0,0,0,12,0.00,0 %,0.00,ACT,0.00,0,12
03/04/2025,RB342,KWI/DAM,Y,145,0,0,0,0,0,75,0.00,0 %,0.00,ACT,0.00,0,145
03/05/2025,RB521,DAM/DOH,C,12,0,0,0,0,0,10,0.00,0 %,0.00,ACT,0.00,0,12
03/05/2025,RB521,DAM/DOH,Y,145,0,0,0,0,0,59,0.00,0 %,0.00,ACT,0.00,0,145
03/05/2025,RB522,DOH/DAM,C,12,0,0,0,0,0,2,0.00,0 %,0.00,ACT,0.00,0,12
03/05/2025,RB522,DOH/DAM,Y,145,0,0,0,0,0,57,0.00,0 %,0.00,ACT,0.00,0,145
03/06/2025,RB381,DAM/JED,C,12,0,0,0,0,0,8,0.00,0 %,0.00,ACT,0.00,0,12
03/06/2025,RB381,DAM/JED,Y,145,0,0,0,0,0,86,0.00,0 %,0.00,ACT,0.00,0,145
03/06/2025,RB341,DAM/KWI,C,12,0,0,0,0,0,12,0.00,0 %,0.00,ACT,0.00,0,12
03/06/2025,RB341,DAM/KWI,Y,145,0,0,0,0,0,105,0.00,0 %,0.00,ACT,0.00,0,145
03/06/2025,RB382,JED/DAM,C,12,0,0,0,0,0,8,0.00,0 %,0.00,ACT,0.00,0,12
03/06/2025,RB382,JED/DAM,Y,145,0,0,0,0,0,64,0.00,0 %,0.00,ACT,0.00,0,145
03/06/2025,RB342,KWI/DAM,C,12,0,0,0,0,0,11,0.00,0 %,0.00,ACT,0.00,0,12
03/06/2025,RB342,KWI/DAM,Y,145,0,0,0,0,0,70,0.00,0 %,0.00,ACT,0.00,0,145
03/07/2025,RB389,DAM/RUH,C,12,0,0,0,0,0,6,0.00,0 %,0.00,ACT,0.00,0,12
03/07/2025,RB389,DAM/RUH,Y,145,0,0,0,0,0,15,0.00,0 %,0.00,ACT,0.00,0,145
03/07/2025,RB390,RUH/DAM,C,12,0,0,0,0,0,10,0.00,0 %,0.00,ACT,0.00,0,12
03/07/2025,RB390,RUH/DAM,Y,145,0,0,0,0,0,78,0.00,0 %,0.00,ACT,0.00,0,145
03/08/2025,RB341,DAM/KWI,C,12,0,0,0,0,0,12,0.00,0 %,0.00,ACT,0.00,0,12
03/08/2025,RB341,DAM/KWI,Y,145,0,0,0,0,0,111,0.00,0 %,0.00,ACT,0.00,0,145
03/08/2025,RB521,DAM/DOH,C,12,0,0,0,0,0,6,0.00,0 %,0.00,ACT,0.00,0,12
03/08/2025,RB521,DAM/DOH,Y,145,0,0,0,0,0,80,0.00,0 %,0.00,ACT,0.00,0,145
03/08/2025,RB342,KWI/DAM,C,12,0,0,0,0,0,12,0.00,0 %,0.00,ACT,0.00,0,12
03/08/2025,RB342,KWI/DAM,Y,145,0,0,0,0,0,80,0.00,0 %,0.00,ACT,0.00,0,145
03/08/2025,RB522,DOH/DAM,C,12,0,0,0,0,0,11,0.00,0 %,0.00,ACT,0.00,0,12
03/08/2025,RB522,DOH/DAM,Y,145,0,0,0,0,0,91,0.00,0 %,0.00,ACT,0.00,0,145
03/09/2025,RB389,DAM/RUH,C,12,0,0,0,0,0,9,0.00,0 %,0.00,ACT,0.00,0,12
03/09/2025,RB389,DAM/RUH,Y,145,0,0,0,0,0,93,0.00,0 %,0.00,ACT,0.00,0,145
03/09/2025,RB390,RUH/DAM,C,12,0,0,0,0,0,10,0.00,0 %,0.00,ACT,0.00,0,12
03/09/2025,RB390,RUH/DAM,Y,145,0,0,0,0,0,95,0.00,0 %,0.00,ACT,0.00,0,145
03/10/2025,RB202,CAI/DAM,C,11,0,0,0,0,0,11,0.00,0 %,0.00,ACT,0.00,0,11
03/10/2025,RB202,CAI/DAM,Y,145,0,0,0,0,0,138,0.00,0 %,0.00,ACT,0.00,0,145
03/10/2025,RB381,DAM/JED,C,12,0,0,0,0,0,10,0.00,0 %,0.00,ACT,0.00,0,12
03/10/2025,RB381,DAM/JED,Y,145,0,0,0,0,0,82,0.00,0 %,0.00,ACT,0.00,0,145
03/10/2025,RB382,JED/DAM,C,12,0,0,0,0,0,8,0.00,0 %,0.00,ACT,0.00,0,12
03/10/2025,RB382,JED/DAM,Y,145,0,0,0,0,0,99,0.00,0 %,0.00,ACT,0.00,0,145
03/11/2025,RB341,DAM/KWI,C,12,0,0,0,0,0,11,0.00,0 %,0.00,ACT,0.00,0,12
03/11/2025,RB341,DAM/KWI,Y,145,0,0,0,0,0,115,0.00,0 %,0.00,ACT,0.00,0,145
03/11/2025,RB342,KWI/DAM,C,12,0,0,0,0,0,12,0.00,0 %,0.00,ACT,0.00,0,12
03/11/2025,RB342,KWI/DAM,Y,145,0,0,0,0,0,71,0.00,0 %,0.00,ACT,0.00,0,145
03/12/2025,RB521,DAM/DOH,C,12,0,0,0,0,0,7,0.00,0 %,0.00,ACT,0.00,0,12
03/12/2025,RB521,DAM/DOH,Y,145,0,0,0,0,0,84,0.00,0 %,0.00,ACT,0.00,0,145
03/12/2025,RB522,DOH/DAM,C,12,0,0,0,0,0,10,0.00,0 %,0.00,ACT,0.00,0,12
03/12/2025,RB522,DOH/DAM,Y,145,0,0,0,0,0,54,0.00,0 %,0.00,ACT,0.00,0,145
03/13/2025,RB381,DAM/JED,C,12,0,0,0,0,0,4,0.00,0 %,0.00,ACT,0.00,0,12
03/13/2025,RB381,DAM/JED,Y,145,0,0,0,0,0,97,0.00,0 %,0.00,ACT,0.00,0,145
03/13/2025,RB382,JED/DAM,C,12,0,0,0,0,0,0,0.00,0 %,0.00,ACT,0.00,0,12
03/13/2025,RB382,JED/DAM,Y,145,0,0,0,0,0,77,0.00,0 %,0.00,ACT,0.00,0,145
03/14/2025,RB389,DAM/RUH,C,12,0,0,0,0,0,5,0.00,0 %,0.00,ACT,0.00,0,12
03/14/2025,RB389,DAM/RUH,Y,145,0,0,0,0,0,82,0.00,0 %,0.00,ACT,0.00,0,145
03/14/2025,RB390,RUH/DAM,C,12,0,0,0,0,0,7,0.00,0 %,0.00,ACT,0.00,0,12
03/14/2025,RB390,RUH/DAM,Y,145,0,0,0,0,0,8,0.00,0 %,0.00,ACT,0.00,0,145
03/15/2025,RB341,DAM/KWI,C,12,0,0,0,0,0,11,0.00,0 %,0.00,ACT,0.00,0,12
03/15/2025,RB341,DAM/KWI,Y,145,0,0,0,0,0,116,0.00,0 %,0.00,ACT,0.00,0,145
03/15/2025,RB521,DAM/DOH,C,12,0,0,0,0,0,8,0.00,0 %,0.00,ACT,0.00,0,12
03/15/2025,RB521,DAM/DOH,Y,145,0,0,0,0,0,99,0.00,0 %,0.00,ACT,0.00,0,145
03/15/2025,RB342,KWI/DAM,C,12,0,0,0,0,0,12,0.00,0 %,0.00,ACT,0.00,0,12
03/15/2025,RB342,KWI/DAM,Y,145,0,0,0,0,0,42,0.00,0 %,0.00,ACT,0.00,0,145
03/15/2025,RB522,DOH/DAM,C,12,0,0,0,0,0,8,0.00,0 %,0.00,ACT,0.00,0,12
03/15/2025,RB522,DOH/DAM,Y,145,0,0,0,0,0,55,0.00,0 %,0.00,ACT,0.00,0,145
03/16/2025,RB389,DAM/RUH,C,12,0,0,0,0,0,10,0.00,0 %,0.00,ACT,0.00,0,12
03/16/2025,RB389,DAM/RUH,Y,145,0,0,0,0,0,100,0.00,0 %,0.00,ACT,0.00,0,145
03/16/2025,RB390,RUH/DAM,C,12,0,0,0,0,0,4,0.00,0 %,0.00,ACT,0.00,0,12
03/16/2025,RB390,RUH/DAM,Y,145,0,0,0,0,0,36,0.00,0 %,0.00,ACT,0.00,0,145
03/17/2025,RB381,DAM/JED,C,12,0,0,0,0,0,11,0.00,0 %,0.00,ACT,0.00,0,12
03/17/2025,RB381,DAM/JED,Y,145,0,0,0,0,0,60,0.00,0 %,0.00,ACT,0.00,0,145
03/17/2025,RB382,JED/DAM,C,12,0,0,0,0,0,3,0.00,0 %,0.00,ACT,0.00,0,12
03/17/2025,RB382,JED/DAM,Y,145,0,0,0,0,0,41,0.00,0 %,0.00,ACT,0.00,0,145
03/18/2025,RB115,DAM/ALP,C,12,0,0,0,0,0,12,0.00,0 %,0.00,ACT,0.00,0,12
03/18/2025,RB115,DAM/ALP,Y,145,0,0,0,0,0,145,0.00,0 %,0.00,ACT,0.00,0,145
03/18/2025,RB116,ALP/DAM,C,12,0,0,0,0,0,12,0.00,0 %,0.00,ACT,0.00,0,12
03/18/2025,RB116,ALP/DAM,Y,145,0,0,0,0,0,144,0.00,0 %,0.00,ACT,0.00,0,145
03/19/2025,RB527,DAM/DMM,C,12,0,0,0,0,0,12,0.00,0 %,0.00,ACT,0.00,0,12
03/19/2025,RB527,DAM/DMM,Y,145,0,0,0,0,0,140,0.00,0 %,0.00,ACT,0.00,0,145
03/19/2025,RB521,DAM/DOH,C,12,0,0,0,0,0,11,0.00,0 %,0.00,ACT,0.00,0,12
03/19/2025,RB521,DAM/DOH,Y,145,0,0,0,0,0,98,0.00,0 %,0.00,ACT,0.00,0,145
03/19/2025,RB528,DMM/DAM,C,12,0,0,0,0,0,10,0.00,0 %,0.00,ACT,0.00,0,12
03/19/2025,RB528,DMM/DAM,Y,145,0,0,0,0,0,55,0.00,0 %,0.00,ACT,0.00,0,145
03/19/2025,RB522,DOH/DAM,C,12,0,0,0,0,0,6,0.00,0 %,0.00,ACT,0.00,0,12
03/19/2025,RB522,DOH/DAM,Y,145,0,0,0,0,0,13,0.00,0 %,0.00,ACT,0.00,0,145
03/20/2025,RB381,DAM/JED,C,12,0,0,0,0,0,3,0.00,0 %,0.00,ACT,0.00,0,12
03/20/2025,RB381,DAM/JED,Y,145,0,0,0,0,0,66,0.00,0 %,0.00,ACT,0.00,0,145
03/20/2025,RB341,DAM/KWI,C,12,0,0,0,0,0,12,0.00,0 %,0.00,ACT,0.00,0,12
03/20/2025,RB341,DAM/KWI,Y,145,0,0,0,0,0,114,0.00,0 %,0.00,ACT,0.00,0,145
03/20/2025,RB382,JED/DAM,C,12,0,0,0,0,0,0,0.00,0 %,0.00,ACT,0.00,0,12
03/20/2025,RB382,JED/DAM,Y,145,0,0,0,0,0,7,0.00,0 %,0.00,ACT,0.00,0,145
03/20/2025,RB342,KWI/DAM,C,12,0,0,0,0,0,11,0.00,0 %,0.00,ACT,0.00,0,12
03/20/2025,RB342,KWI/DAM,Y,145,0,0,0,0,0,6,0.00,0 %,0.00,ACT,0.00,0,145
03/21/2025,RB389,DAM/RUH,C,12,0,0,0,0,0,9,0.00,0 %,0.00,ACT,0.00,0,12
03/21/2025,RB389,DAM/RUH,Y,145,0,0,0,0,0,89,0.00,0 %,0.00,ACT,0.00,0,145
03/21/2025,RB390,RUH/DAM,C,12,0,0,0,0,0,1,0.00,0 %,0.00,ACT,0.00,0,12
03/21/2025,RB390,RUH/DAM,Y,145,0,0,0,0,0,1,0.00,0 %,0.00,ACT,0.00,0,145
03/22/2025,RB341,DAM/KWI,C,12,0,0,0,0,0,11,0.00,0 %,0.00,ACT,0.00,0,12
03/22/2025,RB341,DAM/KWI,Y,145,0,0,0,0,0,137,0.00,0 %,0.00,ACT,0.00,0,145
03/22/2025,RB521,DAM/DOH,C,12,0,0,0,0,0,11,0.00,0 %,0.00,ACT,0.00,0,12
03/22/2025,RB521,DAM/DOH,Y,145,0,0,0,0,0,97,0.00,0 %,0.00,ACT,0.00,0,145
03/22/2025,RB342,KWI/DAM,C,12,0,0,0,0,0,8,0.00,0 %,0.00,ACT,0.00,0,12
03/22/2025,RB342,KWI/DAM,Y,145,0,0,0,0,0,6,0.00,0 %,0.00,ACT,0.00,0,145
03/22/2025,RB522,DOH/DAM,C,12,0,0,0,0,0,4,0.00,0 %,0.00,ACT,0.00,0,12
03/22/2025,RB522,DOH/DAM,Y,145,0,0,0,0,0,32,0.00,0 %,0.00,ACT,0.00,0,145
03/23/2025,RB389,DAM/RUH,C,12,0,0,0,0,0,12,0.00,0 %,0.00,ACT,0.00,0,12
03/23/2025,RB389,DAM/RUH,Y,145,0,0,0,0,0,103,0.00,0 %,0.00,ACT,0.00,0,145
03/23/2025,RB390,RUH/DAM,C,12,0,0,0,0,0,0,0.00,0 %,0.00,ACT,0.00,0,12
03/23/2025,RB390,RUH/DAM,Y,145,0,0,0,0,0,10,0.00,0 %,0.00,ACT,0.00,0,145
03/24/2025,RB521,DAM/DOH,C,12,0,0,0,0,0,12,0.00,0 %,0.00,ACT,0.00,0,12
03/24/2025,RB521,DAM/DOH,Y,145,0,0,0,0,0,121,0.00,0 %,0.00,ACT,0.00,0,145
03/24/2025,RB522,DOH/DAM,C,12,0,0,0,0,0,6,0.00,0 %,0.00,ACT,0.00,0,12
03/24/2025,RB522,DOH/DAM,Y,145,0,0,0,0,0,38,0.00,0 %,0.00,ACT,0.00,0,145
03/24/2025,RB381,DAM/JED,C,12,0,0,0,0,0,10,0.00,0 %,0.00,ACT,0.00,0,12
03/24/2025,RB381,DAM/JED,Y,145,0,0,0,0,0,47,0.00,0 %,0.00,ACT,0.00,0,145
03/24/2025,RB382,JED/DAM,C,12,0,0,0,0,0,1,0.00,0 %,0.00,ACT,0.00,0,12
03/24/2025,RB382,JED/DAM,Y,145,0,0,0,0,0,2,0.00,0 %,0.00,ACT,0.00,0,145
03/25/2025,RB341,DAM/KWI,C,12,0,0,0,0,0,12,0.00,0 %,0.00,ACT,0.00,0,12
03/25/2025,RB341,DAM/KWI,Y,145,0,0,0,0,0,121,0.00,0 %,0.00,ACT,0.00,0,145
03/25/2025,RB342,KWI/DAM,C,12,0,0,0,0,0,0,0.00,0 %,0.00,ACT,0.00,0,12
03/25/2025,RB342,KWI/DAM,Y,145,0,0,0,0,0,1,0.00,0 %,0.00,ACT,0.00,0,145
03/26/2025,RB527,DAM/DMM,C,12,0,0,0,0,0,12,0.00,0 %,0.00,ACT,0.00,0,12
03/26/2025,RB527,DAM/DMM,Y,145,0,0,0,0,0,127,0.00,0 %,0.00,ACT,0.00,0,145
03/26/2025,RB521,DAM/DOH,C,12,0,0,0,0,0,12,0.00,0 %,0.00,ACT,0.00,0,12
03/26/2025,RB521,DAM/DOH,Y,145,0,0,0,0,0,113,0.00,0 %,0.00,ACT,0.00,0,145
03/26/2025,RB528,DMM/DAM,C,12,0,0,0,0,0,3,0.00,0 %,0.00,ACT,0.00,0,12
03/26/2025,RB528,DMM/DAM,Y,145,0,0,0,0,0,5,0.00,0 %,0.00,ACT,0.00,0,145
03/26/2025,RB522,DOH/DAM,C,12,0,0,0,0,0,7,0.00,0 %,0.00,ACT,0.00,0,12
03/26/2025,RB522,DOH/DAM,Y,145,0,0,0,0,0,21,0.00,0 %,0.00,ACT,0.00,0,145
03/27/2025,RB381,DAM/JED,C,12,0,0,0,0,0,11,0.00,0 %,0.00,ACT,0.00,0,12
03/27/2025,RB381,DAM/JED,Y,145,0,0,0,0,0,90,0.00,0 %,0.00,ACT,0.00,0,145
03/27/2025,RB341,DAM/KWI,C,12,0,0,0,0,0,12,0.00,0 %,0.00,ACT,0.00,0,12
03/27/2025,RB341,DAM/KWI,Y,145,0,0,0,0,0,132,0.00,0 %,0.00,ACT,0.00,0,145
03/27/2025,RB382,JED/DAM,C,12,0,0,0,0,0,0,0.00,0 %,0.00,ACT,0.00,0,12
03/27/2025,RB382,JED/DAM,Y,145,0,0,0,0,0,3,0.00,0 %,0.00,ACT,0.00,0,145
03/27/2025,RB342,KWI/DAM,C,12,0,0,0,0,0,0,0.00,0 %,0.00,ACT,0.00,0,12
03/27/2025,RB342,KWI/DAM,Y,145,0,0,0,0,0,0,0.00,0 %,0.00,ACT,0.00,0,145
03/27/2025,RB521,DAM/DOH,C,12,0,0,0,0,0,11,0.00,0 %,0.00,ACT,0.00,0,12
03/27/2025,RB521,DAM/DOH,Y,145,0,0,0,0,0,129,0.00,0 %,0.00,ACT,0.00,0,145
03/27/2025,RB522,DOH/DAM,C,12,0,0,0,0,0,12,0.00,0 %,0.00,ACT,0.00,0,12
03/27/2025,RB522,DOH/DAM,Y,145,0,0,0,0,0,4,0.00,0 %,0.00,ACT,0.00,0,145
03/28/2025,RB389,DAM/RUH,C,12,0,0,0,0,0,11,0.00,0 %,0.00,ACT,0.00,0,12
03/28/2025,RB389,DAM/RUH,Y,145,0,0,0,0,0,72,0.00,0 %,0.00,ACT,0.00,0,145
03/28/2025,RB390,RUH/DAM,C,12,0,0,0,0,0,0,0.00,0 %,0.00,ACT,0.00,0,12
03/28/2025,RB390,RUH/DAM,Y,145,0,0,0,0,0,9,0.00,0 %,0.00,ACT,0.00,0,145
03/28/2025,RB341,DAM/KWI,C,12,0,0,0,0,0,12,0.00,0 %,0.00,ACT,0.00,0,12
03/28/2025,RB341,DAM/KWI,Y,145,0,0,0,0,0,136,0.00,0 %,0.00,ACT,0.00,0,145
03/28/2025,RB342,KWI/DAM,C,12,0,0,0,0,0,2,0.00,0 %,0.00,ACT,0.00,0,12
03/28/2025,RB342,KWI/DAM,Y,145,0,0,0,0,0,1,0.00,0 %,0.00,ACT,0.00,0,145
03/29/2025,RB341,DAM/KWI,C,12,0,0,0,0,0,11,0.00,0 %,0.00,ACT,0.00,0,12
03/29/2025,RB341,DAM/KWI,Y,145,0,0,0,0,0,134,0.00,0 %,0.00,ACT,0.00,0,145
03/29/2025,RB521,DAM/DOH,C,12,0,0,0,0,0,12,0.00,0 %,0.00,ACT,0.00,0,12
03/29/2025,RB521,DAM/DOH,Y,145,0,0,0,0,0,107,0.00,0 %,0.00,ACT,0.00,0,145
03/29/2025,RB342,KWI/DAM,C,12,0,0,0,0,0,0,0.00,0 %,0.00,ACT,0.00,0,12
03/29/2025,RB342,KWI/DAM,Y,145,0,0,0,0,0,3,0.00,0 %,0.00,ACT,0.00,0,145
03/29/2025,RB522,DOH/DAM,C,12,0,0,0,0,0,5,0.00,0 %,0.00,ACT,0.00,0,12
03/29/2025,RB522,DOH/DAM,Y,145,0,0,0,0,0,17,0.00,0 %,0.00,ACT,0.00,0,145
03/29/2025,RB344,KWI/DAM,C,12,0,0,0,0,0,8,0.00,0 %,0.00,ACT,0.00,0,12
03/29/2025,RB344,KWI/DAM,Y,145,0,0,0,0,0,2,0.00,0 %,0.00,ACT,0.00,0,145
03/29/2025,RB381,DAM/JED,C,12,0,0,0,0,0,9,0.00,0 %,0.00,ACT,0.00,0,12
03/29/2025,RB381,DAM/JED,Y,145,0,0,0,0,0,134,0.00,0 %,0.00,ACT,0.00,0,145
03/29/2025,RB382,JED/DAM,C,12,0,0,0,0,0,0,0.00,0 %,0.00,ACT,0.00,0,12
03/29/2025,RB382,JED/DAM,Y,145,0,0,0,0,0,0,0.00,0 %,0.00,ACT,0.00,0,145
03/31/2025,RB389,DAM/RUH,C,12,0,0,0,0,0,11,0.00,0 %,0.00,ACT,0.00,0,12
03/31/2025,RB389,DAM/RUH,Y,145,0,0,0,0,0,133,0.00,0 %,0.00,ACT,0.00,0,145
03/31/2025,RB390,RUH/DAM,C,12,0,0,0,0,0,3,0.00,0 %,0.00,ACT,0.00,0,12
03/31/2025,RB390,RUH/DAM,Y,145,0,0,0,0,0,3,0.00,0 %,0.00,ACT,0.00,0,145
04/01/2025,RB341,DAM/KWI,C,12,0,0,0,0,0,12,0.00,0 %,0.00,ACT,0.00,0,12
04/01/2025,RB341,DAM/KWI,Y,145,0,0,0,0,0,133,0.00,0 %,0.00,ACT,0.00,0,145
04/01/2025,RB342,KWI/DAM,C,12,0,0,0,0,0,10,0.00,0 %,0.00,ACT,0.00,0,12
04/01/2025,RB342,KWI/DAM,Y,145,0,0,0,0,0,25,0.00,0 %,0.00,ACT,0.00,0,145
04/02/2025,RB521,DAM/DOH,C,12,0,0,0,0,0,12,0.00,0 %,0.00,ACT,0.00,0,12
04/02/2025,RB521,DAM/DOH,Y,145,0,0,0,0,0,112,0.00,0 %,0.00,ACT,0.00,0,145
04/02/2025,RB522,DOH/DAM,C,12,0,0,0,0,0,6,0.00,0 %,0.00,ACT,0.00,0,12
04/02/2025,RB522,DOH/DAM,Y,145,0,0,0,0,0,50,0.00,0 %,0.00,ACT,0.00,0,145
04/02/2025,RB381,DAM/JED,C,12,0,0,0,0,0,8,0.00,0 %,0.00,ACT,0.00,0,12
04/02/2025,RB381,DAM/JED,Y,145,0,0,0,0,0,117,0.00,0 %,0.00,ACT,0.00,0,145
04/02/2025,RB382,JED/DAM,C,12,0,0,0,0,0,4,0.00,0 %,0.00,ACT,0.00,0,12
04/02/2025,RB382,JED/DAM,Y,145,0,0,0,0,0,56,0.00,0 %,0.00,ACT,0.00,0,145
04/03/2025,RB341,DAM/KWI,C,12,0,0,0,0,0,11,0.00,0 %,0.00,ACT,0.00,0,12
04/03/2025,RB341,DAM/KWI,Y,145,0,0,0,0,0,48,0.00,0 %,0.00,ACT,0.00,0,145
04/03/2025,RB527,DAM/DMM,C,12,0,0,0,0,0,8,0.00,0 %,0.00,ACT,0.00,0,12
04/03/2025,RB527,DAM/DMM,Y,145,0,0,0,0,0,69,0.00,0 %,0.00,ACT,0.00,0,145
04/03/2025,RB342,KWI/DAM,C,12,0,0,0,0,0,10,0.00,0 %,0.00,ACT,0.00,0,12
04/03/2025,RB342,KWI/DAM,Y,145,0,0,0,0,0,13,0.00,0 %,0.00,ACT,0.00,0,145
04/03/2025,RB528,DMM/DAM,C,12,0,0,0,0,0,10,0.00,0 %,0.00,ACT,0.00,0,12
04/03/2025,RB528,DMM/DAM,Y,145,0,0,0,0,0,93,0.00,0 %,0.00,ACT,0.00,0,145
04/04/2025,RB381,DAM/JED,C,12,0,0,0,0,0,1,0.00,0 %,0.00,ACT,0.00,0,12
04/04/2025,RB381,DAM/JED,Y,145,0,0,0,0,0,55,0.00,0 %,0.00,ACT,0.00,0,145
04/04/2025,RB389,DAM/RUH,C,12,0,0,0,0,0,0,0.00,0 %,0.00,ACT,0.00,0,12
04/04/2025,RB389,DAM/RUH,Y,145,0,0,0,0,0,0,0.00,0 %,0.00,ACT,0.00,0,145
04/04/2025,RB382,JED/DAM,C,12,0,0,0,0,0,8,0.00,0 %,0.00,ACT,0.00,0,12
04/04/2025,RB382,JED/DAM,Y,145,0,0,0,0,0,61,0.00,0 %,0.00,ACT,0.00,0,145
04/04/2025,RB390,RUH/DAM,C,12,0,0,0,0,0,6,0.00,0 %,0.00,ACT,0.00,0,12
04/04/2025,RB390,RUH/DAM,Y,145,0,0,0,0,0,72,0.00,0 %,0.00,ACT,0.00,0,145
04/05/2025,RB389,DAM/RUH,C,12,0,0,0,0,0,4,0.00,0 %,0.00,ACT,0.00,0,12
04/05/2025,RB389,DAM/RUH,Y,145,0,0,0,0,0,2,0.00,0 %,0.00,ACT,0.00,0,145
04/05/2025,RB521,DAM/DOH,C,12,0,0,0,0,0,3,0.00,0 %,0.00,ACT,0.00,0,12
04/05/2025,RB521,DAM/DOH,Y,145,0,0,0,0,0,17,0.00,0 %,0.00,ACT,0.00,0,145
04/05/2025,RB390,RUH/DAM,C,12,0,0,0,0,0,6,0.00,0 %,0.00,ACT,0.00,0,12
04/05/2025,RB390,RUH/DAM,Y,145,0,0,0,0,0,61,0.00,0 %,0.00,ACT,0.00,0,145
04/05/2025,RB522,DOH/DAM,C,12,0,0,0,0,0,11,0.00,0 %,0.00,ACT,0.00,0,12
04/05/2025,RB522,DOH/DAM,Y,145,0,0,0,0,0,18,0.00,0 %,0.00,ACT,0.00,0,145
04/05/2025,RB341,DAM/KWI,C,12,0,0,0,0,0,2,0.00,0 %,0.00,ACT,0.00,0,12
04/05/2025,RB341,DAM/KWI,Y,145,0,0,0,0,0,4,0.00,0 %,0.00,ACT,0.00,0,145
04/05/2025,RB381,DAM/JED,C,12,0,0,0,0,0,2,0.00,0 %,0.00,ACT,0.00,0,12
04/05/2025,RB381,DAM/JED,Y,145,0,0,0,0,0,4,0.00,0 %,0.00,ACT,0.00,0,145
04/05/2025,RB342,KWI/DAM,C,12,0,0,0,0,0,12,0.00,0 %,0.00,ACT,0.00,0,12
04/05/2025,RB342,KWI/DAM,Y,145,0,0,0,0,0,76,0.00,0 %,0.00,ACT,0.00,0,145
04/05/2025,RB382,JED/DAM,C,12,0,0,0,0,0,11,0.00,0 %,0.00,ACT,0.00,0,12
04/05/2025,RB382,JED/DAM,Y,145,0,0,0,0,0,99,0.00,0 %,0.00,ACT,0.00,0,145
04/07/2025,RB389,DAM/RUH,C,12,0,0,0,0,0,0,0.00,0 %,0.00,ACT,0.00,0,12
04/07/2025,RB389,DAM/RUH,Y,145,0,0,0,0,0,1,0.00,0 %,0.00,ACT,0.00,0,145
04/07/2025,RB390,RUH/DAM,C,12,0,0,0,0,0,8,0.00,0 %,0.00,ACT,0.00,0,12
04/07/2025,RB390,RUH/DAM,Y,145,0,0,0,0,0,88,0.00,0 %,0.00,ACT,0.00,0,145
04/08/2025,RB341,DAM/KWI,C,12,0,0,0,0,0,8,0.00,0 %,0.00,ACT,0.00,0,12
04/08/2025,RB341,DAM/KWI,Y,145,0,0,0,0,0,29,0.00,0 %,0.00,ACT,0.00,0,145
04/08/2025,RB342,KWI/DAM,C,12,0,0,0,0,0,8,0.00,0 %,0.00,ACT,0.00,0,12
04/08/2025,RB342,KWI/DAM,Y,145,0,0,0,0,0,56,0.00,0 %,0.00,ACT,0.00,0,145
04/09/2025,RB389,DAM/RUH,C,12,0,0,0,0,0,7,0.00,0 %,0.00,ACT,0.00,0,12
04/09/2025,RB389,DAM/RUH,Y,145,0,0,0,0,0,26,0.00,0 %,0.00,ACT,0.00,0,145
04/09/2025,RB390,RUH/DAM,C,12,0,0,0,0,0,11,0.00,0 %,0.00,ACT,0.00,0,12
04/09/2025,RB390,RUH/DAM,Y,145,0,0,0,0,0,98,0.00,0 %,0.00,ACT,0.00,0,145
04/09/2025,RB521,DAM/DOH,C,12,0,0,0,0,0,10,0.00,0 %,0.00,ACT,0.00,0,12
04/09/2025,RB521,DAM/DOH,Y,145,0,0,0,0,0,4,0.00,0 %,0.00,ACT,0.00,0,145
04/09/2025,RB522,DOH/DAM,C,12,0,0,0,0,0,9,0.00,0 %,0.00,ACT,0.00,0,12
04/09/2025,RB522,DOH/DAM,Y,145,0,0,0,0,0,32,0.00,0 %,0.00,ACT,0.00,0,145
04/09/2025,RB381,DAM/JED,C,12,0,0,0,0,0,7,0.00,0 %,0.00,ACT,0.00,0,12
04/09/2025,RB381,DAM/JED,Y,145,0,0,0,0,0,26,0.00,0 %,0.00,ACT,0.00,0,145
04/09/2025,RB382,JED/DAM,C,12,0,0,0,0,0,7,0.00,0 %,0.00,ACT,0.00,0,12
04/09/2025,RB382,JED/DAM,Y,145,0,0,0,0,0,69,0.00,0 %,0.00,ACT,0.00,0,145
04/10/2025,RB341,DAM/KWI,C,12,0,0,0,0,0,12,0.00,0 %,0.00,ACT,0.00,0,12
04/10/2025,RB341,DAM/KWI,Y,145,0,0,0,0,0,0,0.00,0 %,0.00,ACT,0.00,0,145
04/10/2025,RB527,DAM/DMM,C,12,0,0,0,0,0,10,0.00,0 %,0.00,ACT,0.00,0,12
04/10/2025,RB527,DAM/DMM,Y,145,0,0,0,0,0,46,0.00,0 %,0.00,ACT,0.00,0,145
04/10/2025,RB342,KWI/DAM,C,12,0,0,0,0,0,11,0.00,0 %,0.00,ACT,0.00,0,12
04/10/2025,RB342,KWI/DAM,Y,145,0,0,0,0,0,69,0.00,0 %,0.00,ACT,0.00,0,145
04/10/2025,RB528,DMM/DAM,C,12,0,0,0,0,0,12,0.00,0 %,0.00,ACT,0.00,0,12
04/10/2025,RB528,DMM/DAM,Y,145,0,0,0,0,0,104,0.00,0 %,0.00,ACT,0.00,0,145
04/11/2025,RB381,DAM/JED,C,12,0,0,0,0,0,3,0.00,0 %,0.00,ACT,0.00,0,12
04/11/2025,RB381,DAM/JED,Y,145,0,0,0,0,0,9,0.00,0 %,0.00,ACT,0.00,0,145
04/11/2025,RB389,DAM/RUH,C,12,0,0,0,0,0,4,0.00,0 %,0.00,ACT,0.00,0,12
04/11/2025,RB389,DAM/RUH,Y,145,0,0,0,0,0,6,0.00,0 %,0.00,ACT,0.00,0,145
04/11/2025,RB382,JED/DAM,C,12,0,0,0,0,0,10,0.00,0 %,0.00,ACT,0.00,0,12
04/11/2025,RB382,JED/DAM,Y,145,0,0,0,0,0,93,0.00,0 %,0.00,ACT,0.00,0,145
04/11/2025,RB390,RUH/DAM,C,12,0,0,0,0,0,9,0.00,0 %,0.00,ACT,0.00,0,12
04/11/2025,RB390,RUH/DAM,Y,145,0,0,0,0,0,96,0.00,0 %,0.00,ACT,0.00,0,145
04/12/2025,RB389,DAM/RUH,C,12,0,0,0,0,0,8,0.00,0 %,0.00,ACT,0.00,0,12
04/12/2025,RB389,DAM/RUH,Y,145,0,0,0,0,0,12,0.00,0 %,0.00,ACT,0.00,0,145
04/12/2025,RB521,DAM/DOH,C,12,0,0,0,0,0,1,0.00,0 %,0.00,ACT,0.00,0,12
04/12/2025,RB521,DAM/DOH,Y,145,0,0,0,0,0,7,0.00,0 %,0.00,ACT,0.00,0,145
04/12/2025,RB390,RUH/DAM,C,12,0,0,0,0,0,9,0.00,0 %,0.00,ACT,0.00,0,12
04/12/2025,RB390,RUH/DAM,Y,145,0,0,0,0,0,84,0.00,0 %,0.00,ACT,0.00,0,145
04/12/2025,RB522,DOH/DAM,C,12,0,0,0,0,0,11,0.00,0 %,0.00,ACT,0.00,0,12
04/12/2025,RB522,DOH/DAM,Y,145,0,0,0,0,0,14,0.00,0 %,0.00,ACT,0.00,0,145
04/12/2025,RB341,DAM/KWI,C,12,0,0,0,0,0,9,0.00,0 %,0.00,ACT,0.00,0,12
04/12/2025,RB341,DAM/KWI,Y,145,0,0,0,0,0,3,0.00,0 %,0.00,ACT,0.00,0,145
04/12/2025,RB381,DAM/JED,C,12,0,0,0,0,0,0,0.00,0 %,0.00,ACT,0.00,0,12
04/12/2025,RB381,DAM/JED,Y,145,0,0,0,0,0,51,0.00,0 %,0.00,ACT,0.00,0,145
04/12/2025,RB342,KWI/DAM,C,12,0,0,0,0,0,12,0.00,0 %,0.00,ACT,0.00,0,12
04/12/2025,RB342,KWI/DAM,Y,145,0,0,0,0,0,81,0.00,0 %,0.00,ACT,0.00,0,145
04/12/2025,RB382,JED/DAM,C,12,0,0,0,0,0,10,0.00,0 %,0.00,ACT,0.00,0,12
04/12/2025,RB382,JED/DAM,Y,145,0,0,0,0,0,116,0.00,0 %,0.00,ACT,0.00,0,145
04/14/2025,RB389,DAM/RUH,C,12,0,0,0,0,0,8,0.00,0 %,0.00,ACT,0.00,0,12
04/14/2025,RB389,DAM/RUH,Y,145,0,0,0,0,0,65,0.00,0 %,0.00,ACT,0.00,0,145
04/14/2025,RB390,RUH/DAM,C,12,0,0,0,0,0,8,0.00,0 %,0.00,ACT,0.00,0,12
04/14/2025,RB390,RUH/DAM,Y,145,0,0,0,0,0,92,0.00,0 %,0.00,ACT,0.00,0,145
04/15/2025,RB341,DAM/KWI,C,12,0,0,0,0,0,10,0.00,0 %,0.00,ACT,0.00,0,12
04/15/2025,RB341,DAM/KWI,Y,145,0,0,0,0,0,38,0.00,0 %,0.00,ACT,0.00,0,145
04/15/2025,RB342,KWI/DAM,C,12,0,0,0,0,0,12,0.00,0 %,0.00,ACT,0.00,0,12
04/15/2025,RB342,KWI/DAM,Y,145,0,0,0,0,0,47,0.00,0 %,0.00,ACT,0.00,0,145
04/16/2025,RB521,DAM/DOH,C,12,0,0,0,0,0,11,0.00,0 %,0.00,ACT,0.00,0,12
04/16/2025,RB521,DAM/DOH,Y,145,0,0,0,0,0,23,0.00,0 %,0.00,ACT,0.00,0,145
04/16/2025,RB522,DOH/DAM,C,12,0,0,0,0,0,5,0.00,0 %,0.00,ACT,0.00,0,12
04/16/2025,RB522,DOH/DAM,Y,145,0,0,0,0,0,39,0.00,0 %,0.00,ACT,0.00,0,145
04/16/2025,RB381,DAM/JED,C,12,0,0,0,0,0,9,0.00,0 %,0.00,ACT,0.00,0,12
04/16/2025,RB381,DAM/JED,Y,145,0,0,0,0,0,98,0.00,0 %,0.00,ACT,0.00,0,145
04/16/2025,RB382,JED/DAM,C,12,0,0,0,0,0,5,0.00,0 %,0.00,ACT,0.00,0,12
04/16/2025,RB382,JED/DAM,Y,145,0,0,0,0,0,60,0.00,0 %,0.00,ACT,0.00,0,145
04/17/2025,RB341,DAM/KWI,C,12,0,0,0,0,0,10,0.00,0 %,0.00,ACT,0.00,0,12
04/17/2025,RB341,DAM/KWI,Y,145,0,0,0,0,0,48,0.00,0 %,0.00,ACT,0.00,0,145
04/17/2025,RB527,DAM/DMM,C,12,0,0,0,0,0,11,0.00,0 %,0.00,ACT,0.00,0,12
04/17/2025,RB527,DAM/DMM,Y,145,0,0,0,0,0,90,0.00,0 %,0.00,ACT,0.00,0,145
04/17/2025,RB342,KWI/DAM,C,12,0,0,0,0,0,11,0.00,0 %,0.00,ACT,0.00,0,12
04/17/2025,RB342,KWI/DAM,Y,145,0,0,0,0,0,100,0.00,0 %,0.00,ACT,0.00,0,145
04/17/2025,RB528,DMM/DAM,C,12,0,0,0,0,0,12,0.00,0 %,0.00,ACT,0.00,0,12
04/17/2025,RB528,DMM/DAM,Y,145,0,0,0,0,0,90,0.00,0 %,0.00,ACT,0.00,0,145
04/18/2025,RB381,DAM/JED,C,12,0,0,0,0,0,4,0.00,0 %,0.00,ACT,0.00,0,12
04/18/2025,RB381,DAM/JED,Y,145,0,0,0,0,0,110,0.00,0 %,0.00,ACT,0.00,0,145
04/18/2025,RB389,DAM/RUH,C,12,0,0,0,0,0,3,0.00,0 %,0.00,ACT,0.00,0,12
04/18/2025,RB389,DAM/RUH,Y,145,0,0,0,0,0,3,0.00,0 %,0.00,ACT,0.00,0,145
04/18/2025,RB382,JED/DAM,C,12,0,0,0,0,0,3,0.00,0 %,0.00,ACT,0.00,0,12
04/18/2025,RB382,JED/DAM,Y,145,0,0,0,0,0,78,0.00,0 %,0.00,ACT,0.00,0,145
04/18/2025,RB390,RUH/DAM,C,12,0,0,0,0,0,6,0.00,0 %,0.00,ACT,0.00,0,12
04/18/2025,RB390,RUH/DAM,Y,145,0,0,0,0,0,92,0.00,0 %,0.00,ACT,0.00,0,145
04/19/2025,RB389,DAM/RUH,C,12,0,0,0,0,0,4,0.00,0 %,0.00,ACT,0.00,0,12
04/19/2025,RB389,DAM/RUH,Y,145,0,0,0,0,0,117,0.00,0 %,0.00,ACT,0.00,0,145
04/19/2025,RB521,DAM/DOH,C,12,0,0,0,0,0,8,0.00,0 %,0.00,ACT,0.00,0,12
04/19/2025,RB521,DAM/DOH,Y,145,0,0,0,0,0,58,0.00,0 %,0.00,ACT,0.00,0,145
04/19/2025,RB390,RUH/DAM,C,12,0,0,0,0,0,6,0.00,0 %,0.00,ACT,0.00,0,12
04/19/2025,RB390,RUH/DAM,Y,145,0,0,0,0,0,63,0.00,0 %,0.00,ACT,0.00,0,145
04/19/2025,RB522,DOH/DAM,C,12,0,0,0,0,0,7,0.00,0 %,0.00,ACT,0.00,0,12
04/19/2025,RB522,DOH/DAM,Y,145,0,0,0,0,0,32,0.00,0 %,0.00,ACT,0.00,0,145
04/19/2025,RB341,DAM/KWI,C,12,0,0,0,0,0,10,0.00,0 %,0.00,ACT,0.00,0,12
04/19/2025,RB341,DAM/KWI,Y,145,0,0,0,0,0,17,0.00,0 %,0.00,ACT,0.00,0,145
04/19/2025,RB381,DAM/JED,C,12,0,0,0,0,0,2,0.00,0 %,0.00,ACT,0.00,0,12
04/19/2025,RB381,DAM/JED,Y,145,0,0,0,0,0,100,0.00,0 %,0.00,ACT,0.00,0,145
04/19/2025,RB342,KWI/DAM,C,12,0,0,0,0,0,10,0.00,0 %,0.00,ACT,0.00,0,12
04/19/2025,RB342,KWI/DAM,Y,145,0,0,0,0,0,108,0.00,0 %,0.00,ACT,0.00,0,145
04/19/2025,RB382,JED/DAM,C,12,0,0,0,0,0,6,0.00,0 %,0.00,ACT,0.00,0,12
04/19/2025,RB382,JED/DAM,Y,145,0,0,0,0,0,57,0.00,0 %,0.00,ACT,0.00,0,145
04/20/2025,RB515,DAM/DXB,C,12,0,0,0,0,0,5,0.00,0 %,0.00,ACT,0.00,0,12
04/20/2025,RB515,DAM/DXB,Y,145,0,0,0,0,0,100,0.00,0 %,0.00,ACT,0.00,0,145
04/20/2025,RB516,DXB/DAM,C,12,0,0,0,0,0,10,0.00,0 %,0.00,ACT,0.00,0,12
04/20/2025,RB516,DXB/DAM,Y,145,0,0,0,0,0,57,0.00,0 %,0.00,ACT,0.00,0,145
04/20/2025,RB501,DAM/SHJ,C,12,0,0,0,0,0,11,0.00,0 %,0.00,ACT,0.00,0,12
04/20/2025,RB501,DAM/SHJ,Y,145,0,0,0,0,0,120,0.00,0 %,0.00,ACT,0.00,0,145
04/20/2025,RB502,SHJ/DAM,C,12,0,0,0,0,0,12,0.00,0 %,0.00,ACT,0.00,0,12
04/20/2025,RB502,SHJ/DAM,Y,145,0,0,0,0,0,86,0.00,0 %,0.00,ACT,0.00,0,145
04/21/2025,RB389,DAM/RUH,C,12,0,0,0,0,0,11,0.00,0 %,0.00,ACT,0.00,0,12
04/21/2025,RB389,DAM/RUH,Y,145,0,0,0,0,0,125,0.00,0 %,0.00,ACT,0.00,0,145
04/21/2025,RB515,DAM/DXB,C,12,0,0,0,0,0,5,0.00,0 %,0.00,ACT,0.00,0,12
04/21/2025,RB515,DAM/DXB,Y,145,0,0,0,0,0,105,0.00,0 %,0.00,ACT,0.00,0,145
04/21/2025,RB390,RUH/DAM,C,12,0,0,0,0,0,10,0.00,0 %,0.00,ACT,0.00,0,12
04/21/2025,RB390,RUH/DAM,Y,145,0,0,0,0,0,79,0.00,0 %,0.00,ACT,0.00,0,145
04/21/2025,RB516,DXB/DAM,C,12,0,0,0,0,0,1,0.00,0 %,0.00,ACT,0.00,0,12
04/21/2025,RB516,DXB/DAM,Y,145,0,0,0,0,0,49,0.00,0 %,0.00,ACT,0.00,0,145
04/22/2025,RB341,DAM/KWI,C,12,0,0,0,0,0,12,0.00,0 %,0.00,ACT,0.00,0,12
04/22/2025,RB341,DAM/KWI,Y,145,0,0,0,0,0,106,0.00,0 %,0.00,ACT,0.00,0,145
04/22/2025,RB381,DAM/JED,C,12,0,0,0,0,0,11,0.00,0 %,0.00,ACT,0.00,0,12
04/22/2025,RB381,DAM/JED,Y,145,0,0,0,0,0,127,0.00,0 %,0.00,ACT,0.00,0,145
04/22/2025,RB382,JED/DAM,C,12,0,0,0,0,0,12,0.00,0 %,0.00,ACT,0.00,0,12
04/22/2025,RB382,JED/DAM,Y,145,0,0,0,0,0,83,0.00,0 %,0.00,ACT,0.00,0,145
04/22/2025,RB342,KWI/DAM,C,12,0,0,0,0,0,10,0.00,0 %,0.00,ACT,0.00,0,12
04/22/2025,RB342,KWI/DAM,Y,145,0,0,0,0,0,45,0.00,0 %,0.00,ACT,0.00,0,145
04/22/2025,RB501,DAM/SHJ,C,12,0,0,0,0,0,1,0.00,0 %,0.00,ACT,0.00,0,12
04/22/2025,RB501,DAM/SHJ,Y,145,0,0,0,0,0,41,0.00,0 %,0.00,ACT,0.00,0,145
04/22/2025,RB503,DAM/AUH,C,12,0,0,0,0,0,11,0.00,0 %,0.00,ACT,0.00,0,12
04/22/2025,RB503,DAM/AUH,Y,145,0,0,0,0,0,100,0.00,0 %,0.00,ACT,0.00,0,145
04/22/2025,RB502,SHJ/DAM,C,12,0,0,0,0,0,6,0.00,0 %,0.00,ACT,0.00,0,12
04/22/2025,RB502,SHJ/DAM,Y,145,0,0,0,0,0,3,0.00,0 %,0.00,ACT,0.00,0,145
04/22/2025,RB504,AUH/DAM,C,12,0,0,0,0,0,10,0.00,0 %,0.00,ACT,0.00,0,12
04/22/2025,RB504,AUH/DAM,Y,145,0,0,0,0,0,46,0.00,0 %,0.00,ACT,0.00,0,145
04/23/2025,RB515,DAM/DXB,C,12,0,0,0,0,0,6,0.00,0 %,0.00,ACT,0.00,0,12
04/23/2025,RB515,DAM/DXB,Y,145,0,0,0,0,0,77,0.00,0 %,0.00,ACT,0.00,0,145
04/23/2025,RB389,DAM/RUH,C,12,0,0,0,0,0,10,0.00,0 %,0.00,ACT,0.00,0,12
04/23/2025,RB389,DAM/RUH,Y,145,0,0,0,0,0,108,0.00,0 %,0.00,ACT,0.00,0,145
04/23/2025,RB390,RUH/DAM,C,12,0,0,0,0,0,9,0.00,0 %,0.00,ACT,0.00,0,12
04/23/2025,RB390,RUH/DAM,Y,145,0,0,0,0,0,60,0.00,0 %,0.00,ACT,0.00,0,145
04/23/2025,RB516,DXB/DAM,C,12,0,0,0,0,0,1,0.00,0 %,0.00,ACT,0.00,0,12
04/23/2025,RB516,DXB/DAM,Y,145,0,0,0,0,0,2,0.00,0 %,0.00,ACT,0.00,0,145
04/23/2025,RB521,DAM/DOH,C,12,0,0,0,0,0,9,0.00,0 %,0.00,ACT,0.00,0,12
04/23/2025,RB521,DAM/DOH,Y,145,0,0,0,0,0,47,0.00,0 %,0.00,ACT,0.00,0,145
04/23/2025,RB522,DOH/DAM,C,12,0,0,0,0,0,4,0.00,0 %,0.00,ACT,0.00,0,12
04/23/2025,RB522,DOH/DAM,Y,145,0,0,0,0,0,57,0.00,0 %,0.00,ACT,0.00,0,145
04/24/2025,RB515,DAM/DXB,C,12,0,0,0,0,0,5,0.00,0 %,0.00,ACT,0.00,0,12
04/24/2025,RB515,DAM/DXB,Y,145,0,0,0,0,0,59,0.00,0 %,0.00,ACT,0.00,0,145
04/24/2025,RB527,DAM/DMM,C,12,0,0,0,0,0,11,0.00,0 %,0.00,ACT,0.00,0,12
04/24/2025,RB527,DAM/DMM,Y,145,0,0,0,0,0,112,0.00,0 %,0.00,ACT,0.00,0,145
04/24/2025,RB528,DMM/DAM,C,12,0,0,0,0,0,11,0.00,0 %,0.00,ACT,0.00,0,12
04/24/2025,RB528,DMM/DAM,Y,145,0,0,0,0,0,111,0.00,0 %,0.00,ACT,0.00,0,145
04/24/2025,RB516,DXB/DAM,C,12,0,0,0,0,0,0,0.00,0 %,0.00,ACT,0.00,0,12
04/24/2025,RB516,DXB/DAM,Y,145,0,0,0,0,0,0,0.00,0 %,0.00,ACT,0.00,0,145
04/24/2025,RB381,DAM/JED,C,12,0,0,0,0,0,11,0.00,0 %,0.00,ACT,0.00,0,12
04/24/2025,RB381,DAM/JED,Y,145,0,0,0,0,0,119,0.00,0 %,0.00,ACT,0.00,0,145
04/24/2025,RB341,DAM/KWI,C,12,0,0,0,0,0,11,0.00,0 %,0.00,ACT,0.00,0,12
04/24/2025,RB341,DAM/KWI,Y,145,0,0,0,0,0,67,0.00,0 %,0.00,ACT,0.00,0,145
04/24/2025,RB382,JED/DAM,C,12,0,0,0,0,0,0,0.00,0 %,0.00,ACT,0.00,0,12
04/24/2025,RB382,JED/DAM,Y,145,0,0,0,0,0,56,0.00,0 %,0.00,ACT,0.00,0,145
04/24/2025,RB342,KWI/DAM,C,12,0,0,0,0,0,12,0.00,0 %,0.00,ACT,0.00,0,12
04/24/2025,RB342,KWI/DAM,Y,145,0,0,0,0,0,101,0.00,0 %,0.00,ACT,0.00,0,145
04/25/2025,RB503,DAM/AUH,C,12,0,0,0,0,0,12,0.00,0 %,0.00,ACT,0.00,0,12
04/25/2025,RB503,DAM/AUH,Y,145,0,0,0,0,0,76,0.00,0 %,0.00,ACT,0.00,0,145
04/25/2025,RB504,AUH/DAM,C,12,0,0,0,0,0,6,0.00,0 %,0.00,ACT,0.00,0,12
04/25/2025,RB504,AUH/DAM,Y,145,0,0,0,0,0,5,0.00,0 %,0.00,ACT,0.00,0,145
04/25/2025,RB501,DAM/SHJ,C,12,0,0,0,0,0,0,0.00,0 %,0.00,ACT,0.00,0,12
04/25/2025,RB501,DAM/SHJ,Y,145,0,0,0,0,0,4,0.00,0 %,0.00,ACT,0.00,0,145
04/25/2025,RB389,DAM/RUH,C,12,0,0,0,0,0,3,0.00,0 %,0.00,ACT,0.00,0,12
04/25/2025,RB389,DAM/RUH,Y,145,0,0,0,0,0,56,0.00,0 %,0.00,ACT,0.00,0,145
04/25/2025,RB502,SHJ/DAM,C,12,0,0,0,0,0,5,0.00,0 %,0.00,ACT,0.00,0,12
04/25/2025,RB502,SHJ/DAM,Y,145,0,0,0,0,0,3,0.00,0 %,0.00,ACT,0.00,0,145
04/25/2025,RB390,RUH/DAM,C,12,0,0,0,0,0,9,0.00,0 %,0.00,ACT,0.00,0,12
04/25/2025,RB390,RUH/DAM,Y,145,0,0,0,0,0,86,0.00,0 %,0.00,ACT,0.00,0,145
04/26/2025,RB515,DAM/DXB,C,12,0,0,0,0,0,3,0.00,0 %,0.00,ACT,0.00,0,12
04/26/2025,RB515,DAM/DXB,Y,145,0,0,0,0,0,21,0.00,0 %,0.00,ACT,0.00,0,145
04/26/2025,RB389,DAM/RUH,C,12,0,0,0,0,0,11,0.00,0 %,0.00,ACT,0.00,0,12
04/26/2025,RB389,DAM/RUH,Y,145,0,0,0,0,0,116,0.00,0 %,0.00,ACT,0.00,0,145
04/26/2025,RB390,RUH/DAM,C,12,0,0,0,0,0,3,0.00,0 %,0.00,ACT,0.00,0,12
04/26/2025,RB390,RUH/DAM,Y,145,0,0,0,0,0,69,0.00,0 %,0.00,ACT,0.00,0,145
04/26/2025,RB516,DXB/DAM,C,12,0,0,0,0,0,0,0.00,0 %,0.00,ACT,0.00,0,12
04/26/2025,RB516,DXB/DAM,Y,145,0,0,0,0,0,3,0.00,0 %,0.00,ACT,0.00,0,145
04/26/2025,RB521,DAM/DOH,C,12,0,0,0,0,0,10,0.00,0 %,0.00,ACT,0.00,0,12
04/26/2025,RB521,DAM/DOH,Y,145,0,0,0,0,0,65,0.00,0 %,0.00,ACT,0.00,0,145
04/26/2025,RB341,DAM/KWI,C,12,0,0,0,0,0,12,0.00,0 %,0.00,ACT,0.00,0,12
04/26/2025,RB341,DAM/KWI,Y,145,0,0,0,0,0,58,0.00,0 %,0.00,ACT,0.00,0,145
04/26/2025,RB522,DOH/DAM,C,12,0,0,0,0,0,11,0.00,0 %,0.00,ACT,0.00,0,12
04/26/2025,RB522,DOH/DAM,Y,145,0,0,0,0,0,47,0.00,0 %,0.00,ACT,0.00,0,145
04/26/2025,RB342,KWI/DAM,C,12,0,0,0,0,0,12,0.00,0 %,0.00,ACT,0.00,0,12
04/26/2025,RB342,KWI/DAM,Y,145,0,0,0,0,0,93,0.00,0 %,0.00,ACT,0.00,0,145
04/27/2025,RB381,DAM/JED,C,12,0,0,0,0,0,3,0.00,0 %,0.00,ACT,0.00,0,12
04/27/2025,RB381,DAM/JED,Y,145,0,0,0,0,0,110,0.00,0 %,0.00,ACT,0.00,0,145
04/27/2025,RB382,JED/DAM,C,12,0,0,0,0,0,6,0.00,0 %,0.00,ACT,0.00,0,12
04/27/2025,RB382,JED/DAM,Y,145,0,0,0,0,0,57,0.00,0 %,0.00,ACT,0.00,0,145
04/27/2025,RB501,DAM/SHJ,C,12,0,0,0,0,0,0,0.00,0 %,0.00,ACT,0.00,0,12
04/27/2025,RB501,DAM/SHJ,Y,145,0,0,0,0,0,0,0.00,0 %,0.00,ACT,0.00,0,145
04/27/2025,RB502,SHJ/DAM,C,12,0,0,0,0,0,3,0.00,0 %,0.00,ACT,0.00,0,12
04/27/2025,RB502,SHJ/DAM,Y,145,0,0,0,0,0,3,0.00,0 %,0.00,ACT,0.00,0,145
04/28/2025,RB389,DAM/RUH,C,12,0,0,0,0,0,8,0.00,0 %,0.00,ACT,0.00,0,12
04/28/2025,RB389,DAM/RUH,Y,145,0,0,0,0,0,97,0.00,0 %,0.00,ACT,0.00,0,145
04/28/2025,RB515,DAM/DXB,C,12,0,0,0,0,0,0,0.00,0 %,0.00,ACT,0.00,0,12
04/28/2025,RB515,DAM/DXB,Y,145,0,0,0,0,0,5,0.00,0 %,0.00,ACT,0.00,0,145
04/28/2025,RB390,RUH/DAM,C,12,0,0,0,0,0,3,0.00,0 %,0.00,ACT,0.00,0,12
04/28/2025,RB390,RUH/DAM,Y,145,0,0,0,0,0,76,0.00,0 %,0.00,ACT,0.00,0,145
04/28/2025,RB516,DXB/DAM,C,12,0,0,0,0,0,2,0.00,0 %,0.00,ACT,0.00,0,12
04/28/2025,RB516,DXB/DAM,Y,145,0,0,0,0,0,3,0.00,0 %,0.00,ACT,0.00,0,145
04/29/2025,RB381,DAM/JED,C,12,0,0,0,0,0,10,0.00,0 %,0.00,ACT,0.00,0,12
04/29/2025,RB381,DAM/JED,Y,145,0,0,0,0,0,123,0.00,0 %,0.00,ACT,0.00,0,145
04/29/2025,RB341,DAM/KWI,C,12,0,0,0,0,0,11,0.00,0 %,0.00,ACT,0.00,0,12
04/29/2025,RB341,DAM/KWI,Y,145,0,0,0,0,0,118,0.00,0 %,0.00,ACT,0.00,0,145
04/29/2025,RB342,KWI/DAM,C,12,0,0,0,0,0,9,0.00,0 %,0.00,ACT,0.00,0,12
04/29/2025,RB342,KWI/DAM,Y,145,0,0,0,0,0,77,0.00,0 %,0.00,ACT,0.00,0,145
04/29/2025,RB382,JED/DAM,C,12,0,0,0,0,0,9,0.00,0 %,0.00,ACT,0.00,0,12
04/29/2025,RB382,JED/DAM,Y,145,0,0,0,0,0,96,0.00,0 %,0.00,ACT,0.00,0,145
04/29/2025,RB503,DAM/AUH,C,12,0,0,0,0,0,9,0.00,0 %,0.00,ACT,0.00,0,12
04/29/2025,RB503,DAM/AUH,Y,145,0,0,0,0,0,63,0.00,0 %,0.00,ACT,0.00,0,145
04/29/2025,RB501,DAM/SHJ,C,12,0,0,0,0,0,0,0.00,0 %,0.00,ACT,0.00,0,12
04/29/2025,RB501,DAM/SHJ,Y,145,0,0,0,0,0,6,0.00,0 %,0.00,ACT,0.00,0,145
04/29/2025,RB504,AUH/DAM,C,12,0,0,0,0,0,12,0.00,0 %,0.00,ACT,0.00,0,12
04/29/2025,RB504,AUH/DAM,Y,145,0,0,0,0,0,20,0.00,0 %,0.00,ACT,0.00,0,145
04/29/2025,RB502,SHJ/DAM,C,12,0,0,0,0,0,2,0.00,0 %,0.00,ACT,0.00,0,12
04/29/2025,RB502,SHJ/DAM,Y,145,0,0,0,0,0,1,0.00,0 %,0.00,ACT,0.00,0,145
04/30/2025,RB515,DAM/DXB,C,12,0,0,0,0,0,6,0.00,0 %,0.00,ACT,0.00,0,12
04/30/2025,RB515,DAM/DXB,Y,145,0,0,0,0,0,27,0.00,0 %,0.00,ACT,0.00,0,145
04/30/2025,RB389,DAM/RUH,C,12,0,0,0,0,0,8,0.00,0 %,0.00,ACT,0.00,0,12
04/30/2025,RB389,DAM/RUH,Y,145,0,0,0,0,0,99,0.00,0 %,0.00,ACT,0.00,0,145
04/30/2025,RB390,RUH/DAM,C,12,0,0,0,0,0,11,0.00,0 %,0.00,ACT,0.00,0,12
04/30/2025,RB390,RUH/DAM,Y,145,0,0,0,0,0,61,0.00,0 %,0.00,ACT,0.00,0,145
04/30/2025,RB516,DXB/DAM,C,12,0,0,0,0,0,3,0.00,0 %,0.00,ACT,0.00,0,12
04/30/2025,RB516,DXB/DAM,Y,145,0,0,0,0,0,4,0.00,0 %,0.00,ACT,0.00,0,145
04/30/2025,RB521,DAM/DOH,C,12,0,0,0,0,0,12,0.00,0 %,0.00,ACT,0.00,0,12
04/30/2025,RB521,DAM/DOH,Y,145,0,0,0,0,0,44,0.00,0 %,0.00,ACT,0.00,0,145
04/30/2025,RB522,DOH/DAM,C,12,0,0,0,0,0,10,0.00,0 %,0.00,ACT,0.00,0,12
04/30/2025,RB522,DOH/DAM,Y,145,0,0,0,0,0,19,0.00,0 %,0.00,ACT,0.00,0,145
05/01/2025,RB515,DAM/DXB,C,12,0,0,0,0,0,1,0.00,0 %,0.00,ACT,0.00,0,12
05/01/2025,RB515,DAM/DXB,Y,145,0,0,0,0,0,31,0.00,0 %,0.00,ACT,0.00,0,145
05/01/2025,RB516,DXB/DAM,C,12,0,0,0,0,0,1,0.00,0 %,0.00,ACT,0.00,0,12
05/01/2025,RB516,DXB/DAM,Y,145,0,0,0,0,0,0,0.00,0 %,0.00,ACT,0.00,0,145
05/01/2025,RB381,DAM/JED,C,12,0,0,0,0,0,0,0.00,0 %,0.00,ACT,0.00,0,12
05/01/2025,RB381,DAM/JED,Y,145,0,0,0,0,0,88,0.00,0 %,0.00,ACT,0.00,0,145
05/01/2025,RB341,DAM/KWI,C,12,0,0,0,0,0,11,0.00,0 %,0.00,ACT,0.00,0,12
05/01/2025,RB341,DAM/KWI,Y,145,0,0,0,0,0,44,0.00,0 %,0.00,ACT,0.00,0,145
05/01/2025,RB382,JED/DAM,C,12,0,0,0,0,0,6,0.00,0 %,0.00,ACT,0.00,0,12
05/01/2025,RB382,JED/DAM,Y,145,0,0,0,0,0,98,0.00,0 %,0.00,ACT,0.00,0,145
05/01/2025,RB342,KWI/DAM,C,12,0,0,0,0,0,11,0.00,0 %,0.00,ACT,0.00,0,12
05/01/2025,RB342,KWI/DAM,Y,145,0,0,0,0,0,80,0.00,0 %,0.00,ACT,0.00,0,145
05/02/2025,RB503,DAM/AUH,C,12,0,0,0,0,0,8,0.00,0 %,0.00,ACT,0.00,0,12
05/02/2025,RB503,DAM/AUH,Y,145,0,0,0,0,0,72,0.00,0 %,0.00,ACT,0.00,0,145
05/02/2025,RB515,DAM/DXB,C,12,0,0,0,0,0,5,0.00,0 %,0.00,ACT,0.00,0,12
05/02/2025,RB515,DAM/DXB,Y,145,0,0,0,0,0,69,0.00,0 %,0.00,ACT,0.00,0,145
05/02/2025,RB504,AUH/DAM,C,12,0,0,0,0,0,4,0.00,0 %,0.00,ACT,0.00,0,12
05/02/2025,RB504,AUH/DAM,Y,145,0,0,0,0,0,18,0.00,0 %,0.00,ACT,0.00,0,145
05/02/2025,RB516,DXB/DAM,C,12,0,0,0,0,0,0,0.00,0 %,0.00,ACT,0.00,0,12
05/02/2025,RB516,DXB/DAM,Y,145,0,0,0,0,0,2,0.00,0 %,0.00,ACT,0.00,0,145
05/02/2025,RB501,DAM/SHJ,C,12,0,0,0,0,0,2,0.00,0 %,0.00,ACT,0.00,0,12
05/02/2025,RB501,DAM/SHJ,Y,145,0,0,0,0,0,0,0.00,0 %,0.00,ACT,0.00,0,145
05/02/2025,RB389,DAM/RUH,C,12,0,0,0,0,0,0,0.00,0 %,0.00,ACT,0.00,0,12
05/02/2025,RB389,DAM/RUH,Y,145,0,0,0,0,0,56,0.00,0 %,0.00,ACT,0.00,0,145
05/02/2025,RB502,SHJ/DAM,C,12,0,0,0,0,0,1,0.00,0 %,0.00,ACT,0.00,0,12
05/02/2025,RB502,SHJ/DAM,Y,145,0,0,0,0,0,3,0.00,0 %,0.00,ACT,0.00,0,145
05/02/2025,RB390,RUH/DAM,C,12,0,0,0,0,0,7,0.00,0 %,0.00,ACT,0.00,0,12
05/02/2025,RB390,RUH/DAM,Y,145,0,0,0,0,0,67,0.00,0 %,0.00,ACT,0.00,0,145
05/03/2025,RB515,DAM/DXB,C,12,0,0,0,0,0,0,0.00,0 %,0.00,ACT,0.00,0,12
05/03/2025,RB515,DAM/DXB,Y,145,0,0,0,0,0,31,0.00,0 %,0.00,ACT,0.00,0,145
05/03/2025,RB389,DAM/RUH,C,12,0,0,0,0,0,4,0.00,0 %,0.00,ACT,0.00,0,12
05/03/2025,RB389,DAM/RUH,Y,145,0,0,0,0,0,101,0.00,0 %,0.00,ACT,0.00,0,145
05/03/2025,RB390,RUH/DAM,C,12,0,0,0,0,0,2,0.00,0 %,0.00,ACT,0.00,0,12
05/03/2025,RB390,RUH/DAM,Y,145,0,0,0,0,0,47,0.00,0 %,0.00,ACT,0.00,0,145
05/03/2025,RB516,DXB/DAM,C,12,0,0,0,0,0,5,0.00,0 %,0.00,ACT,0.00,0,12
05/03/2025,RB516,DXB/DAM,Y,145,0,0,0,0,0,3,0.00,0 %,0.00,ACT,0.00,0,145
05/03/2025,RB521,DAM/DOH,C,12,0,0,0,0,0,11,0.00,0 %,0.00,ACT,0.00,0,12
05/03/2025,RB521,DAM/DOH,Y,145,0,0,0,0,0,61,0.00,0 %,0.00,ACT,0.00,0,145
05/03/2025,RB341,DAM/KWI,C,12,0,0,0,0,0,12,0.00,0 %,0.00,ACT,0.00,0,12
05/03/2025,RB341,DAM/KWI,Y,145,0,0,0,0,0,60,0.00,0 %,0.00,ACT,0.00,0,145
05/03/2025,RB522,DOH/DAM,C,12,0,0,0,0,0,10,0.00,0 %,0.00,ACT,0.00,0,12
05/03/2025,RB522,DOH/DAM,Y,145,0,0,0,0,0,58,0.00,0 %,0.00,ACT,0.00,0,145
05/03/2025,RB342,KWI/DAM,C,12,0,0,0,0,0,12,0.00,0 %,0.00,ACT,0.00,0,12
05/03/2025,RB342,KWI/DAM,Y,145,0,0,0,0,0,78,0.00,0 %,0.00,ACT,0.00,0,145
05/04/2025,RB381,DAM/JED,C,12,0,0,0,0,0,6,0.00,0 %,0.00,ACT,0.00,0,12
05/04/2025,RB381,DAM/JED,Y,145,0,0,0,0,0,109,0.00,0 %,0.00,ACT,0.00,0,145
05/04/2025,RB515,DAM/DXB,C,12,0,0,0,0,0,6,0.00,0 %,0.00,ACT,0.00,0,12
05/04/2025,RB515,DAM/DXB,Y,145,0,0,0,0,0,80,0.00,0 %,0.00,ACT,0.00,0,145
05/04/2025,RB382,JED/DAM,C,12,0,0,0,0,0,8,0.00,0 %,0.00,ACT,0.00,0,12
05/04/2025,RB382,JED/DAM,Y,145,0,0,0,0,0,96,0.00,0 %,0.00,ACT,0.00,0,145
05/04/2025,RB516,DXB/DAM,C,12,0,0,0,0,0,4,0.00,0 %,0.00,ACT,0.00,0,12
05/04/2025,RB516,DXB/DAM,Y,145,0,0,0,0,0,4,0.00,0 %,0.00,ACT,0.00,0,145
05/04/2025,RB501,DAM/SHJ,C,12,0,0,0,0,0,0,0.00,0 %,0.00,ACT,0.00,0,12
05/04/2025,RB501,DAM/SHJ,Y,145,0,0,0,0,0,5,0.00,0 %,0.00,ACT,0.00,0,145
05/04/2025,RB502,SHJ/DAM,C,12,0,0,0,0,0,6,0.00,0 %,0.00,ACT,0.00,0,12
05/04/2025,RB502,SHJ/DAM,Y,145,0,0,0,0,0,0,0.00,0 %,0.00,ACT,0.00,0,145
05/05/2025,RB515,DAM/DXB,C,12,0,0,0,0,0,1,0.00,0 %,0.00,ACT,0.00,0,12
05/05/2025,RB515,DAM/DXB,Y,145,0,0,0,0,0,63,0.00,0 %,0.00,ACT,0.00,0,145
05/05/2025,RB516,DXB/DAM,C,12,0,0,0,0,0,6,0.00,0 %,0.00,ACT,0.00,0,12
05/05/2025,RB516,DXB/DAM,Y,145,0,0,0,0,0,8,0.00,0 %,0.00,ACT,0.00,0,145
05/05/2025,RB501,DAM/SHJ,C,12,0,0,0,0,0,3,0.00,0 %,0.00,ACT,0.00,0,12
05/05/2025,RB501,DAM/SHJ,Y,145,0,0,0,0,0,30,0.00,0 %,0.00,ACT,0.00,0,145
05/05/2025,RB502,SHJ/DAM,C,12,0,0,0,0,0,12,0.00,0 %,0.00,ACT,0.00,0,12
05/05/2025,RB502,SHJ/DAM,Y,145,0,0,0,0,0,28,0.00,0 %,0.00,ACT,0.00,0,145
05/06/2025,RB341,DAM/KWI,C,12,0,0,0,0,0,11,0.00,0 %,0.00,ACT,0.00,0,12
05/06/2025,RB341,DAM/KWI,Y,145,0,0,0,0,0,117,0.00,0 %,0.00,ACT,0.00,0,145
05/06/2025,RB342,KWI/DAM,C,12,0,0,0,0,0,12,0.00,0 %,0.00,ACT,0.00,0,12
05/06/2025,RB342,KWI/DAM,Y,145,0,0,0,0,0,47,0.00,0 %,0.00,ACT,0.00,0,145
05/06/2025,RB503,DAM/AUH,C,12,0,0,0,0,0,11,0.00,0 %,0.00,ACT,0.00,0,12
05/06/2025,RB503,DAM/AUH,Y,145,0,0,0,0,0,42,0.00,0 %,0.00,ACT,0.00,0,145
05/06/2025,RB501,DAM/SHJ,C,12,0,0,0,0,0,5,0.00,0 %,0.00,ACT,0.00,0,12
05/06/2025,RB501,DAM/SHJ,Y,145,0,0,0,0,0,14,0.00,0 %,0.00,ACT,0.00,0,145
05/06/2025,RB504,AUH/DAM,C,12,0,0,0,0,0,9,0.00,0 %,0.00,ACT,0.00,0,12
05/06/2025,RB504,AUH/DAM,Y,145,0,0,0,0,0,16,0.00,0 %,0.00,ACT,0.00,0,145
05/06/2025,RB502,SHJ/DAM,C,12,0,0,0,0,0,7,0.00,0 %,0.00,ACT,0.00,0,12
05/06/2025,RB502,SHJ/DAM,Y,145,0,0,0,0,0,17,0.00,0 %,0.00,ACT,0.00,0,145
05/07/2025,RB515,DAM/DXB,C,12,0,0,0,0,0,1,0.00,0 %,0.00,ACT,0.00,0,12
05/07/2025,RB515,DAM/DXB,Y,145,0,0,0,0,0,68,0.00,0 %,0.00,ACT,0.00,0,145
05/07/2025,RB389,DAM/RUH,C,12,0,0,0,0,0,9,0.00,0 %,0.00,ACT,0.00,0,12
05/07/2025,RB389,DAM/RUH,Y,145,0,0,0,0,0,88,0.00,0 %,0.00,ACT,0.00,0,145
05/07/2025,RB390,RUH/DAM,C,12,0,0,0,0,0,0,0.00,0 %,0.00,ACT,0.00,0,12
05/07/2025,RB390,RUH/DAM,Y,145,0,0,0,0,0,22,0.00,0 %,0.00,ACT,0.00,0,145
05/07/2025,RB516,DXB/DAM,C,12,0,0,0,0,0,4,0.00,0 %,0.00,ACT,0.00,0,12
05/07/2025,RB516,DXB/DAM,Y,145,0,0,0,0,0,8,0.00,0 %,0.00,ACT,0.00,0,145
05/07/2025,RB521,DAM/DOH,C,12,0,0,0,0,0,12,0.00,0 %,0.00,ACT,0.00,0,12
05/07/2025,RB521,DAM/DOH,Y,145,0,0,0,0,0,57,0.00,0 %,0.00,ACT,0.00,0,145
05/07/2025,RB501,DAM/SHJ,C,12,0,0,0,0,0,11,0.00,0 %,0.00,ACT,0.00,0,12
05/07/2025,RB501,DAM/SHJ,Y,145,0,0,0,0,0,45,0.00,0 %,0.00,ACT,0.00,0,145
05/07/2025,RB522,DOH/DAM,C,12,0,0,0,0,0,8,0.00,0 %,0.00,ACT,0.00,0,12
05/07/2025,RB522,DOH/DAM,Y,145,0,0,0,0,0,67,0.00,0 %,0.00,ACT,0.00,0,145
05/07/2025,RB502,SHJ/DAM,C,12,0,0,0,0,0,3,0.00,0 %,0.00,ACT,0.00,0,12
05/07/2025,RB502,SHJ/DAM,Y,145,0,0,0,0,0,1,0.00,0 %,0.00,ACT,0.00,0,145
05/08/2025,RB515,DAM/DXB,C,12,0,0,0,0,0,2,0.00,0 %,0.00,ACT,0.00,0,12
05/08/2025,RB515,DAM/DXB,Y,145,0,0,0,0,0,66,0.00,0 %,0.00,ACT,0.00,0,145
05/08/2025,RB516,DXB/DAM,C,12,0,0,0,0,0,5,0.00,0 %,0.00,ACT,0.00,0,12
05/08/2025,RB516,DXB/DAM,Y,145,0,0,0,0,0,0,0.00,0 %,0.00,ACT,0.00,0,145
05/08/2025,RB381,DAM/JED,C,12,0,0,0,0,0,4,0.00,0 %,0.00,ACT,0.00,0,12
05/08/2025,RB381,DAM/JED,Y,145,0,0,0,0,0,88,0.00,0 %,0.00,ACT,0.00,0,145
05/08/2025,RB382,JED/DAM,C,12,0,0,0,0,0,5,0.00,0 %,0.00,ACT,0.00,0,12
05/08/2025,RB382,JED/DAM,Y,145,0,0,0,0,0,69,0.00,0 %,0.00,ACT,0.00,0,145
05/09/2025,RB503,DAM/AUH,C,12,0,0,0,0,0,8,0.00,0 %,0.00,ACT,0.00,0,12
05/09/2025,RB503,DAM/AUH,Y,145,0,0,0,0,0,73,0.00,0 %,0.00,ACT,0.00,0,145
05/09/2025,RB515,DAM/DXB,C,12,0,0,0,0,0,8,0.00,0 %,0.00,ACT,0.00,0,12
05/09/2025,RB515,DAM/DXB,Y,145,0,0,0,0,0,86,0.00,0 %,0.00,ACT,0.00,0,145
05/09/2025,RB504,AUH/DAM,C,12,0,0,0,0,0,0,0.00,0 %,0.00,ACT,0.00,0,12
05/09/2025,RB504,AUH/DAM,Y,145,0,0,0,0,0,19,0.00,0 %,0.00,ACT,0.00,0,145
05/09/2025,RB516,DXB/DAM,C,12,0,0,0,0,0,2,0.00,0 %,0.00,ACT,0.00,0,12
05/09/2025,RB516,DXB/DAM,Y,145,0,0,0,0,0,2,0.00,0 %,0.00,ACT,0.00,0,145
05/09/2025,RB501,DAM/SHJ,C,12,0,0,0,0,0,1,0.00,0 %,0.00,ACT,0.00,0,12
05/09/2025,RB501,DAM/SHJ,Y,145,0,0,0,0,0,4,0.00,0 %,0.00,ACT,0.00,0,145
05/09/2025,RB389,DAM/RUH,C,12,0,0,0,0,0,1,0.00,0 %,0.00,ACT,0.00,0,12
05/09/2025,RB389,DAM/RUH,Y,145,0,0,0,0,0,58,0.00,0 %,0.00,ACT,0.00,0,145
05/09/2025,RB502,SHJ/DAM,C,12,0,0,0,0,0,4,0.00,0 %,0.00,ACT,0.00,0,12
05/09/2025,RB502,SHJ/DAM,Y,145,0,0,0,0,0,2,0.00,0 %,0.00,ACT,0.00,0,145
05/09/2025,RB390,RUH/DAM,C,12,0,0,0,0,0,7,0.00,0 %,0.00,ACT,0.00,0,12
05/09/2025,RB390,RUH/DAM,Y,145,0,0,0,0,0,100,0.00,0 %,0.00,ACT,0.00,0,145
05/10/2025,RB515,DAM/DXB,C,12,0,0,0,0,0,0,0.00,0 %,0.00,ACT,0.00,0,12
05/10/2025,RB515,DAM/DXB,Y,145,0,0,0,0,0,64,0.00,0 %,0.00,ACT,0.00,0,145
05/10/2025,RB389,DAM/RUH,C,12,0,0,0,0,0,1,0.00,0 %,0.00,ACT,0.00,0,12
05/10/2025,RB389,DAM/RUH,Y,145,0,0,0,0,0,96,0.00,0 %,0.00,ACT,0.00,0,145
05/10/2025,RB390,RUH/DAM,C,12,0,0,0,0,0,7,0.00,0 %,0.00,ACT,0.00,0,12
05/10/2025,RB390,RUH/DAM,Y,145,0,0,0,0,0,52,0.00,0 %,0.00,ACT,0.00,0,145
05/10/2025,RB516,DXB/DAM,C,12,0,0,0,0,0,0,0.00,0 %,0.00,ACT,0.00,0,12
05/10/2025,RB516,DXB/DAM,Y,145,0,0,0,0,0,3,0.00,0 %,0.00,ACT,0.00,0,145
05/10/2025,RB521,DAM/DOH,C,12,0,0,0,0,0,4,0.00,0 %,0.00,ACT,0.00,0,12
05/10/2025,RB521,DAM/DOH,Y,145,0,0,0,0,0,87,0.00,0 %,0.00,ACT,0.00,0,145
05/10/2025,RB341,DAM/KWI,C,12,0,0,0,0,0,11,0.00,0 %,0.00,ACT,0.00,0,12
05/10/2025,RB341,DAM/KWI,Y,145,0,0,0,0,0,15,0.00,0 %,0.00,ACT,0.00,0,145
05/10/2025,RB522,DOH/DAM,C,12,0,0,0,0,0,10,0.00,0 %,0.00,ACT,0.00,0,12
05/10/2025,RB522,DOH/DAM,Y,145,0,0,0,0,0,57,0.00,0 %,0.00,ACT,0.00,0,145
05/10/2025,RB342,KWI/DAM,C,12,0,0,0,0,0,12,0.00,0 %,0.00,ACT,0.00,0,12
05/10/2025,RB342,KWI/DAM,Y,145,0,0,0,0,0,35,0.00,0 %,0.00,ACT,0.00,0,145
05/11/2025,RB381,DAM/JED,C,12,0,0,0,0,0,10,0.00,0 %,0.00,ACT,0.00,0,12
05/11/2025,RB381,DAM/JED,Y,145,0,0,0,0,0,105,0.00,0 %,0.00,ACT,0.00,0,145
05/11/2025,RB515,DAM/DXB,C,12,0,0,0,0,0,5,0.00,0 %,0.00,ACT,0.00,0,12
05/11/2025,RB515,DAM/DXB,Y,145,0,0,0,0,0,75,0.00,0 %,0.00,ACT,0.00,0,145
05/11/2025,RB382,JED/DAM,C,12,0,0,0,0,0,11,0.00,0 %,0.00,ACT,0.00,0,12
05/11/2025,RB382,JED/DAM,Y,145,0,0,0,0,0,84,0.00,0 %,0.00,ACT,0.00,0,145
05/11/2025,RB516,DXB/DAM,C,12,0,0,0,0,0,0,0.00,0 %,0.00,ACT,0.00,0,12
05/11/2025,RB516,DXB/DAM,Y,145,0,0,0,0,0,5,0.00,0 %,0.00,ACT,0.00,0,145
05/11/2025,RB501,DAM/SHJ,C,12,0,0,0,0,0,0,0.00,0 %,0.00,ACT,0.00,0,12
05/11/2025,RB501,DAM/SHJ,Y,145,0,0,0,0,0,0,0.00,0 %,0.00,ACT,0.00,0,145
05/11/2025,RB502,SHJ/DAM,C,12,0,0,0,0,0,4,0.00,0 %,0.00,ACT,0.00,0,12
05/11/2025,RB502,SHJ/DAM,Y,145,0,0,0,0,0,3,0.00,0 %,0.00,ACT,0.00,0,145
05/12/2025,RB515,DAM/DXB,C,12,0,0,0,0,0,3,0.00,0 %,0.00,ACT,0.00,0,12
05/12/2025,RB515,DAM/DXB,Y,145,0,0,0,0,0,54,0.00,0 %,0.00,ACT,0.00,0,145
05/12/2025,RB516,DXB/DAM,C,12,0,0,0,0,0,4,0.00,0 %,0.00,ACT,0.00,0,12
05/12/2025,RB516,DXB/DAM,Y,145,0,0,0,0,0,7,0.00,0 %,0.00,ACT,0.00,0,145
05/12/2025,RB501,DAM/SHJ,C,12,0,0,0,0,0,5,0.00,0 %,0.00,ACT,0.00,0,12
05/12/2025,RB501,DAM/SHJ,Y,145,0,0,0,0,0,35,0.00,0 %,0.00,ACT,0.00,0,145
05/12/2025,RB502,SHJ/DAM,C,12,0,0,0,0,0,11,0.00,0 %,0.00,ACT,0.00,0,12
05/12/2025,RB502,SHJ/DAM,Y,145,0,0,0,0,0,9,0.00,0 %,0.00,ACT,0.00,0,145
05/13/2025,RB341,DAM/KWI,C,12,0,0,0,0,0,12,0.00,0 %,0.00,ACT,0.00,0,12
05/13/2025,RB341,DAM/KWI,Y,145,0,0,0,0,0,72,0.00,0 %,0.00,ACT,0.00,0,145
05/13/2025,RB342,KWI/DAM,C,12,0,0,0,0,0,11,0.00,0 %,0.00,ACT,0.00,0,12
05/13/2025,RB342,KWI/DAM,Y,145,0,0,0,0,0,25,0.00,0 %,0.00,ACT,0.00,0,145
05/13/2025,RB503,DAM/AUH,C,12,0,0,0,0,0,7,0.00,0 %,0.00,ACT,0.00,0,12
05/13/2025,RB503,DAM/AUH,Y,145,0,0,0,0,0,30,0.00,0 %,0.00,ACT,0.00,0,145
05/13/2025,RB501,DAM/SHJ,C,12,0,0,0,0,0,1,0.00,0 %,0.00,ACT,0.00,0,12
05/13/2025,RB501,DAM/SHJ,Y,145,0,0,0,0,0,30,0.00,0 %,0.00,ACT,0.00,0,145
05/13/2025,RB504,AUH/DAM,C,12,0,0,0,0,0,11,0.00,0 %,0.00,ACT,0.00,0,12
05/13/2025,RB504,AUH/DAM,Y,145,0,0,0,0,0,44,0.00,0 %,0.00,ACT,0.00,0,145
05/13/2025,RB502,SHJ/DAM,C,12,0,0,0,0,0,5,0.00,0 %,0.00,ACT,0.00,0,12
05/13/2025,RB502,SHJ/DAM,Y,145,0,0,0,0,0,5,0.00,0 %,0.00,ACT,0.00,0,145
05/14/2025,RB515,DAM/DXB,C,12,0,0,0,0,0,1,0.00,0 %,0.00,ACT,0.00,0,12
05/14/2025,RB515,DAM/DXB,Y,145,0,0,0,0,0,64,0.00,0 %,0.00,ACT,0.00,0,145
05/14/2025,RB389,DAM/RUH,C,12,0,0,0,0,0,6,0.00,0 %,0.00,ACT,0.00,0,12
05/14/2025,RB389,DAM/RUH,Y,145,0,0,0,0,0,85,0.00,0 %,0.00,ACT,0.00,0,145
05/14/2025,RB390,RUH/DAM,C,12,0,0,0,0,0,1,0.00,0 %,0.00,ACT,0.00,0,12
05/14/2025,RB390,RUH/DAM,Y,145,0,0,0,0,0,52,0.00,0 %,0.00,ACT,0.00,0,145
05/14/2025,RB516,DXB/DAM,C,12,0,0,0,0,0,1,0.00,0 %,0.00,ACT,0.00,0,12
05/14/2025,RB516,DXB/DAM,Y,145,0,0,0,0,0,5,0.00,0 %,0.00,ACT,0.00,0,145
05/14/2025,RB521,DAM/DOH,C,12,0,0,0,0,0,12,0.00,0 %,0.00,ACT,0.00,0,12
05/14/2025,RB521,DAM/DOH,Y,145,0,0,0,0,0,59,0.00,0 %,0.00,ACT,0.00,0,145
05/14/2025,RB501,DAM/SHJ,C,12,0,0,0,0,0,5,0.00,0 %,0.00,ACT,0.00,0,12
05/14/2025,RB501,DAM/SHJ,Y,145,0,0,0,0,0,30,0.00,0 %,0.00,ACT,0.00,0,145
05/14/2025,RB522,DOH/DAM,C,12,0,0,0,0,0,4,0.00,0 %,0.00,ACT,0.00,0,12
05/14/2025,RB522,DOH/DAM,Y,145,0,0,0,0,0,70,0.00,0 %,0.00,ACT,0.00,0,145
05/14/2025,RB502,SHJ/DAM,C,12,0,0,0,0,0,1,0.00,0 %,0.00,ACT,0.00,0,12
05/14/2025,RB502,SHJ/DAM,Y,145,0,0,0,0,0,0,0.00,0 %,0.00,ACT,0.00,0,145
05/15/2025,RB515,DAM/DXB,C,12,0,0,0,0,0,3,0.00,0 %,0.00,ACT,0.00,0,12
05/15/2025,RB515,DAM/DXB,Y,145,0,0,0,0,0,68,0.00,0 %,0.00,ACT,0.00,0,145
05/15/2025,RB516,DXB/DAM,C,12,0,0,0,0,0,0,0.00,0 %,0.00,ACT,0.00,0,12
05/15/2025,RB516,DXB/DAM,Y,145,0,0,0,0,0,4,0.00,0 %,0.00,ACT,0.00,0,145
05/15/2025,RB381,DAM/JED,C,12,0,0,0,0,0,9,0.00,0 %,0.00,ACT,0.00,0,12
05/15/2025,RB381,DAM/JED,Y,145,0,0,0,0,0,70,0.00,0 %,0.00,ACT,0.00,0,145
05/15/2025,RB341,DAM/KWI,C,12,0,0,0,0,0,12,0.00,0 %,0.00,ACT,0.00,0,12
05/15/2025,RB341,DAM/KWI,Y,145,0,0,0,0,0,2,0.00,0 %,0.00,ACT,0.00,0,145
05/15/2025,RB382,JED/DAM,C,12,0,0,0,0,0,10,0.00,0 %,0.00,ACT,0.00,0,12
05/15/2025,RB382,JED/DAM,Y,145,0,0,0,0,0,87,0.00,0 %,0.00,ACT,0.00,0,145
05/15/2025,RB342,KWI/DAM,C,12,0,0,0,0,0,11,0.00,0 %,0.00,ACT,0.00,0,12
05/15/2025,RB342,KWI/DAM,Y,145,0,0,0,0,0,65,0.00,0 %,0.00,ACT,0.00,0,145
05/16/2025,RB503,DAM/AUH,C,12,0,0,0,0,0,11,0.00,0 %,0.00,ACT,0.00,0,12
05/16/2025,RB503,DAM/AUH,Y,145,0,0,0,0,0,86,0.00,0 %,0.00,ACT,0.00,0,145
05/16/2025,RB515,DAM/DXB,C,12,0,0,0,0,0,2,0.00,0 %,0.00,ACT,0.00,0,12
05/16/2025,RB515,DAM/DXB,Y,145,0,0,0,0,0,83,0.00,0 %,0.00,ACT,0.00,0,145
05/16/2025,RB504,AUH/DAM,C,12,0,0,0,0,0,0,0.00,0 %,0.00,ACT,0.00,0,12
05/16/2025,RB504,AUH/DAM,Y,145,0,0,0,0,0,2,0.00,0 %,0.00,ACT,0.00,0,145
05/16/2025,RB516,DXB/DAM,C,12,0,0,0,0,0,2,0.00,0 %,0.00,ACT,0.00,0,12
05/16/2025,RB516,DXB/DAM,Y,145,0,0,0,0,0,0,0.00,0 %,0.00,ACT,0.00,0,145
05/16/2025,RB501,DAM/SHJ,C,12,0,0,0,0,0,5,0.00,0 %,0.00,ACT,0.00,0,12
05/16/2025,RB501,DAM/SHJ,Y,145,0,0,0,0,0,2,0.00,0 %,0.00,ACT,0.00,0,145
05/16/2025,RB389,DAM/RUH,C,12,0,0,0,0,0,2,0.00,0 %,0.00,ACT,0.00,0,12
05/16/2025,RB389,DAM/RUH,Y,145,0,0,0,0,0,66,0.00,0 %,0.00,ACT,0.00,0,145
05/16/2025,RB502,SHJ/DAM,C,12,0,0,0,0,0,0,0.00,0 %,0.00,ACT,0.00,0,12
05/16/2025,RB502,SHJ/DAM,Y,145,0,0,0,0,0,0,0.00,0 %,0.00,ACT,0.00,0,145
05/16/2025,RB390,RUH/DAM,C,12,0,0,0,0,0,8,0.00,0 %,0.00,ACT,0.00,0,12
05/16/2025,RB390,RUH/DAM,Y,145,0,0,0,0,0,90,0.00,0 %,0.00,ACT,0.00,0,145
05/17/2025,RB515,DAM/DXB,C,12,0,0,0,0,0,8,0.00,0 %,0.00,ACT,0.00,0,12
05/17/2025,RB515,DAM/DXB,Y,145,0,0,0,0,0,53,0.00,0 %,0.00,ACT,0.00,0,145
05/17/2025,RB389,DAM/RUH,C,12,0,0,0,0,0,11,0.00,0 %,0.00,ACT,0.00,0,12
05/17/2025,RB389,DAM/RUH,Y,145,0,0,0,0,0,119,0.00,0 %,0.00,ACT,0.00,0,145
05/17/2025,RB390,RUH/DAM,C,12,0,0,0,0,0,4,0.00,0 %,0.00,ACT,0.00,0,12
05/17/2025,RB390,RUH/DAM,Y,145,0,0,0,0,0,55,0.00,0 %,0.00,ACT,0.00,0,145
05/17/2025,RB516,DXB/DAM,C,12,0,0,0,0,0,0,0.00,0 %,0.00,ACT,0.00,0,12
05/17/2025,RB516,DXB/DAM,Y,145,0,0,0,0,0,1,0.00,0 %,0.00,ACT,0.00,0,145
05/17/2025,RB521,DAM/DOH,C,12,0,0,0,0,0,12,0.00,0 %,0.00,ACT,0.00,0,12
05/17/2025,RB521,DAM/DOH,Y,145,0,0,0,0,0,89,0.00,0 %,0.00,ACT,0.00,0,145
05/17/2025,RB341,DAM/KWI,C,12,0,0,0,0,0,11,0.00,0 %,0.00,ACT,0.00,0,12
05/17/2025,RB341,DAM/KWI,Y,145,0,0,0,0,0,21,0.00,0 %,0.00,ACT,0.00,0,145
05/17/2025,RB522,DOH/DAM,C,12,0,0,0,0,0,9,0.00,0 %,0.00,ACT,0.00,0,12
05/17/2025,RB522,DOH/DAM,Y,145,0,0,0,0,0,47,0.00,0 %,0.00,ACT,0.00,0,145
05/17/2025,RB342,KWI/DAM,C,12,0,0,0,0,0,11,0.00,0 %,0.00,ACT,0.00,0,12
05/17/2025,RB342,KWI/DAM,Y,145,0,0,0,0,0,71,0.00,0 %,0.00,ACT,0.00,0,145
05/18/2025,RB381,DAM/JED,C,12,0,0,0,0,0,8,0.00,0 %,0.00,ACT,0.00,0,12
05/18/2025,RB381,DAM/JED,Y,145,0,0,0,0,0,112,0.00,0 %,0.00,ACT,0.00,0,145
05/18/2025,RB515,DAM/DXB,C,12,0,0,0,0,0,9,0.00,0 %,0.00,ACT,0.00,0,12
05/18/2025,RB515,DAM/DXB,Y,145,0,0,0,0,0,55,0.00,0 %,0.00,ACT,0.00,0,145
05/18/2025,RB382,JED/DAM,C,12,0,0,0,0,0,2,0.00,0 %,0.00,ACT,0.00,0,12
05/18/2025,RB382,JED/DAM,Y,145,0,0,0,0,0,62,0.00,0 %,0.00,ACT,0.00,0,145
05/18/2025,RB516,DXB/DAM,C,12,0,0,0,0,0,3,0.00,0 %,0.00,ACT,0.00,0,12
05/18/2025,RB516,DXB/DAM,Y,145,0,0,0,0,0,0,0.00,0 %,0.00,ACT,0.00,0,145
05/18/2025,RB501,DAM/SHJ,C,12,0,0,0,0,0,3,0.00,0 %,0.00,ACT,0.00,0,12
05/18/2025,RB501,DAM/SHJ,Y,145,0,0,0,0,0,6,0.00,0 %,0.00,ACT,0.00,0,145
05/18/2025,RB502,SHJ/DAM,C,12,0,0,0,0,0,0,0.00,0 %,0.00,ACT,0.00,0,12
05/18/2025,RB502,SHJ/DAM,Y,145,0,0,0,0,0,0,0.00,0 %,0.00,ACT,0.00,0,145
05/19/2025,RB515,DAM/DXB,C,12,0,0,0,0,0,5,0.00,0 %,0.00,ACT,0.00,0,12
05/19/2025,RB515,DAM/DXB,Y,145,0,0,0,0,0,66,0.00,0 %,0.00,ACT,0.00,0,145
05/19/2025,RB516,DXB/DAM,C,12,0,0,0,0,0,1,0.00,0 %,0.00,ACT,0.00,0,12
05/19/2025,RB516,DXB/DAM,Y,145,0,0,0,0,0,1,0.00,0 %,0.00,ACT,0.00,0,145
05/19/2025,RB501,DAM/SHJ,C,12,0,0,0,0,0,7,0.00,0 %,0.00,ACT,0.00,0,12
05/19/2025,RB501,DAM/SHJ,Y,145,0,0,0,0,0,20,0.00,0 %,0.00,ACT,0.00,0,145
05/19/2025,RB502,SHJ/DAM,C,12,0,0,0,0,0,0,0.00,0 %,0.00,ACT,0.00,0,12
05/19/2025,RB502,SHJ/DAM,Y,145,0,0,0,0,0,0,0.00,0 %,0.00,ACT,0.00,0,145
05/20/2025,RB341,DAM/KWI,C,12,0,0,0,0,0,12,0.00,0 %,0.00,ACT,0.00,0,12
05/20/2025,RB341,DAM/KWI,Y,145,0,0,0,0,0,49,0.00,0 %,0.00,ACT,0.00,0,145
05/20/2025,RB342,KWI/DAM,C,12,0,0,0,0,0,8,0.00,0 %,0.00,ACT,0.00,0,12
05/20/2025,RB342,KWI/DAM,Y,145,0,0,0,0,0,9,0.00,0 %,0.00,ACT,0.00,0,145
05/20/2025,RB503,DAM/AUH,C,12,0,0,0,0,0,8,0.00,0 %,0.00,ACT,0.00,0,12
05/20/2025,RB503,DAM/AUH,Y,145,0,0,0,0,0,46,0.00,0 %,0.00,ACT,0.00,0,145
05/20/2025,RB501,DAM/SHJ,C,12,0,0,0,0,0,3,0.00,0 %,0.00,ACT,0.00,0,12
05/20/2025,RB501,DAM/SHJ,Y,145,0,0,0,0,0,0,0.00,0 %,0.00,ACT,0.00,0,145
05/20/2025,RB504,AUH/DAM,C,12,0,0,0,0,0,5,0.00,0 %,0.00,ACT,0.00,0,12
05/20/2025,RB504,AUH/DAM,Y,145,0,0,0,0,0,4,0.00,0 %,0.00,ACT,0.00,0,145
05/20/2025,RB502,SHJ/DAM,C,12,0,0,0,0,0,1,0.00,0 %,0.00,ACT,0.00,0,12
05/20/2025,RB502,SHJ/DAM,Y,145,0,0,0,0,0,0,0.00,0 %,0.00,ACT,0.00,0,145
05/21/2025,RB515,DAM/DXB,C,12,0,0,0,0,0,4,0.00,0 %,0.00,ACT,0.00,0,12
05/21/2025,RB515,DAM/DXB,Y,145,0,0,0,0,0,79,0.00,0 %,0.00,ACT,0.00,0,145
05/21/2025,RB389,DAM/RUH,C,12,0,0,0,0,0,2,0.00,0 %,0.00,ACT,0.00,0,12
05/21/2025,RB389,DAM/RUH,Y,145,0,0,0,0,0,114,0.00,0 %,0.00,ACT,0.00,0,145
05/21/2025,RB390,RUH/DAM,C,12,0,0,0,0,0,0,0.00,0 %,0.00,ACT,0.00,0,12
05/21/2025,RB390,RUH/DAM,Y,145,0,0,0,0,0,10,0.00,0 %,0.00,ACT,0.00,0,145
05/21/2025,RB516,DXB/DAM,C,12,0,0,0,0,0,0,0.00,0 %,0.00,ACT,0.00,0,12
05/21/2025,RB516,DXB/DAM,Y,145,0,0,0,0,0,3,0.00,0 %,0.00,ACT,0.00,0,145
05/21/2025,RB521,DAM/DOH,C,12,0,0,0,0,0,11,0.00,0 %,0.00,ACT,0.00,0,12
05/21/2025,RB521,DAM/DOH,Y,145,0,0,0,0,0,97,0.00,0 %,0.00,ACT,0.00,0,145
05/21/2025,RB501,DAM/SHJ,C,12,0,0,0,0,0,4,0.00,0 %,0.00,ACT,0.00,0,12
05/21/2025,RB501,DAM/SHJ,Y,145,0,0,0,0,0,20,0.00,0 %,0.00,ACT,0.00,0,145
05/21/2025,RB522,DOH/DAM,C,12,0,0,0,0,0,10,0.00,0 %,0.00,ACT,0.00,0,12
05/21/2025,RB522,DOH/DAM,Y,145,0,0,0,0,0,75,0.00,0 %,0.00,ACT,0.00,0,145
05/21/2025,RB502,SHJ/DAM,C,12,0,0,0,0,0,0,0.00,0 %,0.00,ACT,0.00,0,12
05/21/2025,RB502,SHJ/DAM,Y,145,0,0,0,0,0,1,0.00,0 %,0.00,ACT,0.00,0,145
05/22/2025,RB515,DAM/DXB,C,12,0,0,0,0,0,5,0.00,0 %,0.00,ACT,0.00,0,12
05/22/2025,RB515,DAM/DXB,Y,145,0,0,0,0,0,58,0.00,0 %,0.00,ACT,0.00,0,145
05/22/2025,RB516,DXB/DAM,C,12,0,0,0,0,0,0,0.00,0 %,0.00,ACT,0.00,0,12
05/22/2025,RB516,DXB/DAM,Y,145,0,0,0,0,0,0,0.00,0 %,0.00,ACT,0.00,0,145
05/22/2025,RB381,DAM/JED,C,12,0,0,0,0,0,5,0.00,0 %,0.00,ACT,0.00,0,12
05/22/2025,RB381,DAM/JED,Y,145,0,0,0,0,0,95,0.00,0 %,0.00,ACT,0.00,0,145
05/22/2025,RB341,DAM/KWI,C,12,0,0,0,0,0,12,0.00,0 %,0.00,ACT,0.00,0,12
05/22/2025,RB341,DAM/KWI,Y,145,0,0,0,0,0,4,0.00,0 %,0.00,ACT,0.00,0,145
05/22/2025,RB382,JED/DAM,C,12,0,0,0,0,0,9,0.00,0 %,0.00,ACT,0.00,0,12
05/22/2025,RB382,JED/DAM,Y,145,0,0,0,0,0,43,0.00,0 %,0.00,ACT,0.00,0,145
05/22/2025,RB342,KWI/DAM,C,12,0,0,0,0,0,12,0.00,0 %,0.00,ACT,0.00,0,12
05/22/2025,RB342,KWI/DAM,Y,145,0,0,0,0,0,53,0.00,0 %,0.00,ACT,0.00,0,145
05/23/2025,RB503,DAM/AUH,C,12,0,0,0,0,0,11,0.00,0 %,0.00,ACT,0.00,0,12
05/23/2025,RB503,DAM/AUH,Y,145,0,0,0,0,0,81,0.00,0 %,0.00,ACT,0.00,0,145
05/23/2025,RB515,DAM/DXB,C,12,0,0,0,0,0,4,0.00,0 %,0.00,ACT,0.00,0,12
05/23/2025,RB515,DAM/DXB,Y,145,0,0,0,0,0,59,0.00,0 %,0.00,ACT,0.00,0,145
05/23/2025,RB504,AUH/DAM,C,12,0,0,0,0,0,2,0.00,0 %,0.00,ACT,0.00,0,12
05/23/2025,RB504,AUH/DAM,Y,145,0,0,0,0,0,3,0.00,0 %,0.00,ACT,0.00,0,145
05/23/2025,RB516,DXB/DAM,C,12,0,0,0,0,0,0,0.00,0 %,0.00,ACT,0.00,0,12
05/23/2025,RB516,DXB/DAM,Y,145,0,0,0,0,0,0,0.00,0 %,0.00,ACT,0.00,0,145
05/23/2025,RB501,DAM/SHJ,C,12,0,0,0,0,0,6,0.00,0 %,0.00,ACT,0.00,0,12
05/23/2025,RB501,DAM/SHJ,Y,145,0,0,0,0,0,3,0.00,0 %,0.00,ACT,0.00,0,145
05/23/2025,RB389,DAM/RUH,C,12,0,0,0,0,0,11,0.00,0 %,0.00,ACT,0.00,0,12
05/23/2025,RB389,DAM/RUH,Y,145,0,0,0,0,0,75,0.00,0 %,0.00,ACT,0.00,0,145
05/23/2025,RB502,SHJ/DAM,C,12,0,0,0,0,0,1,0.00,0 %,0.00,ACT,0.00,0,12
05/23/2025,RB502,SHJ/DAM,Y,145,0,0,0,0,0,2,0.00,0 %,0.00,ACT,0.00,0,145
05/23/2025,RB390,RUH/DAM,C,12,0,0,0,0,0,0,0.00,0 %,0.00,ACT,0.00,0,12
05/23/2025,RB390,RUH/DAM,Y,145,0,0,0,0,0,1,0.00,0 %,0.00,ACT,0.00,0,145
05/24/2025,RB515,DAM/DXB,C,12,0,0,0,0,0,4,0.00,0 %,0.00,ACT,0.00,0,12
05/24/2025,RB515,DAM/DXB,Y,138,0,0,0,0,0,58,0.00,0 %,0.00,ACT,0.00,0,138
05/24/2025,RB389,DAM/RUH,C,12,0,0,0,0,0,11,0.00,0 %,0.00,ACT,0.00,0,12
05/24/2025,RB389,DAM/RUH,Y,145,0,0,0,0,0,123,0.00,0 %,0.00,ACT,0.00,0,145
05/24/2025,RB390,RUH/DAM,C,12,0,0,0,0,0,0,0.00,0 %,0.00,ACT,0.00,0,12
05/24/2025,RB390,RUH/DAM,Y,145,0,0,0,0,0,11,0.00,0 %,0.00,ACT,0.00,0,145
05/24/2025,RB516,DXB/DAM,C,12,0,0,0,0,0,0,0.00,0 %,0.00,ACT,0.00,0,12
05/24/2025,RB516,DXB/DAM,Y,138,0,0,0,0,0,11,0.00,0 %,0.00,ACT,0.00,0,138
05/24/2025,RB521,DAM/DOH,C,12,0,0,0,0,0,11,0.00,0 %,0.00,ACT,0.00,0,12
05/24/2025,RB521,DAM/DOH,Y,145,0,0,0,0,0,98,0.00,0 %,0.00,ACT,0.00,0,145
05/24/2025,RB341,DAM/KWI,C,12,0,0,0,0,0,8,0.00,0 %,0.00,ACT,0.00,0,12
05/24/2025,RB341,DAM/KWI,Y,138,0,0,0,0,0,5,0.00,0 %,0.00,ACT,0.00,0,138
05/24/2025,RB522,DOH/DAM,C,12,0,0,0,0,0,8,0.00,0 %,0.00,ACT,0.00,0,12
05/24/2025,RB522,DOH/DAM,Y,145,0,0,0,0,0,8,0.00,0 %,0.00,ACT,0.00,0,145
05/24/2025,RB342,KWI/DAM,C,12,0,0,0,0,0,10,0.00,0 %,0.00,ACT,0.00,0,12
05/24/2025,RB342,KWI/DAM,Y,138,0,0,0,0,0,33,0.00,0 %,0.00,ACT,0.00,0,138
05/25/2025,RB381,DAM/JED,C,12,0,0,0,0,0,8,0.00,0 %,0.00,ACT,0.00,0,12
05/25/2025,RB381,DAM/JED,Y,145,0,0,0,0,0,111,0.00,0 %,0.00,ACT,0.00,0,145
05/25/2025,RB515,DAM/DXB,C,12,0,0,0,0,0,0,0.00,0 %,0.00,ACT,0.00,0,12
05/25/2025,RB515,DAM/DXB,Y,145,0,0,0,0,0,48,0.00,0 %,0.00,ACT,0.00,0,145
05/25/2025,RB382,JED/DAM,C,12,0,0,0,0,0,0,0.00,0 %,0.00,ACT,0.00,0,12
05/25/2025,RB382,JED/DAM,Y,145,0,0,0,0,0,23,0.00,0 %,0.00,ACT,0.00,0,145
05/25/2025,RB516,DXB/DAM,C,12,0,0,0,0,0,2,0.00,0 %,0.00,ACT,0.00,0,12
05/25/2025,RB516,DXB/DAM,Y,145,0,0,0,0,0,0,0.00,0 %,0.00,ACT,0.00,0,145
05/25/2025,RB501,DAM/SHJ,C,12,0,0,0,0,0,2,0.00,0 %,0.00,ACT,0.00,0,12
05/25/2025,RB501,DAM/SHJ,Y,138,0,0,0,0,0,2,0.00,0 %,0.00,ACT,0.00,0,138
05/25/2025,RB502,SHJ/DAM,C,12,0,0,0,0,0,0,0.00,0 %,0.00,ACT,0.00,0,12
05/25/2025,RB502,SHJ/DAM,Y,138,0,0,0,0,0,0,0.00,0 %,0.00,ACT,0.00,0,138
05/26/2025,RB515,DAM/DXB,C,12,0,0,0,0,0,6,0.00,0 %,0.00,ACT,0.00,0,12
05/26/2025,RB515,DAM/DXB,Y,138,0,0,0,0,0,84,0.00,0 %,0.00,ACT,0.00,0,138
05/26/2025,RB516,DXB/DAM,C,12,0,0,0,0,0,2,0.00,0 %,0.00,ACT,0.00,0,12
05/26/2025,RB516,DXB/DAM,Y,138,0,0,0,0,0,0,0.00,0 %,0.00,ACT,0.00,0,138
05/26/2025,RB501,DAM/SHJ,C,12,0,0,0,0,0,11,0.00,0 %,0.00,ACT,0.00,0,12
05/26/2025,RB501,DAM/SHJ,Y,145,0,0,0,0,0,11,0.00,0 %,0.00,ACT,0.00,0,145
05/26/2025,RB502,SHJ/DAM,C,12,0,0,0,0,0,2,0.00,0 %,0.00,ACT,0.00,0,12
05/26/2025,RB502,SHJ/DAM,Y,145,0,0,0,0,0,7,0.00,0 %,0.00,ACT,0.00,0,145
05/27/2025,RB341,DAM/KWI,C,12,0,0,0,0,0,12,0.00,0 %,0.00,ACT,0.00,0,12
05/27/2025,RB341,DAM/KWI,Y,138,0,0,0,0,0,3,0.00,0 %,0.00,ACT,0.00,0,138
05/27/2025,RB342,KWI/DAM,C,12,0,0,0,0,0,3,0.00,0 %,0.00,ACT,0.00,0,12
05/27/2025,RB342,KWI/DAM,Y,138,0,0,0,0,0,0,0.00,0 %,0.00,ACT,0.00,0,138
05/27/2025,RB503,DAM/AUH,C,12,0,0,0,0,0,10,0.00,0 %,0.00,ACT,0.00,0,12
05/27/2025,RB503,DAM/AUH,Y,145,0,0,0,0,0,24,0.00,0 %,0.00,ACT,0.00,0,145
05/27/2025,RB501,DAM/SHJ,C,12,0,0,0,0,0,0,0.00,0 %,0.00,ACT,0.00,0,12
05/27/2025,RB501,DAM/SHJ,Y,138,0,0,0,0,0,34,0.00,0 %,0.00,ACT,0.00,0,138
05/27/2025,RB504,AUH/DAM,C,12,0,0,0,0,0,0,0.00,0 %,0.00,ACT,0.00,0,12
05/27/2025,RB504,AUH/DAM,Y,145,0,0,0,0,0,5,0.00,0 %,0.00,ACT,0.00,0,145
05/27/2025,RB502,SHJ/DAM,C,12,0,0,0,0,0,0,0.00,0 %,0.00,ACT,0.00,0,12
05/27/2025,RB502,SHJ/DAM,Y,138,0,0,0,0,0,3,0.00,0 %,0.00,ACT,0.00,0,138
05/28/2025,RB515,DAM/DXB,C,12,0,0,0,0,0,7,0.00,0 %,0.00,ACT,0.00,0,12
05/28/2025,RB515,DAM/DXB,Y,138,0,0,0,0,0,75,0.00,0 %,0.00,ACT,0.00,0,138
05/28/2025,RB389,DAM/RUH,C,12,0,0,0,0,0,2,0.00,0 %,0.00,ACT,0.00,0,12
05/28/2025,RB389,DAM/RUH,Y,145,0,0,0,0,0,97,0.00,0 %,0.00,ACT,0.00,0,145
05/28/2025,RB390,RUH/DAM,C,12,0,0,0,0,0,0,0.00,0 %,0.00,ACT,0.00,0,12
05/28/2025,RB390,RUH/DAM,Y,145,0,0,0,0,0,3,0.00,0 %,0.00,ACT,0.00,0,145
05/28/2025,RB516,DXB/DAM,C,12,0,0,0,0,0,1,0.00,0 %,0.00,ACT,0.00,0,12
05/28/2025,RB516,DXB/DAM,Y,138,0,0,0,0,0,3,0.00,0 %,0.00,ACT,0.00,0,138
05/28/2025,RB521,DAM/DOH,C,12,0,0,0,0,0,12,0.00,0 %,0.00,ACT,0.00,0,12
05/28/2025,RB521,DAM/DOH,Y,145,0,0,0,0,0,95,0.00,0 %,0.00,ACT,0.00,0,145
05/28/2025,RB522,DOH/DAM,C,12,0,0,0,0,0,0,0.00,0 %,0.00,ACT,0.00,0,12
05/28/2025,RB522,DOH/DAM,Y,145,0,0,0,0,0,0,0.00,0 %,0.00,ACT,0.00,0,145
05/28/2025,RB501,DAM/SHJ,C,12,0,0,0,0,0,8,0.00,0 %,0.00,ACT,0.00,0,12
05/28/2025,RB501,DAM/SHJ,Y,138,0,0,0,0,0,19,0.00,0 %,0.00,ACT,0.00,0,138
05/29/2025,RB502,SHJ/DAM,C,12,0,0,0,0,0,0,0.00,0 %,0.00,ACT,0.00,0,12
05/29/2025,RB502,SHJ/DAM,Y,138,0,0,0,0,0,0,0.00,0 %,0.00,ACT,0.00,0,138
05/29/2025,RB515,DAM/DXB,C,12,0,0,0,0,0,7,0.00,0 %,0.00,ACT,0.00,0,12
05/29/2025,RB515,DAM/DXB,Y,138,0,0,0,0,0,78,0.00,0 %,0.00,ACT,0.00,0,138
05/29/2025,RB527,DAM/DMM,C,12,0,0,0,0,0,12,0.00,0 %,0.00,ACT,0.00,0,12
05/29/2025,RB527,DAM/DMM,Y,145,0,0,0,0,0,129,0.00,0 %,0.00,ACT,0.00,0,145
05/29/2025,RB528,DMM/DAM,C,12,0,0,0,0,0,0,0.00,0 %,0.00,ACT,0.00,0,12
05/29/2025,RB528,DMM/DAM,Y,145,0,0,0,0,0,2,0.00,0 %,0.00,ACT,0.00,0,145
05/29/2025,RB516,DXB/DAM,C,12,0,0,0,0,0,0,0.00,0 %,0.00,ACT,0.00,0,12
05/29/2025,RB516,DXB/DAM,Y,138,0,0,0,0,0,1,0.00,0 %,0.00,ACT,0.00,0,138
05/29/2025,RB381,DAM/JED,C,12,0,0,0,0,0,5,0.00,0 %,0.00,ACT,0.00,0,12
05/29/2025,RB381,DAM/JED,Y,145,0,0,0,0,0,87,0.00,0 %,0.00,ACT,0.00,0,145
05/29/2025,RB341,DAM/KWI,C,12,0,0,0,0,0,8,0.00,0 %,0.00,ACT,0.00,0,12
05/29/2025,RB341,DAM/KWI,Y,138,0,0,0,0,0,1,0.00,0 %,0.00,ACT,0.00,0,138
05/29/2025,RB382,JED/DAM,C,12,0,0,0,0,0,1,0.00,0 %,0.00,ACT,0.00,0,12
05/29/2025,RB382,JED/DAM,Y,145,0,0,0,0,0,3,0.00,0 %,0.00,ACT,0.00,0,145
05/29/2025,RB342,KWI/DAM,C,12,0,0,0,0,0,2,0.00,0 %,0.00,ACT,0.00,0,12
05/29/2025,RB342,KWI/DAM,Y,138,0,0,0,0,0,0,0.00,0 %,0.00,ACT,0.00,0,138
05/30/2025,RB503,DAM/AUH,C,12,0,0,0,0,0,8,0.00,0 %,0.00,ACT,0.00,0,12
05/30/2025,RB503,DAM/AUH,Y,138,0,0,0,0,0,47,0.00,0 %,0.00,ACT,0.00,0,138
05/30/2025,RB515,DAM/DXB,C,12,0,0,0,0,0,3,0.00,0 %,0.00,ACT,0.00,0,12
05/30/2025,RB515,DAM/DXB,Y,145,0,0,0,0,0,61,0.00,0 %,0.00,ACT,0.00,0,145
05/30/2025,RB504,AUH/DAM,C,12,0,0,0,0,0,0,0.00,0 %,0.00,ACT,0.00,0,12
05/30/2025,RB504,AUH/DAM,Y,138,0,0,0,0,0,4,0.00,0 %,0.00,ACT,0.00,0,138
05/30/2025,RB516,DXB/DAM,C,12,0,0,0,0,0,1,0.00,0 %,0.00,ACT,0.00,0,12
05/30/2025,RB516,DXB/DAM,Y,145,0,0,0,0,0,0,0.00,0 %,0.00,ACT,0.00,0,145
05/30/2025,RB501,DAM/SHJ,C,12,0,0,0,0,0,7,0.00,0 %,0.00,ACT,0.00,0,12
05/30/2025,RB501,DAM/SHJ,Y,138,0,0,0,0,0,12,0.00,0 %,0.00,ACT,0.00,0,138
05/30/2025,RB389,DAM/RUH,C,12,0,0,0,0,0,1,0.00,0 %,0.00,ACT,0.00,0,12
05/30/2025,RB389,DAM/RUH,Y,145,0,0,0,0,0,89,0.00,0 %,0.00,ACT,0.00,0,145
05/30/2025,RB502,SHJ/DAM,C,12,0,0,0,0,0,0,0.00,0 %,0.00,ACT,0.00,0,12
05/30/2025,RB502,SHJ/DAM,Y,138,0,0,0,0,0,2,0.00,0 %,0.00,ACT,0.00,0,138
05/30/2025,RB390,RUH/DAM,C,12,0,0,0,0,0,0,0.00,0 %,0.00,ACT,0.00,0,12
05/30/2025,RB390,RUH/DAM,Y,145,0,0,0,0,0,4,0.00,0 %,0.00,ACT,0.00,0,145
05/31/2025,RB515,DAM/DXB,C,12,0,0,0,0,0,3,0.00,0 %,0.00,ACT,0.00,0,12
05/31/2025,RB515,DAM/DXB,Y,138,0,0,0,0,0,65,0.00,0 %,0.00,ACT,0.00,0,138
05/31/2025,RB389,DAM/RUH,C,12,0,0,0,0,0,11,0.00,0 %,0.00,ACT,0.00,0,12
05/31/2025,RB389,DAM/RUH,Y,145,0,0,0,0,0,116,0.00,0 %,0.00,ACT,0.00,0,145
05/31/2025,RB383,DAM/JED,C,12,0,0,0,0,0,12,0.00,0 %,0.00,ACT,0.00,0,12
05/31/2025,RB383,DAM/JED,Y,145,0,0,0,0,0,6,0.00,0 %,0.00,ACT,0.00,0,145
05/31/2025,RB390,RUH/DAM,C,12,0,0,0,0,0,0,0.00,0 %,0.00,ACT,0.00,0,12
05/31/2025,RB390,RUH/DAM,Y,145,0,0,0,0,0,2,0.00,0 %,0.00,ACT,0.00,0,145
05/31/2025,RB384,JED/DAM,C,12,0,0,0,0,0,5,0.00,0 %,0.00,ACT,0.00,0,12
05/31/2025,RB384,JED/DAM,Y,145,0,0,0,0,0,53,0.00,0 %,0.00,ACT,0.00,0,145
05/31/2025,RB516,DXB/DAM,C,12,0,0,0,0,0,0,0.00,0 %,0.00,ACT,0.00,0,12
05/31/2025,RB516,DXB/DAM,Y,138,0,0,0,0,0,0,0.00,0 %,0.00,ACT,0.00,0,138
05/31/2025,RB521,DAM/DOH,C,12,0,0,0,0,0,10,0.00,0 %,0.00,ACT,0.00,0,12
05/31/2025,RB521,DAM/DOH,Y,145,0,0,0,0,0,65,0.00,0 %,0.00,ACT,0.00,0,145
05/31/2025,RB501,DAM/SHJ,C,12,0,0,0,0,0,1,0.00,0 %,0.00,ACT,0.00,0,12
05/31/2025,RB501,DAM/SHJ,Y,145,0,0,0,0,0,48,0.00,0 %,0.00,ACT,0.00,0,145
05/31/2025,RB341,DAM/KWI,C,12,0,0,0,0,0,12,0.00,0 %,0.00,ACT,0.00,0,12
05/31/2025,RB341,DAM/KWI,Y,138,0,0,0,0,0,0,0.00,0 %,0.00,ACT,0.00,0,138
05/31/2025,RB522,DOH/DAM,C,12,0,0,0,0,0,1,0.00,0 %,0.00,ACT,0.00,0,12
05/31/2025,RB522,DOH/DAM,Y,145,0,0,0,0,0,3,0.00,0 %,0.00,ACT,0.00,0,145
05/31/2025,RB342,KWI/DAM,C,12,0,0,0,0,0,0,0.00,0 %,0.00,ACT,0.00,0,12
05/31/2025,RB342,KWI/DAM,Y,138,0,0,0,0,0,0,0.00,0 %,0.00,ACT,0.00,0,138
05/31/2025,RB502,SHJ/DAM,C,12,0,0,0,0,0,0,0.00,0 %,0.00,ACT,0.00,0,12
05/31/2025,RB502,SHJ/DAM,Y,145,0,0,0,0,0,2,0.00,0 %,0.00,ACT,0.00,0,145
06/01/2025,RB505,DAM/SHJ,C,12,0,0,0,0,0,12,0.00,0 %,0.00,ACT,0.00,0,12
06/01/2025,RB505,DAM/SHJ,Y,138,0,0,0,0,0,114,0.00,0 %,0.00,ACT,0.00,0,138
06/01/2025,RB381,DAM/JED,C,12,0,0,0,0,0,5,0.00,0 %,0.00,ACT,0.00,0,12
06/01/2025,RB381,DAM/JED,Y,145,0,0,0,0,0,120,0.00,0 %,0.00,ACT,0.00,0,145
06/01/2025,RB515,DAM/DXB,C,12,0,0,0,0,0,3,0.00,0 %,0.00,ACT,0.00,0,12
06/01/2025,RB515,DAM/DXB,Y,145,0,0,0,0,0,68,0.00,0 %,0.00,ACT,0.00,0,145
06/01/2025,RB382,JED/DAM,C,12,0,0,0,0,0,5,0.00,0 %,0.00,ACT,0.00,0,12
06/01/2025,RB382,JED/DAM,Y,145,0,0,0,0,0,0,0.00,0 %,0.00,ACT,0.00,0,145
06/01/2025,RB506,SHJ/DAM,C,12,0,0,0,0,0,0,0.00,0 %,0.00,ACT,0.00,0,12
06/01/2025,RB506,SHJ/DAM,Y,138,0,0,0,0,0,0,0.00,0 %,0.00,ACT,0.00,0,138
06/01/2025,RB516,DXB/DAM,C,12,0,0,0,0,0,6,0.00,0 %,0.00,ACT,0.00,0,12
06/01/2025,RB516,DXB/DAM,Y,145,0,0,0,0,0,0,0.00,0 %,0.00,ACT,0.00,0,145
06/01/2025,RB501,DAM/SHJ,C,12,0,0,0,0,0,8,0.00,0 %,0.00,ACT,0.00,0,12
06/01/2025,RB501,DAM/SHJ,Y,145,0,0,0,0,0,6,0.00,0 %,0.00,ACT,0.00,0,145
06/01/2025,RB341,DAM/KWI,C,12,0,0,0,0,0,12,0.00,0 %,0.00,ACT,0.00,0,12
06/01/2025,RB341,DAM/KWI,Y,145,0,0,0,0,0,77,0.00,0 %,0.00,ACT,0.00,0,145
06/01/2025,RB342,KWI/DAM,C,12,0,0,0,0,0,0,0.00,0 %,0.00,ACT,0.00,0,12
06/01/2025,RB342,KWI/DAM,Y,145,0,0,0,0,0,0,0.00,0 %,0.00,ACT,0.00,0,145
06/01/2025,RB502,SHJ/DAM,C,12,0,0,0,0,0,1,0.00,0 %,0.00,ACT,0.00,0,12
06/01/2025,RB502,SHJ/DAM,Y,145,0,0,0,0,0,0,0.00,0 %,0.00,ACT,0.00,0,145
06/02/2025,RB389,DAM/RUH,C,12,0,0,0,0,0,5,0.00,0 %,0.00,ACT,0.00,0,12
06/02/2025,RB389,DAM/RUH,Y,145,0,0,0,0,0,107,0.00,0 %,0.00,ACT,0.00,0,145
06/02/2025,RB515,DAM/DXB,C,12,0,0,0,0,0,7,0.00,0 %,0.00,ACT,0.00,0,12
06/02/2025,RB515,DAM/DXB,Y,138,0,0,0,0,0,95,0.00,0 %,0.00,ACT,0.00,0,138
06/02/2025,RB390,RUH/DAM,C,12,0,0,0,0,0,0,0.00,0 %,0.00,ACT,0.00,0,12
06/02/2025,RB390,RUH/DAM,Y,145,0,0,0,0,0,0,0.00,0 %,0.00,ACT,0.00,0,145
06/02/2025,RB516,DXB/DAM,C,12,0,0,0,0,0,0,0.00,0 %,0.00,ACT,0.00,0,12
06/02/2025,RB516,DXB/DAM,Y,138,0,0,0,0,0,0,0.00,0 %,0.00,ACT,0.00,0,138
06/02/2025,RB501,DAM/SHJ,C,12,0,0,0,0,0,7,0.00,0 %,0.00,ACT,0.00,0,12
06/02/2025,RB501,DAM/SHJ,Y,145,0,0,0,0,0,58,0.00,0 %,0.00,ACT,0.00,0,145
06/02/2025,RB517,DAM/DXB,C,12,0,0,0,0,0,3,0.00,0 %,0.00,ACT,0.00,0,12
06/02/2025,RB517,DAM/DXB,Y,138,0,0,0,0,0,80,0.00,0 %,0.00,ACT,0.00,0,138
06/02/2025,RB502,SHJ/DAM,C,12,0,0,0,0,0,1,0.00,0 %,0.00,ACT,0.00,0,12
06/02/2025,RB502,SHJ/DAM,Y,145,0,0,0,0,0,0,0.00,0 %,0.00,ACT,0.00,0,145
06/02/2025,RB518,DXB/DAM,C,12,0,0,0,0,0,0,0.00,0 %,0.00,ACT,0.00,0,12
06/02/2025,RB518,DXB/DAM,Y,138,0,0,0,0,0,0,0.00,0 %,0.00,ACT,0.00,0,138
06/03/2025,RB515,DAM/DXB,C,12,0,0,0,0,0,11,0.00,0 %,0.00,ACT,0.00,0,12
06/03/2025,RB515,DAM/DXB,Y,145,0,0,0,0,0,131,0.00,0 %,0.00,ACT,0.00,0,145
06/03/2025,RB381,DAM/JED,C,12,0,0,0,0,0,10,0.00,0 %,0.00,ACT,0.00,0,12
06/03/2025,RB381,DAM/JED,Y,145,0,0,0,0,0,128,0.00,0 %,0.00,ACT,0.00,0,145
06/03/2025,RB341,DAM/KWI,C,12,0,0,0,0,0,12,0.00,0 %,0.00,ACT,0.00,0,12
06/03/2025,RB341,DAM/KWI,Y,145,0,0,0,0,0,83,0.00,0 %,0.00,ACT,0.00,0,145
06/03/2025,RB342,KWI/DAM,C,12,0,0,0,0,0,0,0.00,0 %,0.00,ACT,0.00,0,12
06/03/2025,RB342,KWI/DAM,Y,145,0,0,0,0,0,1,0.00,0 %,0.00,ACT,0.00,0,145
06/03/2025,RB382,JED/DAM,C,12,0,0,0,0,0,0,0.00,0 %,0.00,ACT,0.00,0,12
06/03/2025,RB382,JED/DAM,Y,145,0,0,0,0,0,0,0.00,0 %,0.00,ACT,0.00,0,145
06/03/2025,RB516,DXB/DAM,C,12,0,0,0,0,0,0,0.00,0 %,0.00,ACT,0.00,0,12
06/03/2025,RB516,DXB/DAM,Y,145,0,0,0,0,0,0,0.00,0 %,0.00,ACT,0.00,0,145
06/03/2025,RB503,DAM/AUH,C,12,0,0,0,0,0,3,0.00,0 %,0.00,ACT,0.00,0,12
06/03/2025,RB503,DAM/AUH,Y,145,0,0,0,0,0,16,0.00,0 %,0.00,ACT,0.00,0,145
06/03/2025,RB501,DAM/SHJ,C,12,0,0,0,0,0,8,0.00,0 %,0.00,ACT,0.00,0,12
06/03/2025,RB501,DAM/SHJ,Y,145,0,0,0,0,0,31,0.00,0 %,0.00,ACT,0.00,0,145
06/03/2025,RB517,DAM/DXB,C,12,0,0,0,0,0,7,0.00,0 %,0.00,ACT,0.00,0,12
06/03/2025,RB517,DAM/DXB,Y,145,0,0,0,0,0,95,0.00,0 %,0.00,ACT,0.00,0,145
06/03/2025,RB504,AUH/DAM,C,12,0,0,0,0,0,0,0.00,0 %,0.00,ACT,0.00,0,12
06/03/2025,RB504,AUH/DAM,Y,145,0,0,0,0,0,0,0.00,0 %,0.00,ACT,0.00,0,145
06/03/2025,RB502,SHJ/DAM,C,12,0,0,0,0,0,2,0.00,0 %,0.00,ACT,0.00,0,12
06/03/2025,RB502,SHJ/DAM,Y,145,0,0,0,0,0,4,0.00,0 %,0.00,ACT,0.00,0,145
06/03/2025,RB518,DXB/DAM,C,12,0,0,0,0,0,3,0.00,0 %,0.00,ACT,0.00,0,12
06/03/2025,RB518,DXB/DAM,Y,145,0,0,0,0,0,0,0.00,0 %,0.00,ACT,0.00,0,145
06/04/2025,RB505,DAM/SHJ,C,12,0,0,0,0,0,12,0.00,0 %,0.00,ACT,0.00,0,12
06/04/2025,RB505,DAM/SHJ,Y,145,0,0,0,0,0,133,0.00,0 %,0.00,ACT,0.00,0,145
06/04/2025,RB515,DAM/DXB,C,12,0,0,0,0,0,2,0.00,0 %,0.00,ACT,0.00,0,12
06/04/2025,RB515,DAM/DXB,Y,138,0,0,0,0,0,69,0.00,0 %,0.00,ACT,0.00,0,138
06/04/2025,RB389,DAM/RUH,C,12,0,0,0,0,0,11,0.00,0 %,0.00,ACT,0.00,0,12
06/04/2025,RB389,DAM/RUH,Y,145,0,0,0,0,0,88,0.00,0 %,0.00,ACT,0.00,0,145
06/04/2025,RB390,RUH/DAM,C,12,0,0,0,0,0,0,0.00,0 %,0.00,ACT,0.00,0,12
06/04/2025,RB390,RUH/DAM,Y,145,0,0,0,0,0,0,0.00,0 %,0.00,ACT,0.00,0,145
06/04/2025,RB506,SHJ/DAM,C,12,0,0,0,0,0,0,0.00,0 %,0.00,ACT,0.00,0,12
06/04/2025,RB506,SHJ/DAM,Y,145,0,0,0,0,0,1,0.00,0 %,0.00,ACT,0.00,0,145
06/04/2025,RB516,DXB/DAM,C,12,0,0,0,0,0,1,0.00,0 %,0.00,ACT,0.00,0,12
06/04/2025,RB516,DXB/DAM,Y,138,0,0,0,0,0,4,0.00,0 %,0.00,ACT,0.00,0,138
06/04/2025,RB521,DAM/DOH,C,12,0,0,0,0,0,10,0.00,0 %,0.00,ACT,0.00,0,12
06/04/2025,RB521,DAM/DOH,Y,145,0,0,0,0,0,70,0.00,0 %,0.00,ACT,0.00,0,145
06/04/2025,RB501,DAM/SHJ,C,12,0,0,0,0,0,7,0.00,0 %,0.00,ACT,0.00,0,12
06/04/2025,RB501,DAM/SHJ,Y,138,0,0,0,0,0,59,0.00,0 %,0.00,ACT,0.00,0,138
06/04/2025,RB341,DAM/KWI,C,12,0,0,0,0,0,12,0.00,0 %,0.00,ACT,0.00,0,12
06/04/2025,RB341,DAM/KWI,Y,145,0,0,0,0,0,104,0.00,0 %,0.00,ACT,0.00,0,145
06/04/2025,RB522,DOH/DAM,C,12,0,0,0,0,0,0,0.00,0 %,0.00,ACT,0.00,0,12
06/04/2025,RB522,DOH/DAM,Y,145,0,0,0,0,0,2,0.00,0 %,0.00,ACT,0.00,0,145
06/04/2025,RB342,KWI/DAM,C,12,0,0,0,0,0,1,0.00,0 %,0.00,ACT,0.00,0,12
06/04/2025,RB342,KWI/DAM,Y,145,0,0,0,0,0,0,0.00,0 %,0.00,ACT,0.00,0,145
06/04/2025,RB502,SHJ/DAM,C,12,0,0,0,0,0,1,0.00,0 %,0.00,ACT,0.00,0,12
06/04/2025,RB502,SHJ/DAM,Y,138,0,0,0,0,0,0,0.00,0 %,0.00,ACT,0.00,0,138
06/05/2025,RB505,DAM/SHJ,C,12,0,0,0,0,0,9,0.00,0 %,0.00,ACT,0.00,0,12
06/05/2025,RB505,DAM/SHJ,Y,145,0,0,0,0,0,133,0.00,0 %,0.00,ACT,0.00,0,145
06/05/2025,RB515,DAM/DXB,C,12,0,0,0,0,0,7,0.00,0 %,0.00,ACT,0.00,0,12
06/05/2025,RB515,DAM/DXB,Y,138,0,0,0,0,0,75,0.00,0 %,0.00,ACT,0.00,0,138
06/05/2025,RB527,DAM/DMM,C,12,0,0,0,0,0,11,0.00,0 %,0.00,ACT,0.00,0,12
06/05/2025,RB527,DAM/DMM,Y,145,0,0,0,0,0,129,0.00,0 %,0.00,ACT,0.00,0,145
06/05/2025,RB528,DMM/DAM,C,12,0,0,0,0,0,0,0.00,0 %,0.00,ACT,0.00,0,12
06/05/2025,RB528,DMM/DAM,Y,145,0,0,0,0,0,1,0.00,0 %,0.00,ACT,0.00,0,145
06/05/2025,RB506,SHJ/DAM,C,12,0,0,0,0,0,0,0.00,0 %,0.00,ACT,0.00,0,12
06/05/2025,RB506,SHJ/DAM,Y,145,0,0,0,0,0,0,0.00,0 %,0.00,ACT,0.00,0,145
06/05/2025,RB516,DXB/DAM,C,12,0,0,0,0,0,0,0.00,0 %,0.00,ACT,0.00,0,12
06/05/2025,RB516,DXB/DAM,Y,138,0,0,0,0,0,1,0.00,0 %,0.00,ACT,0.00,0,138
06/05/2025,RB381,DAM/JED,C,12,0,0,0,0,0,10,0.00,0 %,0.00,ACT,0.00,0,12
06/05/2025,RB381,DAM/JED,Y,145,0,0,0,0,0,127,0.00,0 %,0.00,ACT,0.00,0,145
06/05/2025,RB501,DAM/SHJ,C,12,0,0,0,0,0,11,0.00,0 %,0.00,ACT,0.00,0,12
06/05/2025,RB501,DAM/SHJ,Y,145,0,0,0,0,0,96,0.00,0 %,0.00,ACT,0.00,0,145
06/05/2025,RB341,DAM/KWI,C,12,0,0,0,0,0,12,0.00,0 %,0.00,ACT,0.00,0,12
06/05/2025,RB341,DAM/KWI,Y,138,0,0,0,0,0,18,0.00,0 %,0.00,ACT,0.00,0,138
06/05/2025,RB382,JED/DAM,C,12,0,0,0,0,0,0,0.00,0 %,0.00,ACT,0.00,0,12
06/05/2025,RB382,JED/DAM,Y,145,0,0,0,0,0,0,0.00,0 %,0.00,ACT,0.00,0,145
06/05/2025,RB342,KWI/DAM,C,12,0,0,0,0,0,0,0.00,0 %,0.00,ACT,0.00,0,12
06/05/2025,RB342,KWI/DAM,Y,138,0,0,0,0,0,0,0.00,0 %,0.00,ACT,0.00,0,138
06/05/2025,RB502,SHJ/DAM,C,12,0,0,0,0,0,0,0.00,0 %,0.00,ACT,0.00,0,12
06/05/2025,RB502,SHJ/DAM,Y,145,0,0,0,0,0,0,0.00,0 %,0.00,ACT,0.00,0,145
06/06/2025,RB505,DAM/SHJ,C,12,0,0,0,0,0,12,0.00,0 %,0.00,ACT,0.00,0,12
06/06/2025,RB505,DAM/SHJ,Y,145,0,0,0,0,0,136,0.00,0 %,0.00,ACT,0.00,0,145
06/06/2025,RB503,DAM/AUH,C,12,0,0,0,0,0,11,0.00,0 %,0.00,ACT,0.00,0,12
06/06/2025,RB503,DAM/AUH,Y,138,0,0,0,0,0,99,0.00,0 %,0.00,ACT,0.00,0,138
06/06/2025,RB515,DAM/DXB,C,12,0,0,0,0,0,7,0.00,0 %,0.00,ACT,0.00,0,12
06/06/2025,RB515,DAM/DXB,Y,145,0,0,0,0,0,114,0.00,0 %,0.00,ACT,0.00,0,145
06/06/2025,RB506,SHJ/DAM,C,12,0,0,0,0,0,0,0.00,0 %,0.00,ACT,0.00,0,12
06/06/2025,RB506,SHJ/DAM,Y,145,0,0,0,0,0,0,0.00,0 %,0.00,ACT,0.00,0,145
06/06/2025,RB504,AUH/DAM,C,12,0,0,0,0,0,1,0.00,0 %,0.00,ACT,0.00,0,12
06/06/2025,RB504,AUH/DAM,Y,138,0,0,0,0,0,1,0.00,0 %,0.00,ACT,0.00,0,138
06/06/2025,RB516,DXB/DAM,C,12,0,0,0,0,0,0,0.00,0 %,0.00,ACT,0.00,0,12
06/06/2025,RB516,DXB/DAM,Y,145,0,0,0,0,0,2,0.00,0 %,0.00,ACT,0.00,0,145
06/06/2025,RB501,DAM/SHJ,C,12,0,0,0,0,0,7,0.00,0 %,0.00,ACT,0.00,0,12
06/06/2025,RB501,DAM/SHJ,Y,138,0,0,0,0,0,78,0.00,0 %,0.00,ACT,0.00,0,138
06/06/2025,RB389,DAM/RUH,C,12,0,0,0,0,0,12,0.00,0 %,0.00,ACT,0.00,0,12
06/06/2025,RB389,DAM/RUH,Y,145,0,0,0,0,0,125,0.00,0 %,0.00,ACT,0.00,0,145
06/06/2025,RB502,SHJ/DAM,C,12,0,0,0,0,0,2,0.00,0 %,0.00,ACT,0.00,0,12
06/06/2025,RB502,SHJ/DAM,Y,138,0,0,0,0,0,6,0.00,0 %,0.00,ACT,0.00,0,138
06/06/2025,RB390,RUH/DAM,C,12,0,0,0,0,0,0,0.00,0 %,0.00,ACT,0.00,0,12
06/06/2025,RB390,RUH/DAM,Y,145,0,0,0,0,0,0,0.00,0 %,0.00,ACT,0.00,0,145
06/07/2025,RB505,DAM/SHJ,C,12,0,0,0,0,0,12,0.00,0 %,0.00,ACT,0.00,0,12
06/07/2025,RB505,DAM/SHJ,Y,145,0,0,0,0,0,139,0.00,0 %,0.00,ACT,0.00,0,145
06/07/2025,RB515,DAM/DXB,C,12,0,0,0,0,0,10,0.00,0 %,0.00,ACT,0.00,0,12
06/07/2025,RB515,DAM/DXB,Y,145,0,0,0,0,0,104,0.00,0 %,0.00,ACT,0.00,0,145
06/07/2025,RB389,DAM/RUH,C,12,0,0,0,0,0,12,0.00,0 %,0.00,ACT,0.00,0,12
06/07/2025,RB389,DAM/RUH,Y,145,0,0,0,0,0,135,0.00,0 %,0.00,ACT,0.00,0,145
06/07/2025,RB390,RUH/DAM,C,12,0,0,0,0,0,0,0.00,0 %,0.00,ACT,0.00,0,12
06/07/2025,RB390,RUH/DAM,Y,145,0,0,0,0,0,3,0.00,0 %,0.00,ACT,0.00,0,145
06/07/2025,RB506,SHJ/DAM,C,12,0,0,0,0,0,3,0.00,0 %,0.00,ACT,0.00,0,12
06/07/2025,RB506,SHJ/DAM,Y,145,0,0,0,0,0,4,0.00,0 %,0.00,ACT,0.00,0,145
06/07/2025,RB516,DXB/DAM,C,12,0,0,0,0,0,5,0.00,0 %,0.00,ACT,0.00,0,12
06/07/2025,RB516,DXB/DAM,Y,145,0,0,0,0,0,2,0.00,0 %,0.00,ACT,0.00,0,145
06/07/2025,RB521,DAM/DOH,C,12,0,0,0,0,0,12,0.00,0 %,0.00,ACT,0.00,0,12
06/07/2025,RB521,DAM/DOH,Y,145,0,0,0,0,0,125,0.00,0 %,0.00,ACT,0.00,0,145
06/07/2025,RB501,DAM/SHJ,C,12,0,0,0,0,0,11,0.00,0 %,0.00,ACT,0.00,0,12
06/07/2025,RB501,DAM/SHJ,Y,145,0,0,0,0,0,104,0.00,0 %,0.00,ACT,0.00,0,145
06/07/2025,RB341,DAM/KWI,C,12,0,0,0,0,0,11,0.00,0 %,0.00,ACT,0.00,0,12
06/07/2025,RB341,DAM/KWI,Y,145,0,0,0,0,0,77,0.00,0 %,0.00,ACT,0.00,0,145
06/07/2025,RB522,DOH/DAM,C,12,0,0,0,0,0,11,0.00,0 %,0.00,ACT,0.00,0,12
06/07/2025,RB522,DOH/DAM,Y,145,0,0,0,0,0,23,0.00,0 %,0.00,ACT,0.00,0,145
06/07/2025,RB342,KWI/DAM,C,12,0,0,0,0,0,0,0.00,0 %,0.00,ACT,0.00,0,12
06/07/2025,RB342,KWI/DAM,Y,145,0,0,0,0,0,1,0.00,0 %,0.00,ACT,0.00,0,145
06/07/2025,RB502,SHJ/DAM,C,12,0,0,0,0,0,11,0.00,0 %,0.00,ACT,0.00,0,12
06/07/2025,RB502,SHJ/DAM,Y,145,0,0,0,0,0,2,0.00,0 %,0.00,ACT,0.00,0,145
06/08/2025,RB505,DAM/SHJ,C,12,0,0,0,0,0,12,0.00,0 %,0.00,ACT,0.00,0,12
06/08/2025,RB505,DAM/SHJ,Y,138,0,0,0,0,0,111,0.00,0 %,0.00,ACT,0.00,0,138
06/08/2025,RB381,DAM/JED,C,12,0,0,0,0,0,6,0.00,0 %,0.00,ACT,0.00,0,12
06/08/2025,RB381,DAM/JED,Y,145,0,0,0,0,0,128,0.00,0 %,0.00,ACT,0.00,0,145
06/08/2025,RB515,DAM/DXB,C,12,0,0,0,0,0,4,0.00,0 %,0.00,ACT,0.00,0,12
06/08/2025,RB515,DAM/DXB,Y,145,0,0,0,0,0,47,0.00,0 %,0.00,ACT,0.00,0,145
06/08/2025,RB382,JED/DAM,C,12,0,0,0,0,0,10,0.00,0 %,0.00,ACT,0.00,0,12
06/08/2025,RB382,JED/DAM,Y,145,0,0,0,0,0,80,0.00,0 %,0.00,ACT,0.00,0,145
06/08/2025,RB506,SHJ/DAM,C,12,0,0,0,0,0,7,0.00,0 %,0.00,ACT,0.00,0,12
06/08/2025,RB506,SHJ/DAM,Y,138,0,0,0,0,0,14,0.00,0 %,0.00,ACT,0.00,0,138
06/08/2025,RB516,DXB/DAM,C,12,0,0,0,0,0,1,0.00,0 %,0.00,ACT,0.00,0,12
06/08/2025,RB516,DXB/DAM,Y,145,0,0,0,0,0,2,0.00,0 %,0.00,ACT,0.00,0,145
06/08/2025,RB501,DAM/SHJ,C,12,0,0,0,0,0,3,0.00,0 %,0.00,ACT,0.00,0,12
06/08/2025,RB501,DAM/SHJ,Y,145,0,0,0,0,0,38,0.00,0 %,0.00,ACT,0.00,0,145
06/08/2025,RB502,SHJ/DAM,C,12,0,0,0,0,0,10,0.00,0 %,0.00,ACT,0.00,0,12
06/08/2025,RB502,SHJ/DAM,Y,145,0,0,0,0,0,6,0.00,0 %,0.00,ACT,0.00,0,145
06/09/2025,RB389,DAM/RUH,C,12,0,0,0,0,0,10,0.00,0 %,0.00,ACT,0.00,0,12
06/09/2025,RB389,DAM/RUH,Y,145,0,0,0,0,0,109,0.00,0 %,0.00,ACT,0.00,0,145
06/09/2025,RB515,DAM/DXB,C,12,0,0,0,0,0,0,0.00,0 %,0.00,ACT,0.00,0,12
06/09/2025,RB515,DAM/DXB,Y,145,0,0,0,0,0,66,0.00,0 %,0.00,ACT,0.00,0,145
06/09/2025,RB390,RUH/DAM,C,12,0,0,0,0,0,0,0.00,0 %,0.00,ACT,0.00,0,12
06/09/2025,RB390,RUH/DAM,Y,145,0,0,0,0,0,2,0.00,0 %,0.00,ACT,0.00,0,145
06/09/2025,RB516,DXB/DAM,C,12,0,0,0,0,0,5,0.00,0 %,0.00,ACT,0.00,0,12
06/09/2025,RB516,DXB/DAM,Y,145,0,0,0,0,0,3,0.00,0 %,0.00,ACT,0.00,0,145
06/09/2025,RB501,DAM/SHJ,C,12,0,0,0,0,0,1,0.00,0 %,0.00,ACT,0.00,0,12
06/09/2025,RB501,DAM/SHJ,Y,145,0,0,0,0,0,18,0.00,0 %,0.00,ACT,0.00,0,145
06/09/2025,RB502,SHJ/DAM,C,12,0,0,0,0,0,12,0.00,0 %,0.00,ACT,0.00,0,12
06/09/2025,RB502,SHJ/DAM,Y,145,0,0,0,0,0,16,0.00,0 %,0.00,ACT,0.00,0,145
06/10/2025,RB515,DAM/DXB,C,12,0,0,0,0,0,8,0.00,0 %,0.00,ACT,0.00,0,12
06/10/2025,RB515,DAM/DXB,Y,145,0,0,0,0,0,128,0.00,0 %,0.00,ACT,0.00,0,145
06/10/2025,RB381,DAM/JED,C,12,0,0,0,0,0,11,0.00,0 %,0.00,ACT,0.00,0,12
06/10/2025,RB381,DAM/JED,Y,145,0,0,0,0,0,129,0.00,0 %,0.00,ACT,0.00,0,145
06/10/2025,RB341,DAM/KWI,C,12,0,0,0,0,0,10,0.00,0 %,0.00,ACT,0.00,0,12
06/10/2025,RB341,DAM/KWI,Y,145,0,0,0,0,0,43,0.00,0 %,0.00,ACT,0.00,0,145
06/10/2025,RB342,KWI/DAM,C,12,0,0,0,0,0,0,0.00,0 %,0.00,ACT,0.00,0,12
06/10/2025,RB342,KWI/DAM,Y,145,0,0,0,0,0,2,0.00,0 %,0.00,ACT,0.00,0,145
06/10/2025,RB382,JED/DAM,C,12,0,0,0,0,0,11,0.00,0 %,0.00,ACT,0.00,0,12
06/10/2025,RB382,JED/DAM,Y,145,0,0,0,0,0,59,0.00,0 %,0.00,ACT,0.00,0,145
06/10/2025,RB516,DXB/DAM,C,12,0,0,0,0,0,5,0.00,0 %,0.00,ACT,0.00,0,12
06/10/2025,RB516,DXB/DAM,Y,145,0,0,0,0,0,31,0.00,0 %,0.00,ACT,0.00,0,145
06/10/2025,RB503,DAM/AUH,C,12,0,0,0,0,0,9,0.00,0 %,0.00,ACT,0.00,0,12
06/10/2025,RB503,DAM/AUH,Y,145,0,0,0,0,0,11,0.00,0 %,0.00,ACT,0.00,0,145
06/10/2025,RB501,DAM/SHJ,C,12,0,0,0,0,0,3,0.00,0 %,0.00,ACT,0.00,0,12
06/10/2025,RB501,DAM/SHJ,Y,145,0,0,0,0,0,14,0.00,0 %,0.00,ACT,0.00,0,145
06/10/2025,RB443,DAM/IST,C,12,0,0,0,0,0,12,0.00,0 %,0.00,ACT,0.00,0,12
06/10/2025,RB443,DAM/IST,Y,138,0,0,0,0,0,107,0.00,0 %,0.00,ACT,0.00,0,138
06/10/2025,RB504,AUH/DAM,C,12,0,0,0,0,0,4,0.00,0 %,0.00,ACT,0.00,0,12
06/10/2025,RB504,AUH/DAM,Y,145,0,0,0,0,0,3,0.00,0 %,0.00,ACT,0.00,0,145
06/10/2025,RB444,IST/DAM,C,12,0,0,0,0,0,9,0.00,0 %,0.00,ACT,0.00,0,12
06/10/2025,RB444,IST/DAM,Y,138,0,0,0,0,0,92,0.00,0 %,0.00,ACT,0.00,0,138
06/10/2025,RB502,SHJ/DAM,C,12,0,0,0,0,0,12,0.00,0 %,0.00,ACT,0.00,0,12
06/10/2025,RB502,SHJ/DAM,Y,145,0,0,0,0,0,6,0.00,0 %,0.00,ACT,0.00,0,145
06/11/2025,RB505,DAM/SHJ,C,12,0,0,0,0,0,12,0.00,0 %,0.00,ACT,0.00,0,12
06/11/2025,RB505,DAM/SHJ,Y,145,0,0,0,0,0,114,0.00,0 %,0.00,ACT,0.00,0,145
06/11/2025,RB515,DAM/DXB,C,12,0,0,0,0,0,4,0.00,0 %,0.00,ACT,0.00,0,12
06/11/2025,RB515,DAM/DXB,Y,145,0,0,0,0,0,43,0.00,0 %,0.00,ACT,0.00,0,145
06/11/2025,RB389,DAM/RUH,C,12,0,0,0,0,0,5,0.00,0 %,0.00,ACT,0.00,0,12
06/11/2025,RB389,DAM/RUH,Y,145,0,0,0,0,0,81,0.00,0 %,0.00,ACT,0.00,0,145
06/11/2025,RB390,RUH/DAM,C,12,0,0,0,0,0,4,0.00,0 %,0.00,ACT,0.00,0,12
06/11/2025,RB390,RUH/DAM,Y,145,0,0,0,0,0,46,0.00,0 %,0.00,ACT,0.00,0,145
06/11/2025,RB506,SHJ/DAM,C,12,0,0,0,0,0,7,0.00,0 %,0.00,ACT,0.00,0,12
06/11/2025,RB506,SHJ/DAM,Y,145,0,0,0,0,0,18,0.00,0 %,0.00,ACT,0.00,0,145
06/11/2025,RB516,DXB/DAM,C,12,0,0,0,0,0,3,0.00,0 %,0.00,ACT,0.00,0,12
06/11/2025,RB516,DXB/DAM,Y,145,0,0,0,0,0,12,0.00,0 %,0.00,ACT,0.00,0,145
06/11/2025,RB521,DAM/DOH,C,12,0,0,0,0,0,8,0.00,0 %,0.00,ACT,0.00,0,12
06/11/2025,RB521,DAM/DOH,Y,145,0,0,0,0,0,83,0.00,0 %,0.00,ACT,0.00,0,145
06/11/2025,RB501,DAM/SHJ,C,12,0,0,0,0,0,3,0.00,0 %,0.00,ACT,0.00,0,12
06/11/2025,RB501,DAM/SHJ,Y,145,0,0,0,0,0,20,0.00,0 %,0.00,ACT,0.00,0,145
06/11/2025,RB522,DOH/DAM,C,12,0,0,0,0,0,9,0.00,0 %,0.00,ACT,0.00,0,12
06/11/2025,RB522,DOH/DAM,Y,145,0,0,0,0,0,58,0.00,0 %,0.00,ACT,0.00,0,145
06/11/2025,RB502,SHJ/DAM,C,12,0,0,0,0,0,6,0.00,0 %,0.00,ACT,0.00,0,12
06/11/2025,RB502,SHJ/DAM,Y,145,0,0,0,0,0,39,0.00,0 %,0.00,ACT,0.00,0,145
06/12/2025,RB505,DAM/SHJ,C,12,0,0,0,0,0,11,0.00,0 %,0.00,ACT,0.00,0,12
06/12/2025,RB505,DAM/SHJ,Y,145,0,0,0,0,0,121,0.00,0 %,0.00,ACT,0.00,0,145
06/12/2025,RB515,DAM/DXB,C,12,0,0,0,0,0,8,0.00,0 %,0.00,ACT,0.00,0,12
06/12/2025,RB515,DAM/DXB,Y,145,0,0,0,0,0,83,0.00,0 %,0.00,ACT,0.00,0,145
06/12/2025,RB527,DAM/DMM,C,12,0,0,0,0,0,11,0.00,0 %,0.00,ACT,0.00,0,12
06/12/2025,RB527,DAM/DMM,Y,145,0,0,0,0,0,70,0.00,0 %,0.00,ACT,0.00,0,145
06/12/2025,RB528,DMM/DAM,C,12,0,0,0,0,0,5,0.00,0 %,0.00,ACT,0.00,0,12
06/12/2025,RB528,DMM/DAM,Y,145,0,0,0,0,0,94,0.00,0 %,0.00,ACT,0.00,0,145
06/12/2025,RB506,SHJ/DAM,C,12,0,0,0,0,0,5,0.00,0 %,0.00,ACT,0.00,0,12
06/12/2025,RB506,SHJ/DAM,Y,145,0,0,0,0,0,29,0.00,0 %,0.00,ACT,0.00,0,145
06/12/2025,RB516,DXB/DAM,C,12,0,0,0,0,0,1,0.00,0 %,0.00,ACT,0.00,0,12
06/12/2025,RB516,DXB/DAM,Y,145,0,0,0,0,0,6,0.00,0 %,0.00,ACT,0.00,0,145
06/12/2025,RB381,DAM/JED,C,12,0,0,0,0,0,10,0.00,0 %,0.00,ACT,0.00,0,12
06/12/2025,RB381,DAM/JED,Y,145,0,0,0,0,0,20,0.00,0 %,0.00,ACT,0.00,0,145
06/12/2025,RB501,DAM/SHJ,C,12,0,0,0,0,0,4,0.00,0 %,0.00,ACT,0.00,0,12
06/12/2025,RB501,DAM/SHJ,Y,145,0,0,0,0,0,63,0.00,0 %,0.00,ACT,0.00,0,145
06/12/2025,RB341,DAM/KWI,C,12,0,0,0,0,0,9,0.00,0 %,0.00,ACT,0.00,0,12
06/12/2025,RB341,DAM/KWI,Y,145,0,0,0,0,0,1,0.00,0 %,0.00,ACT,0.00,0,145
06/12/2025,RB382,JED/DAM,C,12,0,0,0,0,0,8,0.00,0 %,0.00,ACT,0.00,0,12
06/12/2025,RB382,JED/DAM,Y,145,0,0,0,0,0,92,0.00,0 %,0.00,ACT,0.00,0,145
06/12/2025,RB342,KWI/DAM,C,12,0,0,0,0,0,5,0.00,0 %,0.00,ACT,0.00,0,12
06/12/2025,RB342,KWI/DAM,Y,145,0,0,0,0,0,2,0.00,0 %,0.00,ACT,0.00,0,145
06/12/2025,RB502,SHJ/DAM,C,12,0,0,0,0,0,8,0.00,0 %,0.00,ACT,0.00,0,12
06/12/2025,RB502,SHJ/DAM,Y,145,0,0,0,0,0,50,0.00,0 %,0.00,ACT,0.00,0,145
06/13/2025,RB505,DAM/SHJ,C,12,0,0,0,0,0,12,0.00,0 %,0.00,ACT,0.00,0,12
06/13/2025,RB505,DAM/SHJ,Y,145,0,0,0,0,0,144,0.00,0 %,0.00,ACT,0.00,0,145
06/13/2025,RB503,DAM/AUH,C,12,0,0,0,0,0,12,0.00,0 %,0.00,ACT,0.00,0,12
06/13/2025,RB503,DAM/AUH,Y,145,0,0,0,0,0,144,0.00,0 %,0.00,ACT,0.00,0,145
06/13/2025,RB515,DAM/DXB,C,12,0,0,0,0,0,12,0.00,0 %,0.00,ACT,0.00,0,12
06/13/2025,RB515,DAM/DXB,Y,145,0,0,0,0,0,143,0.00,0 %,0.00,ACT,0.00,0,145
06/13/2025,RB506,SHJ/DAM,C,12,0,0,0,0,0,9,0.00,0 %,0.00,ACT,0.00,0,12
06/13/2025,RB506,SHJ/DAM,Y,145,0,0,0,0,0,138,0.00,0 %,0.00,ACT,0.00,0,145
06/13/2025,RB504,AUH/DAM,C,12,0,0,0,0,0,10,0.00,0 %,0.00,ACT,0.00,0,12
06/13/2025,RB504,AUH/DAM,Y,145,0,0,0,0,0,132,0.00,0 %,0.00,ACT,0.00,0,145
06/13/2025,RB516,DXB/DAM,C,12,0,0,0,0,0,12,0.00,0 %,0.00,ACT,0.00,0,12
06/13/2025,RB516,DXB/DAM,Y,145,0,0,0,0,0,124,0.00,0 %,0.00,ACT,0.00,0,145
06/13/2025,RB501,DAM/SHJ,C,12,0,0,0,0,0,12,0.00,0 %,0.00,ACT,0.00,0,12
06/13/2025,RB501,DAM/SHJ,Y,145,0,0,0,0,0,142,0.00,0 %,0.00,ACT,0.00,0,145
06/13/2025,RB443,DAM/IST,C,12,0,0,0,0,0,11,0.00,0 %,0.00,ACT,0.00,0,12
06/13/2025,RB443,DAM/IST,Y,138,0,0,0,0,0,71,0.00,0 %,0.00,ACT,0.00,0,138
06/13/2025,RB389,DAM/RUH,C,12,0,0,0,0,0,10,0.00,0 %,0.00,ACT,0.00,0,12
06/13/2025,RB389,DAM/RUH,Y,145,0,0,0,0,0,124,0.00,0 %,0.00,ACT,0.00,0,145
06/13/2025,RB444,IST/DAM,C,12,0,0,0,0,0,2,0.00,0 %,0.00,ACT,0.00,0,12
06/13/2025,RB444,IST/DAM,Y,138,0,0,0,0,0,8,0.00,0 %,0.00,ACT,0.00,0,138
06/13/2025,RB502,SHJ/DAM,C,12,0,0,0,0,0,12,0.00,0 %,0.00,ACT,0.00,0,12
06/13/2025,RB502,SHJ/DAM,Y,145,0,0,0,0,0,138,0.00,0 %,0.00,ACT,0.00,0,145
06/13/2025,RB390,RUH/DAM,C,12,0,0,0,0,0,12,0.00,0 %,0.00,ACT,0.00,0,12
06/13/2025,RB390,RUH/DAM,Y,145,0,0,0,0,0,141,0.00,0 %,0.00,ACT,0.00,0,145
06/14/2025,RB505,DAM/SHJ,C,12,0,0,0,0,0,12,0.00,0 %,0.00,ACT,0.00,0,12
06/14/2025,RB505,DAM/SHJ,Y,145,0,0,0,0,0,142,0.00,0 %,0.00,ACT,0.00,0,145
06/14/2025,RB515,DAM/DXB,C,12,0,0,0,0,0,12,0.00,0 %,0.00,ACT,0.00,0,12
06/14/2025,RB515,DAM/DXB,Y,145,0,0,0,0,0,138,0.00,0 %,0.00,ACT,0.00,0,145
06/14/2025,RB389,DAM/RUH,C,12,0,0,0,0,0,12,0.00,0 %,0.00,ACT,0.00,0,12
06/14/2025,RB389,DAM/RUH,Y,145,0,0,0,0,0,124,0.00,0 %,0.00,ACT,0.00,0,145
06/14/2025,RB390,RUH/DAM,C,12,0,0,0,0,0,12,0.00,0 %,0.00,ACT,0.00,0,12
06/14/2025,RB390,RUH/DAM,Y,145,0,0,0,0,0,136,0.00,0 %,0.00,ACT,0.00,0,145
06/14/2025,RB506,SHJ/DAM,C,12,0,0,0,0,0,12,0.00,0 %,0.00,ACT,0.00,0,12
06/14/2025,RB506,SHJ/DAM,Y,145,0,0,0,0,0,143,0.00,0 %,0.00,ACT,0.00,0,145
06/14/2025,RB516,DXB/DAM,C,12,0,0,0,0,0,11,0.00,0 %,0.00,ACT,0.00,0,12
06/14/2025,RB516,DXB/DAM,Y,145,0,0,0,0,0,139,0.00,0 %,0.00,ACT,0.00,0,145
06/14/2025,RB521,DAM/DOH,C,12,0,0,0,0,0,11,0.00,0 %,0.00,ACT,0.00,0,12
06/14/2025,RB521,DAM/DOH,Y,145,0,0,0,0,0,49,0.00,0 %,0.00,ACT,0.00,0,145
06/14/2025,RB501,DAM/SHJ,C,12,0,0,0,0,0,0,0.00,0 %,0.00,ACT,0.00,0,12
06/14/2025,RB501,DAM/SHJ,Y,145,0,0,0,0,0,2,0.00,0 %,0.00,ACT,0.00,0,145
06/14/2025,RB522,DOH/DAM,C,12,0,0,0,0,0,9,0.00,0 %,0.00,ACT,0.00,0,12
06/14/2025,RB522,DOH/DAM,Y,145,0,0,0,0,0,58,0.00,0 %,0.00,ACT,0.00,0,145
06/14/2025,RB502,SHJ/DAM,C,12,0,0,0,0,0,0,0.00,0 %,0.00,ACT,0.00,0,12
06/14/2025,RB502,SHJ/DAM,Y,145,0,0,0,0,0,3,0.00,0 %,0.00,ACT,0.00,0,145
06/14/2025,RB341,DAM/KWI,C,12,0,0,0,0,0,12,0.00,0 %,0.00,ACT,0.00,0,12
06/14/2025,RB341,DAM/KWI,Y,138,0,0,0,0,0,126,0.00,0 %,0.00,ACT,0.00,0,138
06/15/2025,RB342,KWI/DAM,C,12,0,0,0,0,0,11,0.00,0 %,0.00,ACT,0.00,0,12
06/15/2025,RB342,KWI/DAM,Y,138,0,0,0,0,0,123,0.00,0 %,0.00,ACT,0.00,0,138
06/15/2025,RB381,DAM/JED,C,12,0,0,0,0,0,6,0.00,0 %,0.00,ACT,0.00,0,12
06/15/2025,RB381,DAM/JED,Y,145,0,0,0,0,0,128,0.00,0 %,0.00,ACT,0.00,0,145
06/15/2025,RB515,DAM/DXB,C,12,0,0,0,0,0,12,0.00,0 %,0.00,ACT,0.00,0,12
06/15/2025,RB515,DAM/DXB,Y,145,0,0,0,0,0,143,0.00,0 %,0.00,ACT,0.00,0,145
06/15/2025,RB382,JED/DAM,C,12,0,0,0,0,0,10,0.00,0 %,0.00,ACT,0.00,0,12
06/15/2025,RB382,JED/DAM,Y,145,0,0,0,0,0,63,0.00,0 %,0.00,ACT,0.00,0,145
06/15/2025,RB516,DXB/DAM,C,12,0,0,0,0,0,8,0.00,0 %,0.00,ACT,0.00,0,12
06/15/2025,RB516,DXB/DAM,Y,145,0,0,0,0,0,125,0.00,0 %,0.00,ACT,0.00,0,145
06/15/2025,RB501,DAM/SHJ,C,12,0,0,0,0,0,12,0.00,0 %,0.00,ACT,0.00,0,12
06/15/2025,RB501,DAM/SHJ,Y,145,0,0,0,0,0,131,0.00,0 %,0.00,ACT,0.00,0,145
06/15/2025,RB443,DAM/IST,C,12,0,0,0,0,0,9,0.00,0 %,0.00,ACT,0.00,0,12
06/15/2025,RB443,DAM/IST,Y,138,0,0,0,0,0,25,0.00,0 %,0.00,ACT,0.00,0,138
06/15/2025,RB505,DAM/SHJ,C,12,0,0,0,0,0,12,0.00,0 %,0.00,ACT,0.00,0,12
06/15/2025,RB505,DAM/SHJ,Y,138,0,0,0,0,0,128,0.00,0 %,0.00,ACT,0.00,0,138
06/15/2025,RB444,IST/DAM,C,12,0,0,0,0,0,6,0.00,0 %,0.00,ACT,0.00,0,12
06/15/2025,RB444,IST/DAM,Y,138,0,0,0,0,0,10,0.00,0 %,0.00,ACT,0.00,0,138
06/15/2025,RB502,SHJ/DAM,C,12,0,0,0,0,0,10,0.00,0 %,0.00,ACT,0.00,0,12
06/15/2025,RB502,SHJ/DAM,Y,145,0,0,0,0,0,135,0.00,0 %,0.00,ACT,0.00,0,145
06/15/2025,RB506,SHJ/DAM,C,12,0,0,0,0,0,11,0.00,0 %,0.00,ACT,0.00,0,12
06/15/2025,RB506,SHJ/DAM,Y,138,0,0,0,0,0,128,0.00,0 %,0.00,ACT,0.00,0,138
06/16/2025,RB389,DAM/RUH,C,12,0,0,0,0,0,1,0.00,0 %,0.00,ACT,0.00,0,12
06/16/2025,RB389,DAM/RUH,Y,145,0,0,0,0,0,4,0.00,0 %,0.00,ACT,0.00,0,145
06/16/2025,RB515,DAM/DXB,C,12,0,0,0,0,0,0,0.00,0 %,0.00,ACT,0.00,0,12
06/16/2025,RB515,DAM/DXB,Y,145,0,0,0,0,0,0,0.00,0 %,0.00,ACT,0.00,0,145
06/16/2025,RB443,DAM/IST,C,12,0,0,0,0,0,10,0.00,0 %,0.00,ACT,0.00,0,12
06/16/2025,RB443,DAM/IST,Y,138,0,0,0,0,0,14,0.00,0 %,0.00,ACT,0.00,0,138
06/16/2025,RB390,RUH/DAM,C,12,0,0,0,0,0,1,0.00,0 %,0.00,ACT,0.00,0,12
06/16/2025,RB390,RUH/DAM,Y,145,0,0,0,0,0,70,0.00,0 %,0.00,ACT,0.00,0,145
06/16/2025,RB444,IST/DAM,C,12,0,0,0,0,0,1,0.00,0 %,0.00,ACT,0.00,0,12
06/16/2025,RB444,IST/DAM,Y,138,0,0,0,0,0,0,0.00,0 %,0.00,ACT,0.00,0,138
06/16/2025,RB516,DXB/DAM,C,12,0,0,0,0,0,3,0.00,0 %,0.00,ACT,0.00,0,12
06/16/2025,RB516,DXB/DAM,Y,145,0,0,0,0,0,4,0.00,0 %,0.00,ACT,0.00,0,145
06/16/2025,RB501,DAM/SHJ,C,12,0,0,0,0,0,12,0.00,0 %,0.00,ACT,0.00,0,12
06/16/2025,RB501,DAM/SHJ,Y,145,0,0,0,0,0,134,0.00,0 %,0.00,ACT,0.00,0,145
06/16/2025,RB502,SHJ/DAM,C,12,0,0,0,0,0,12,0.00,0 %,0.00,ACT,0.00,0,12
06/16/2025,RB502,SHJ/DAM,Y,145,0,0,0,0,0,139,0.00,0 %,0.00,ACT,0.00,0,145
06/17/2025,RB381,DAM/JED,C,12,0,0,0,0,0,9,0.00,0 %,0.00,ACT,0.00,0,12
06/17/2025,RB381,DAM/JED,Y,145,0,0,0,0,0,78,0.00,0 %,0.00,ACT,0.00,0,145
06/17/2025,RB341,DAM/KWI,C,12,0,0,0,0,0,0,0.00,0 %,0.00,ACT,0.00,0,12
06/17/2025,RB341,DAM/KWI,Y,145,0,0,0,0,0,0,0.00,0 %,0.00,ACT,0.00,0,145
06/17/2025,RB515,DAM/DXB,C,12,0,0,0,0,0,11,0.00,0 %,0.00,ACT,0.00,0,12
06/17/2025,RB515,DAM/DXB,Y,145,0,0,0,0,0,139,0.00,0 %,0.00,ACT,0.00,0,145
06/17/2025,RB342,KWI/DAM,C,12,0,0,0,0,0,2,0.00,0 %,0.00,ACT,0.00,0,12
06/17/2025,RB342,KWI/DAM,Y,145,0,0,0,0,0,5,0.00,0 %,0.00,ACT,0.00,0,145
06/17/2025,RB382,JED/DAM,C,12,0,0,0,0,0,9,0.00,0 %,0.00,ACT,0.00,0,12
06/17/2025,RB382,JED/DAM,Y,145,0,0,0,0,0,66,0.00,0 %,0.00,ACT,0.00,0,145
06/17/2025,RB443,DAM/IST,C,12,0,0,0,0,0,0,0.00,0 %,0.00,ACT,0.00,0,12
06/17/2025,RB443,DAM/IST,Y,138,0,0,0,0,0,0,0.00,0 %,0.00,ACT,0.00,0,138
06/17/2025,RB503,DAM/AUH,C,12,0,0,0,0,0,0,0.00,0 %,0.00,ACT,0.00,0,12
06/17/2025,RB503,DAM/AUH,Y,145,0,0,0,0,0,8,0.00,0 %,0.00,ACT,0.00,0,145
06/17/2025,RB516,DXB/DAM,C,12,0,0,0,0,0,12,0.00,0 %,0.00,ACT,0.00,0,12
06/17/2025,RB516,DXB/DAM,Y,145,0,0,0,0,0,129,0.00,0 %,0.00,ACT,0.00,0,145
06/17/2025,RB444,IST/DAM,C,12,0,0,0,0,0,0,0.00,0 %,0.00,ACT,0.00,0,12
06/17/2025,RB444,IST/DAM,Y,138,0,0,0,0,0,4,0.00,0 %,0.00,ACT,0.00,0,138
06/17/2025,RB515A,DAM/DXB,C,12,0,0,0,0,0,1,0.00,0 %,0.00,ACT,0.00,0,12
06/17/2025,RB515A,DAM/DXB,Y,145,0,0,0,0,0,0,0.00,0 %,0.00,ACT,0.00,0,145
06/18/2025,RB504,AUH/DAM,C,12,0,0,0,0,0,5,0.00,0 %,0.00,ACT,0.00,0,12
06/18/2025,RB504,AUH/DAM,Y,145,0,0,0,0,0,6,0.00,0 %,0.00,ACT,0.00,0,145
06/18/2025,RB516A,DXB/DAM,C,12,0,0,0,0,0,0,0.00,0 %,0.00,ACT,0.00,0,12
06/18/2025,RB516A,DXB/DAM,Y,145,0,0,0,0,0,5,0.00,0 %,0.00,ACT,0.00,0,145
06/18/2025,RB505,DAM/SHJ,C,12,0,0,0,0,0,9,0.00,0 %,0.00,ACT,0.00,0,12
06/18/2025,RB505,DAM/SHJ,Y,145,0,0,0,0,0,119,0.00,0 %,0.00,ACT,0.00,0,145
06/18/2025,RB389,DAM/RUH,C,12,0,0,0,0,0,0,0.00,0 %,0.00,ACT,0.00,0,12
06/18/2025,RB389,DAM/RUH,Y,145,0,0,0,0,0,45,0.00,0 %,0.00,ACT,0.00,0,145
06/18/2025,RB515,DAM/DXB,C,12,0,0,0,0,0,1,0.00,0 %,0.00,ACT,0.00,0,12
06/18/2025,RB515,DAM/DXB,Y,145,0,0,0,0,0,4,0.00,0 %,0.00,ACT,0.00,0,145
06/18/2025,RB443,DAM/IST,C,12,0,0,0,0,0,0,0.00,0 %,0.00,ACT,0.00,0,12
06/18/2025,RB443,DAM/IST,Y,138,0,0,0,0,0,0,0.00,0 %,0.00,ACT,0.00,0,138
06/18/2025,RB390,RUH/DAM,C,12,0,0,0,0,0,3,0.00,0 %,0.00,ACT,0.00,0,12
06/18/2025,RB390,RUH/DAM,Y,145,0,0,0,0,0,11,0.00,0 %,0.00,ACT,0.00,0,145
06/18/2025,RB506,SHJ/DAM,C,12,0,0,0,0,0,12,0.00,0 %,0.00,ACT,0.00,0,12
06/18/2025,RB506,SHJ/DAM,Y,145,0,0,0,0,0,138,0.00,0 %,0.00,ACT,0.00,0,145
06/18/2025,RB516,DXB/DAM,C,12,0,0,0,0,0,1,0.00,0 %,0.00,ACT,0.00,0,12
06/18/2025,RB516,DXB/DAM,Y,145,0,0,0,0,0,9,0.00,0 %,0.00,ACT,0.00,0,145
06/18/2025,RB444,IST/DAM,C,12,0,0,0,0,0,11,0.00,0 %,0.00,ACT,0.00,0,12
06/18/2025,RB444,IST/DAM,Y,138,0,0,0,0,0,4,0.00,0 %,0.00,ACT,0.00,0,138
06/18/2025,RB517,DAM/DXB,C,12,0,0,0,0,0,11,0.00,0 %,0.00,ACT,0.00,0,12
06/18/2025,RB517,DAM/DXB,Y,145,0,0,0,0,0,131,0.00,0 %,0.00,ACT,0.00,0,145
06/18/2025,RB521,DAM/DOH,C,12,0,0,0,0,0,11,0.00,0 %,0.00,ACT,0.00,0,12
06/18/2025,RB521,DAM/DOH,Y,145,0,0,0,0,0,123,0.00,0 %,0.00,ACT,0.00,0,145
06/19/2025,RB518,DXB/DAM,C,12,0,0,0,0,0,12,0.00,0 %,0.00,ACT,0.00,0,12
06/19/2025,RB518,DXB/DAM,Y,145,0,0,0,0,0,140,0.00,0 %,0.00,ACT,0.00,0,145
06/19/2025,RB505,DAM/SHJ,C,12,0,0,0,0,0,12,0.00,0 %,0.00,ACT,0.00,0,12
06/19/2025,RB505,DAM/SHJ,Y,145,0,0,0,0,0,142,0.00,0 %,0.00,ACT,0.00,0,145
06/19/2025,RB515,DAM/DXB,C,12,0,0,0,0,0,10,0.00,0 %,0.00,ACT,0.00,0,12
06/19/2025,RB515,DAM/DXB,Y,145,0,0,0,0,0,136,0.00,0 %,0.00,ACT,0.00,0,145
06/19/2025,RB527,DAM/DMM,C,12,0,0,0,0,0,12,0.00,0 %,0.00,ACT,0.00,0,12
06/19/2025,RB527,DAM/DMM,Y,145,0,0,0,0,0,137,0.00,0 %,0.00,ACT,0.00,0,145
06/19/2025,RB528,DMM/DAM,C,12,0,0,0,0,0,12,0.00,0 %,0.00,ACT,0.00,0,12
06/19/2025,RB528,DMM/DAM,Y,145,0,0,0,0,0,140,0.00,0 %,0.00,ACT,0.00,0,145
06/19/2025,RB506,SHJ/DAM,C,12,0,0,0,0,0,11,0.00,0 %,0.00,ACT,0.00,0,12
06/19/2025,RB506,SHJ/DAM,Y,145,0,0,0,0,0,141,0.00,0 %,0.00,ACT,0.00,0,145
06/19/2025,RB516,DXB/DAM,C,12,0,0,0,0,0,12,0.00,0 %,0.00,ACT,0.00,0,12
06/19/2025,RB516,DXB/DAM,Y,145,0,0,0,0,0,130,0.00,0 %,0.00,ACT,0.00,0,145
06/19/2025,RB381,DAM/JED,C,12,0,0,0,0,0,9,0.00,0 %,0.00,ACT,0.00,0,12
06/19/2025,RB381,DAM/JED,Y,145,0,0,0,0,0,122,0.00,0 %,0.00,ACT,0.00,0,145
06/19/2025,RB501,ALP/SHJ,C,12,0,0,0,0,0,7,0.00,0 %,0.00,ACT,0.00,0,12
06/19/2025,RB501,ALP/SHJ,Y,145,0,0,0,0,0,0,0.00,0 %,0.00,ACT,0.00,0,145
06/19/2025,RB501,DAM/SHJ,C,12,0,0,0,0,0,10,0.00,0 %,0.00,ACT,0.00,0,12
06/19/2025,RB501,DAM/SHJ,Y,145,0,0,0,0,0,134,0.00,0 %,0.00,ACT,0.00,0,145
06/19/2025,RB341,ALP/KWI,C,12,0,0,0,0,0,6,0.00,0 %,0.00,ACT,0.00,0,12
06/19/2025,RB341,ALP/KWI,Y,145,0,0,0,0,0,58,0.00,0 %,0.00,ACT,0.00,0,145
06/19/2025,RB382,JED/DAM,C,12,0,0,0,0,0,11,0.00,0 %,0.00,ACT,0.00,0,12
06/19/2025,RB382,JED/DAM,Y,145,0,0,0,0,0,130,0.00,0 %,0.00,ACT,0.00,0,145
06/19/2025,RB342,KWI/ALP,C,12,0,0,0,0,0,4,0.00,0 %,0.00,ACT,0.00,0,12
06/19/2025,RB342,KWI/ALP,Y,145,0,0,0,0,0,17,0.00,0 %,0.00,ACT,0.00,0,145
06/19/2025,RB502A,SHJ/DAM,C,12,0,0,0,0,0,12,0.00,0 %,0.00,ACT,0.00,0,12
06/19/2025,RB502A,SHJ/DAM,Y,145,0,0,0,0,0,143,0.00,0 %,0.00,ACT,0.00,0,145
06/19/2025,RB502,SHJ/ALP,C,12,0,0,0,0,0,3,0.00,0 %,0.00,ACT,0.00,0,12
06/19/2025,RB502,SHJ/ALP,Y,108,0,0,0,0,0,0,0.00,0 %,0.00,ACT,0.00,0,108
06/20/2025,RB515,ALP/DXB,C,12,0,0,0,0,0,10,0.00,0 %,0.00,ACT,0.00,0,12
06/20/2025,RB515,ALP/DXB,Y,108,0,0,0,0,0,7,0.00,0 %,0.00,ACT,0.00,0,108
06/20/2025,RB503,ALP/AUH,C,12,0,0,0,0,0,11,0.00,0 %,0.00,ACT,0.00,0,12
06/20/2025,RB503,ALP/AUH,Y,108,0,0,0,0,0,21,0.00,0 %,0.00,ACT,0.00,0,108
06/20/2025,RB505,DAM/SHJ,C,12,0,0,0,0,0,10,0.00,0 %,0.00,ACT,0.00,0,12
06/20/2025,RB505,DAM/SHJ,Y,145,0,0,0,0,0,141,0.00,0 %,0.00,ACT,0.00,0,145
06/20/2025,RB503,DAM/AUH,C,12,0,0,0,0,0,12,0.00,0 %,0.00,ACT,0.00,0,12
06/20/2025,RB503,DAM/AUH,Y,145,0,0,0,0,0,120,0.00,0 %,0.00,ACT,0.00,0,145
06/20/2025,RB515,DAM/DXB,C,12,0,0,0,0,0,8,0.00,0 %,0.00,ACT,0.00,0,12
06/20/2025,RB515,DAM/DXB,Y,145,0,0,0,0,0,121,0.00,0 %,0.00,ACT,0.00,0,145
06/20/2025,RB506,SHJ/DAM,C,12,0,0,0,0,0,9,0.00,0 %,0.00,ACT,0.00,0,12
06/20/2025,RB506,SHJ/DAM,Y,145,0,0,0,0,0,141,0.00,0 %,0.00,ACT,0.00,0,145
06/20/2025,RB516,DXB/ALP,C,12,0,0,0,0,0,2,0.00,0 %,0.00,ACT,0.00,0,12
06/20/2025,RB516,DXB/ALP,Y,108,0,0,0,0,0,0,0.00,0 %,0.00,ACT,0.00,0,108
06/20/2025,RB504,AUH/ALP,C,12,0,0,0,0,0,0,0.00,0 %,0.00,ACT,0.00,0,12
06/20/2025,RB504,AUH/ALP,Y,108,0,0,0,0,0,0,0.00,0 %,0.00,ACT,0.00,0,108
06/20/2025,RB516A,DXB/DAM,C,12,0,0,0,0,0,10,0.00,0 %,0.00,ACT,0.00,0,12
06/20/2025,RB516A,DXB/DAM,Y,145,0,0,0,0,0,141,0.00,0 %,0.00,ACT,0.00,0,145
06/20/2025,RB501,DAM/SHJ,C,12,0,0,0,0,0,10,0.00,0 %,0.00,ACT,0.00,0,12
06/20/2025,RB501,DAM/SHJ,Y,145,0,0,0,0,0,125,0.00,0 %,0.00,ACT,0.00,0,145
06/20/2025,RB443,ALP/IST,C,12,0,0,0,0,0,0,0.00,0 %,0.00,ACT,0.00,0,12
06/20/2025,RB443,ALP/IST,Y,145,0,0,0,0,0,8,0.00,0 %,0.00,ACT,0.00,0,145
06/20/2025,RB501,ALP/SHJ,C,12,0,0,0,0,0,10,0.00,0 %,0.00,ACT,0.00,0,12
06/20/2025,RB501,ALP/SHJ,Y,98,0,0,0,0,0,0,0.00,0 %,0.00,ACT,0.00,0,98
06/20/2025,RB389,ALP/RUH,C,12,0,0,0,0,0,7,0.00,0 %,0.00,ACT,0.00,0,12
06/20/2025,RB389,ALP/RUH,Y,138,0,0,0,0,0,20,0.00,0 %,0.00,ACT,0.00,0,138
06/20/2025,RB444,IST/ALP,C,12,0,0,0,0,0,1,0.00,0 %,0.00,ACT,0.00,0,12
06/20/2025,RB444,IST/ALP,Y,145,0,0,0,0,0,3,0.00,0 %,0.00,ACT,0.00,0,145
06/20/2025,RB502A,SHJ/DAM,C,12,0,0,0,0,0,12,0.00,0 %,0.00,ACT,0.00,0,12
06/20/2025,RB502A,SHJ/DAM,Y,145,0,0,0,0,0,143,0.00,0 %,0.00,ACT,0.00,0,145
06/20/2025,RB390,RUH/ALP,C,12,0,0,0,0,0,10,0.00,0 %,0.00,ACT,0.00,0,12
06/20/2025,RB390,RUH/ALP,Y,138,0,0,0,0,0,58,0.00,0 %,0.00,ACT,0.00,0,138
06/20/2025,RB502,SHJ/ALP,C,12,0,0,0,0,0,12,0.00,0 %,0.00,ACT,0.00,0,12
06/20/2025,RB502,SHJ/ALP,Y,108,0,0,0,0,0,0,0.00,0 %,0.00,ACT,0.00,0,108
06/21/2025,RB515,ALP/DXB,C,12,0,0,0,0,0,12,0.00,0 %,0.00,ACT,0.00,0,12
06/21/2025,RB515,ALP/DXB,Y,108,0,0,0,0,0,12,0.00,0 %,0.00,ACT,0.00,0,108
06/21/2025,RB505,DAM/SHJ,C,12,0,0,0,0,0,12,0.00,0 %,0.00,ACT,0.00,0,12
06/21/2025,RB505,DAM/SHJ,Y,145,0,0,0,0,0,145,0.00,0 %,0.00,ACT,0.00,0,145
06/21/2025,RB515,DAM/DXB,C,12,0,0,0,0,0,11,0.00,0 %,0.00,ACT,0.00,0,12
06/21/2025,RB515,DAM/DXB,Y,145,0,0,0,0,0,122,0.00,0 %,0.00,ACT,0.00,0,145
06/21/2025,RB389,ALP/RUH,C,12,0,0,0,0,0,3,0.00,0 %,0.00,ACT,0.00,0,12
06/21/2025,RB389,ALP/RUH,Y,138,0,0,0,0,0,97,0.00,0 %,0.00,ACT,0.00,0,138
06/21/2025,RB506,SHJ/DAM,C,12,0,0,0,0,0,6,0.00,0 %,0.00,ACT,0.00,0,12
06/21/2025,RB506,SHJ/DAM,Y,145,0,0,0,0,0,143,0.00,0 %,0.00,ACT,0.00,0,145
06/21/2025,RB390,RUH/ALP,C,12,0,0,0,0,0,12,0.00,0 %,0.00,ACT,0.00,0,12
06/21/2025,RB390,RUH/ALP,Y,138,0,0,0,0,0,83,0.00,0 %,0.00,ACT,0.00,0,138
06/21/2025,RB516,DXB/ALP,C,12,0,0,0,0,0,10,0.00,0 %,0.00,ACT,0.00,0,12
06/21/2025,RB516,DXB/ALP,Y,108,0,0,0,0,0,0,0.00,0 %,0.00,ACT,0.00,0,108
06/21/2025,RB516A,DXB/DAM,C,12,0,0,0,0,0,7,0.00,0 %,0.00,ACT,0.00,0,12
06/21/2025,RB516A,DXB/DAM,Y,145,0,0,0,0,0,127,0.00,0 %,0.00,ACT,0.00,0,145
06/21/2025,RB501,DAM/SHJ,C,12,0,0,0,0,0,11,0.00,0 %,0.00,ACT,0.00,0,12
06/21/2025,RB501,DAM/SHJ,Y,145,0,0,0,0,0,129,0.00,0 %,0.00,ACT,0.00,0,145
06/21/2025,RB521,ALP/DOH,C,12,0,0,0,0,0,6,0.00,0 %,0.00,ACT,0.00,0,12
06/21/2025,RB521,ALP/DOH,Y,138,0,0,0,0,0,0,0.00,0 %,0.00,ACT,0.00,0,138
06/21/2025,RB341,ALP/KWI,C,12,0,0,0,0,0,2,0.00,0 %,0.00,ACT,0.00,0,12
06/21/2025,RB341,ALP/KWI,Y,138,0,0,0,0,0,8,0.00,0 %,0.00,ACT,0.00,0,138
06/21/2025,RB501,ALP/SHJ,C,12,0,0,0,0,0,8,0.00,0 %,0.00,ACT,0.00,0,12
06/21/2025,RB501,ALP/SHJ,Y,108,0,0,0,0,0,0,0.00,0 %,0.00,ACT,0.00,0,108
06/21/2025,RB522,DOH/ALP,C,12,0,0,0,0,0,3,0.00,0 %,0.00,ACT,0.00,0,12
06/21/2025,RB522,DOH/ALP,Y,138,0,0,0,0,0,2,0.00,0 %,0.00,ACT,0.00,0,138
06/21/2025,RB342,KWI/ALP,C,12,0,0,0,0,0,1,0.00,0 %,0.00,ACT,0.00,0,12
06/21/2025,RB342,KWI/ALP,Y,138,0,0,0,0,0,5,0.00,0 %,0.00,ACT,0.00,0,138
06/21/2025,RB502A,SHJ/DAM,C,12,0,0,0,0,0,12,0.00,0 %,0.00,ACT,0.00,0,12
06/21/2025,RB502A,SHJ/DAM,Y,145,0,0,0,0,0,142,0.00,0 %,0.00,ACT,0.00,0,145
06/21/2025,RB502,SHJ/ALP,C,12,0,0,0,0,0,10,0.00,0 %,0.00,ACT,0.00,0,12
06/21/2025,RB502,SHJ/ALP,Y,123,0,0,0,0,0,0,0.00,0 %,0.00,ACT,0.00,0,123
06/22/2025,RB505,DAM/SHJ,C,12,0,0,0,0,0,12,0.00,0 %,0.00,ACT,0.00,0,12
06/22/2025,RB505,DAM/SHJ,Y,138,0,0,0,0,0,129,0.00,0 %,0.00,ACT,0.00,0,138
06/22/2025,RB515,ALP/DXB,C,12,0,0,0,0,0,11,0.00,0 %,0.00,ACT,0.00,0,12
06/22/2025,RB515,ALP/DXB,Y,138,0,0,0,0,0,74,0.00,0 %,0.00,ACT,0.00,0,138
06/22/2025,RB505,ALP/SHJ,C,12,0,0,0,0,0,12,0.00,0 %,0.00,ACT,0.00,0,12
06/22/2025,RB505,ALP/SHJ,Y,138,0,0,0,0,0,69,0.00,0 %,0.00,ACT,0.00,0,138
06/22/2025,RB515,DAM/DXB,C,12,0,0,0,0,0,12,0.00,0 %,0.00,ACT,0.00,0,12
06/22/2025,RB515,DAM/DXB,Y,145,0,0,0,0,0,135,0.00,0 %,0.00,ACT,0.00,0,145
06/22/2025,RB516,DXB/ALP,C,12,0,0,0,0,0,2,0.00,0 %,0.00,ACT,0.00,0,12
06/22/2025,RB516,DXB/ALP,Y,123,0,0,0,0,0,3,0.00,0 %,0.00,ACT,0.00,0,123
06/22/2025,RB506,SHJ/ALP,C,12,0,0,0,0,0,3,0.00,0 %,0.00,ACT,0.00,0,12
06/22/2025,RB506,SHJ/ALP,Y,123,0,0,0,0,0,0,0.00,0 %,0.00,ACT,0.00,0,123
06/22/2025,RB501,ALP/SHJ,C,12,0,0,0,0,0,11,0.00,0 %,0.00,ACT,0.00,0,12
06/22/2025,RB501,ALP/SHJ,Y,138,0,0,0,0,0,97,0.00,0 %,0.00,ACT,0.00,0,138
06/22/2025,RB501,DAM/SHJ,C,12,0,0,0,0,0,12,0.00,0 %,0.00,ACT,0.00,0,12
06/22/2025,RB501,DAM/SHJ,Y,145,0,0,0,0,0,136,0.00,0 %,0.00,ACT,0.00,0,145
06/22/2025,RB517,ALP/DXB,C,12,0,0,0,0,0,12,0.00,0 %,0.00,ACT,0.00,0,12
06/22/2025,RB517,ALP/DXB,Y,138,0,0,0,0,0,103,0.00,0 %,0.00,ACT,0.00,0,138
06/22/2025,RB443,ALP/IST,C,12,0,0,0,0,0,0,0.00,0 %,0.00,ACT,0.00,0,12
06/22/2025,RB443,ALP/IST,Y,138,0,0,0,0,0,3,0.00,0 %,0.00,ACT,0.00,0,138
06/22/2025,RB502A,SHJ/DAM,C,12,0,0,0,0,0,12,0.00,0 %,0.00,ACT,0.00,0,12
06/22/2025,RB502A,SHJ/DAM,Y,145,0,0,0,0,0,142,0.00,0 %,0.00,ACT,0.00,0,145
06/22/2025,RB502,SHJ/ALP,C,12,0,0,0,0,0,8,0.00,0 %,0.00,ACT,0.00,0,12
06/22/2025,RB502,SHJ/ALP,Y,123,0,0,0,0,0,0,0.00,0 %,0.00,ACT,0.00,0,123
06/22/2025,RB444,IST/ALP,C,12,0,0,0,0,0,1,0.00,0 %,0.00,ACT,0.00,0,12
06/22/2025,RB444,IST/ALP,Y,138,0,0,0,0,0,6,0.00,0 %,0.00,ACT,0.00,0,138
06/23/2025,RB389,ALP/RUH,C,12,0,0,0,0,0,7,0.00,0 %,0.00,ACT,0.00,0,12
06/23/2025,RB389,ALP/RUH,Y,138,0,0,0,0,0,98,0.00,0 %,0.00,ACT,0.00,0,138
06/23/2025,RB515,ALP/DXB,C,12,0,0,0,0,0,12,0.00,0 %,0.00,ACT,0.00,0,12
06/23/2025,RB515,ALP/DXB,Y,138,0,0,0,0,0,113,0.00,0 %,0.00,ACT,0.00,0,138
06/23/2025,RB443,ALP/IST,C,12,0,0,0,0,0,2,0.00,0 %,0.00,ACT,0.00,0,12
06/23/2025,RB443,ALP/IST,Y,138,0,0,0,0,0,0,0.00,0 %,0.00,ACT,0.00,0,138
06/23/2025,RB390,RUH/ALP,C,12,0,0,0,0,0,3,0.00,0 %,0.00,ACT,0.00,0,12
06/23/2025,RB390,RUH/ALP,Y,138,0,0,0,0,0,51,0.00,0 %,0.00,ACT,0.00,0,138
06/23/2025,RB444,IST/ALP,C,12,0,0,0,0,0,0,0.00,0 %,0.00,ACT,0.00,0,12
06/23/2025,RB444,IST/ALP,Y,138,0,0,0,0,0,7,0.00,0 %,0.00,ACT,0.00,0,138
06/23/2025,RB501,ALP/SHJ,C,12,0,0,0,0,0,12,0.00,0 %,0.00,ACT,0.00,0,12
06/23/2025,RB501,ALP/SHJ,Y,138,0,0,0,0,0,91,0.00,0 %,0.00,ACT,0.00,0,138
06/23/2025,RB516,DXB/ALP,C,12,0,0,0,0,0,6,0.00,0 %,0.00,ACT,0.00,0,12
06/23/2025,RB516,DXB/ALP,Y,123,0,0,0,0,0,0,0.00,0 %,0.00,ACT,0.00,0,123
06/23/2025,RB517,ALP/DXB,C,12,0,0,0,0,0,12,0.00,0 %,0.00,ACT,0.00,0,12
06/23/2025,RB517,ALP/DXB,Y,123,0,0,0,0,0,98,0.00,0 %,0.00,ACT,0.00,0,123
06/23/2025,RB505,ALP/SHJ,C,12,0,0,0,0,0,11,0.00,0 %,0.00,ACT,0.00,0,12
06/23/2025,RB505,ALP/SHJ,Y,138,0,0,0,0,0,70,0.00,0 %,0.00,ACT,0.00,0,138
06/23/2025,RB502,SHJ/ALP,C,12,0,0,0,0,0,4,0.00,0 %,0.00,ACT,0.00,0,12
06/23/2025,RB502,SHJ/ALP,Y,123,0,0,0,0,0,7,0.00,0 %,0.00,ACT,0.00,0,123
06/23/2025,RB518,DXB/ALP,C,12,0,0,0,0,0,12,0.00,0 %,0.00,ACT,0.00,0,12
06/23/2025,RB518,DXB/ALP,Y,123,0,0,0,0,0,2,0.00,0 %,0.00,ACT,0.00,0,123
06/23/2025,RB518A,DXB/ALP,C,12,0,0,0,0,0,4,0.00,0 %,0.00,ACT,0.00,0,12
06/23/2025,RB518A,DXB/ALP,Y,138,0,0,0,0,0,6,0.00,0 %,0.00,ACT,0.00,0,138
06/24/2025,RB506,SHJ/ALP,C,12,0,0,0,0,0,5,0.00,0 %,0.00,ACT,0.00,0,12
06/24/2025,RB506,SHJ/ALP,Y,123,0,0,0,0,0,0,0.00,0 %,0.00,ACT,0.00,0,123
06/24/2025,RB381,ALP/JED,C,12,0,0,0,0,0,11,0.00,0 %,0.00,ACT,0.00,0,12
06/24/2025,RB381,ALP/JED,Y,138,0,0,0,0,0,83,0.00,0 %,0.00,ACT,0.00,0,138
06/24/2025,RB515,ALP/DXB,C,12,0,0,0,0,0,12,0.00,0 %,0.00,ACT,0.00,0,12
06/24/2025,RB515,ALP/DXB,Y,138,0,0,0,0,0,115,0.00,0 %,0.00,ACT,0.00,0,138
06/24/2025,RB341,ALP/KWI,C,12,0,0,0,0,0,9,0.00,0 %,0.00,ACT,0.00,0,12
06/24/2025,RB341,ALP/KWI,Y,138,0,0,0,0,0,9,0.00,0 %,0.00,ACT,0.00,0,138
06/24/2025,RB382,JED/ALP,C,12,0,0,0,0,0,9,0.00,0 %,0.00,ACT,0.00,0,12
06/24/2025,RB382,JED/ALP,Y,138,0,0,0,0,0,37,0.00,0 %,0.00,ACT,0.00,0,138
06/24/2025,RB342,KWI/ALP,C,12,0,0,0,0,0,6,0.00,0 %,0.00,ACT,0.00,0,12
06/24/2025,RB342,KWI/ALP,Y,138,0,0,0,0,0,13,0.00,0 %,0.00,ACT,0.00,0,138
06/24/2025,RB516,DXB/ALP,C,12,0,0,0,0,0,5,0.00,0 %,0.00,ACT,0.00,0,12
06/24/2025,RB516,DXB/ALP,Y,123,0,0,0,0,0,0,0.00,0 %,0.00,ACT,0.00,0,123
06/24/2025,RB503,ALP/AUH,C,12,0,0,0,0,0,12,0.00,0 %,0.00,ACT,0.00,0,12
06/24/2025,RB503,ALP/AUH,Y,138,0,0,0,0,0,53,0.00,0 %,0.00,ACT,0.00,0,138
06/24/2025,RB501,ALP/SHJ,C,12,0,0,0,0,0,12,0.00,0 %,0.00,ACT,0.00,0,12
06/24/2025,RB501,ALP/SHJ,Y,138,0,0,0,0,0,62,0.00,0 %,0.00,ACT,0.00,0,138
06/24/2025,RB443,ALP/IST,C,12,0,0,0,0,0,6,0.00,0 %,0.00,ACT,0.00,0,12
06/24/2025,RB443,ALP/IST,Y,138,0,0,0,0,0,1,0.00,0 %,0.00,ACT,0.00,0,138
06/24/2025,RB444,IST/ALP,C,12,0,0,0,0,0,0,0.00,0 %,0.00,ACT,0.00,0,12
06/24/2025,RB444,IST/ALP,Y,138,0,0,0,0,0,0,0.00,0 %,0.00,ACT,0.00,0,138
06/24/2025,RB504,AUH/ALP,C,12,0,0,0,0,0,4,0.00,0 %,0.00,ACT,0.00,0,12
06/24/2025,RB504,AUH/ALP,Y,123,0,0,0,0,0,0,0.00,0 %,0.00,ACT,0.00,0,123
06/24/2025,RB502,SHJ/ALP,C,12,0,0,0,0,0,6,0.00,0 %,0.00,ACT,0.00,0,12
06/24/2025,RB502,SHJ/ALP,Y,123,0,0,0,0,0,0,0.00,0 %,0.00,ACT,0.00,0,123
06/25/2025,RB515,ALP/DXB,C,12,0,0,0,0,0,10,0.00,0 %,0.00,ACT,0.00,0,12
06/25/2025,RB515,ALP/DXB,Y,138,0,0,0,0,0,94,0.00,0 %,0.00,ACT,0.00,0,138
06/25/2025,RB389,ALP/RUH,C,12,0,0,0,0,0,11,0.00,0 %,0.00,ACT,0.00,0,12
06/25/2025,RB389,ALP/RUH,Y,138,0,0,0,0,0,113,0.00,0 %,0.00,ACT,0.00,0,138
06/25/2025,RB505,ALP/SHJ,C,12,0,0,0,0,0,12,0.00,0 %,0.00,ACT,0.00,0,12
06/25/2025,RB505,ALP/SHJ,Y,138,0,0,0,0,0,112,0.00,0 %,0.00,ACT,0.00,0,138
06/25/2025,RB390,RUH/ALP,C,12,0,0,0,0,0,8,0.00,0 %,0.00,ACT,0.00,0,12
06/25/2025,RB390,RUH/ALP,Y,138,0,0,0,0,0,27,0.00,0 %,0.00,ACT,0.00,0,138
06/25/2025,RB516,DXB/ALP,C,12,0,0,0,0,0,5,0.00,0 %,0.00,ACT,0.00,0,12
06/25/2025,RB516,DXB/ALP,Y,123,0,0,0,0,0,0,0.00,0 %,0.00,ACT,0.00,0,123
06/25/2025,RB506,SHJ/ALP,C,12,0,0,0,0,0,5,0.00,0 %,0.00,ACT,0.00,0,12
06/25/2025,RB506,SHJ/ALP,Y,123,0,0,0,0,0,0,0.00,0 %,0.00,ACT,0.00,0,123
06/25/2025,RB501,ALP/SHJ,C,12,0,0,0,0,0,12,0.00,0 %,0.00,ACT,0.00,0,12
06/25/2025,RB501,ALP/SHJ,Y,138,0,0,0,0,0,87,0.00,0 %,0.00,ACT,0.00,0,138
06/25/2025,RB443,ALP/IST,C,12,0,0,0,0,0,4,0.00,0 %,0.00,ACT,0.00,0,12
06/25/2025,RB443,ALP/IST,Y,138,0,0,0,0,0,1,0.00,0 %,0.00,ACT,0.00,0,138
06/25/2025,RB521,ALP/DOH,C,12,0,0,0,0,0,10,0.00,0 %,0.00,ACT,0.00,0,12
06/25/2025,RB521,ALP/DOH,Y,138,0,0,0,0,0,33,0.00,0 %,0.00,ACT,0.00,0,138
06/25/2025,RB444,IST/DAM,C,12,0,0,0,0,0,0,0.00,0 %,0.00,ACT,0.00,0,12
06/25/2025,RB444,IST/DAM,Y,138,0,0,0,0,0,1,0.00,0 %,0.00,ACT,0.00,0,138
06/25/2025,RB502,SHJ/DAM,C,12,0,0,0,0,0,5,0.00,0 %,0.00,ACT,0.00,0,12
06/25/2025,RB502,SHJ/DAM,Y,145,0,0,0,0,0,0,0.00,0 %,0.00,ACT,0.00,0,145
06/25/2025,RB522,DOH/DAM,C,12,0,0,0,0,0,2,0.00,0 %,0.00,ACT,0.00,0,12
06/25/2025,RB522,DOH/DAM,Y,145,0,0,0,0,0,0,0.00,0 %,0.00,ACT,0.00,0,145
06/25/2025,RB513,DAM/DXB,C,12,0,0,0,0,0,11,0.00,0 %,0.00,ACT,0.00,0,12
06/25/2025,RB513,DAM/DXB,Y,145,0,0,0,0,0,116,0.00,0 %,0.00,ACT,0.00,0,145
06/26/2025,RB514,DXB/DAM,C,12,0,0,0,0,0,8,0.00,0 %,0.00,ACT,0.00,0,12
06/26/2025,RB514,DXB/DAM,Y,145,0,0,0,0,0,1,0.00,0 %,0.00,ACT,0.00,0,145
06/26/2025,RB505,DAM/SHJ,C,12,0,0,0,0,0,12,0.00,0 %,0.00,ACT,0.00,0,12
06/26/2025,RB505,DAM/SHJ,Y,145,0,0,0,0,0,138,0.00,0 %,0.00,ACT,0.00,0,145
06/26/2025,RB527,DAM/DMM,C,12,0,0,0,0,0,7,0.00,0 %,0.00,ACT,0.00,0,12
06/26/2025,RB527,DAM/DMM,Y,145,0,0,0,0,0,105,0.00,0 %,0.00,ACT,0.00,0,145
06/26/2025,RB515,DAM/DXB,C,12,0,0,0,0,0,8,0.00,0 %,0.00,ACT,0.00,0,12
06/26/2025,RB515,DAM/DXB,Y,145,0,0,0,0,0,91,0.00,0 %,0.00,ACT,0.00,0,145
06/26/2025,RB528,DMM/DAM,C,12,0,0,0,0,0,1,0.00,0 %,0.00,ACT,0.00,0,12
06/26/2025,RB528,DMM/DAM,Y,145,0,0,0,0,0,1,0.00,0 %,0.00,ACT,0.00,0,145
06/26/2025,RB506,SHJ/DAM,C,12,0,0,0,0,0,0,0.00,0 %,0.00,ACT,0.00,0,12
06/26/2025,RB506,SHJ/DAM,Y,145,0,0,0,0,0,0,0.00,0 %,0.00,ACT,0.00,0,145
06/26/2025,RB516,DXB/DAM,C,12,0,0,0,0,0,4,0.00,0 %,0.00,ACT,0.00,0,12
06/26/2025,RB516,DXB/DAM,Y,145,0,0,0,0,0,2,0.00,0 %,0.00,ACT,0.00,0,145
06/26/2025,RB521,DAM/DOH,C,12,0,0,0,0,0,12,0.00,0 %,0.00,ACT,0.00,0,12
06/26/2025,RB521,DAM/DOH,Y,145,0,0,0,0,0,107,0.00,0 %,0.00,ACT,0.00,0,145
06/26/2025,RB501,DAM/SHJ,C,12,0,0,0,0,0,11,0.00,0 %,0.00,ACT,0.00,0,12
06/26/2025,RB501,DAM/SHJ,Y,145,0,0,0,0,0,77,0.00,0 %,0.00,ACT,0.00,0,145
06/26/2025,RB341,DAM/KWI,C,12,0,0,0,0,0,2,0.00,0 %,0.00,ACT,0.00,0,12
06/26/2025,RB341,DAM/KWI,Y,138,0,0,0,0,0,0,0.00,0 %,0.00,ACT,0.00,0,138
06/26/2025,RB522,DOH/DAM,C,12,0,0,0,0,0,3,0.00,0 %,0.00,ACT,0.00,0,12
06/26/2025,RB522,DOH/DAM,Y,145,0,0,0,0,0,0,0.00,0 %,0.00,ACT,0.00,0,145
06/26/2025,RB342,KWI/DAM,C,12,0,0,0,0,0,0,0.00,0 %,0.00,ACT,0.00,0,12
06/26/2025,RB342,KWI/DAM,Y,138,0,0,0,0,0,0,0.00,0 %,0.00,ACT,0.00,0,138
06/26/2025,RB502,SHJ/DAM,C,12,0,0,0,0,0,0,0.00,0 %,0.00,ACT,0.00,0,12
06/26/2025,RB502,SHJ/DAM,Y,145,0,0,0,0,0,0,0.00,0 %,0.00,ACT,0.00,0,145
06/26/2025,RB517,DAM/DXB,C,12,0,0,0,0,0,12,0.00,0 %,0.00,ACT,0.00,0,12
06/26/2025,RB517,DAM/DXB,Y,145,0,0,0,0,0,140,0.00,0 %,0.00,ACT,0.00,0,145
06/27/2025,RB518,DXB/DAM,C,12,0,0,0,0,0,10,0.00,0 %,0.00,ACT,0.00,0,12
06/27/2025,RB518,DXB/DAM,Y,145,0,0,0,0,0,5,0.00,0 %,0.00,ACT,0.00,0,145
06/27/2025,RB505,DAM/SHJ,C,12,0,0,0,0,0,12,0.00,0 %,0.00,ACT,0.00,0,12
06/27/2025,RB505,DAM/SHJ,Y,145,0,0,0,0,0,125,0.00,0 %,0.00,ACT,0.00,0,145
06/27/2025,RB503,DAM/AUH,C,12,0,0,0,0,0,10,0.00,0 %,0.00,ACT,0.00,0,12
06/27/2025,RB503,DAM/AUH,Y,145,0,0,0,0,0,75,0.00,0 %,0.00,ACT,0.00,0,145
06/27/2025,RB515,DAM/DXB,C,12,0,0,0,0,0,7,0.00,0 %,0.00,ACT,0.00,0,12
06/27/2025,RB515,DAM/DXB,Y,145,0,0,0,0,0,78,0.00,0 %,0.00,ACT,0.00,0,145
06/27/2025,RB506,SHJ/DAM,C,12,0,0,0,0,0,4,0.00,0 %,0.00,ACT,0.00,0,12
06/27/2025,RB506,SHJ/DAM,Y,145,0,0,0,0,0,4,0.00,0 %,0.00,ACT,0.00,0,145
06/27/2025,RB516,DXB/DAM,C,12,0,0,0,0,0,2,0.00,0 %,0.00,ACT,0.00,0,12
06/27/2025,RB516,DXB/DAM,Y,145,0,0,0,0,0,0,0.00,0 %,0.00,ACT,0.00,0,145
06/27/2025,RB504,AUH/DAM,C,12,0,0,0,0,0,0,0.00,0 %,0.00,ACT,0.00,0,12
06/27/2025,RB504,AUH/DAM,Y,145,0,0,0,0,0,1,0.00,0 %,0.00,ACT,0.00,0,145
06/27/2025,RB501,DAM/SHJ,C,12,0,0,0,0,0,4,0.00,0 %,0.00,ACT,0.00,0,12
06/27/2025,RB501,DAM/SHJ,Y,145,0,0,0,0,0,66,0.00,0 %,0.00,ACT,0.00,0,145
06/27/2025,RB443,DAM/IST,C,12,0,0,0,0,0,3,0.00,0 %,0.00,ACT,0.00,0,12
06/27/2025,RB443,DAM/IST,Y,138,0,0,0,0,0,1,0.00,0 %,0.00,ACT,0.00,0,138
06/27/2025,RB389,DAM/RUH,C,12,0,0,0,0,0,3,0.00,0 %,0.00,ACT,0.00,0,12
06/27/2025,RB389,DAM/RUH,Y,145,0,0,0,0,0,7,0.00,0 %,0.00,ACT,0.00,0,145
06/27/2025,RB444,IST/DAM,C,12,0,0,0,0,0,1,0.00,0 %,0.00,ACT,0.00,0,12
06/27/2025,RB444,IST/DAM,Y,138,0,0,0,0,0,0,0.00,0 %,0.00,ACT,0.00,0,138
06/27/2025,RB390,RUH/DAM,C,12,0,0,0,0,0,9,0.00,0 %,0.00,ACT,0.00,0,12
06/27/2025,RB390,RUH/DAM,Y,145,0,0,0,0,0,3,0.00,0 %,0.00,ACT,0.00,0,145
06/27/2025,RB502,SHJ/DAM,C,12,0,0,0,0,0,1,0.00,0 %,0.00,ACT,0.00,0,12
06/27/2025,RB502,SHJ/DAM,Y,145,0,0,0,0,0,0,0.00,0 %,0.00,ACT,0.00,0,145
06/27/2025,RB513,DAM/DXB,C,12,0,0,0,0,0,12,0.00,0 %,0.00,ACT,0.00,0,12
06/27/2025,RB513,DAM/DXB,Y,145,0,0,0,0,0,136,0.00,0 %,0.00,ACT,0.00,0,145
06/28/2025,RB514,DXB/DAM,C,12,0,0,0,0,0,12,0.00,0 %,0.00,ACT,0.00,0,12
06/28/2025,RB514,DXB/DAM,Y,145,0,0,0,0,0,1,0.00,0 %,0.00,ACT,0.00,0,145
06/28/2025,RB505,DAM/SHJ,C,12,0,0,0,0,0,12,0.00,0 %,0.00,ACT,0.00,0,12
06/28/2025,RB505,DAM/SHJ,Y,145,0,0,0,0,0,130,0.00,0 %,0.00,ACT,0.00,0,145
06/28/2025,RB515,DAM/DXB,C,12,0,0,0,0,0,4,0.00,0 %,0.00,ACT,0.00,0,12
06/28/2025,RB515,DAM/DXB,Y,145,0,0,0,0,0,85,0.00,0 %,0.00,ACT,0.00,0,145
06/28/2025,RB389,DAM/RUH,C,12,0,0,0,0,0,6,0.00,0 %,0.00,ACT,0.00,0,12
06/28/2025,RB389,DAM/RUH,Y,145,0,0,0,0,0,72,0.00,0 %,0.00,ACT,0.00,0,145
06/28/2025,RB390,RUH/DAM,C,12,0,0,0,0,0,10,0.00,0 %,0.00,ACT,0.00,0,12
06/28/2025,RB390,RUH/DAM,Y,145,0,0,0,0,0,2,0.00,0 %,0.00,ACT,0.00,0,145
06/28/2025,RB506,SHJ/DAM,C,12,0,0,0,0,0,7,0.00,0 %,0.00,ACT,0.00,0,12
06/28/2025,RB506,SHJ/DAM,Y,145,0,0,0,0,0,1,0.00,0 %,0.00,ACT,0.00,0,145
06/28/2025,RB516,DXB/DAM,C,12,0,0,0,0,0,9,0.00,0 %,0.00,ACT,0.00,0,12
06/28/2025,RB516,DXB/DAM,Y,145,0,0,0,0,0,0,0.00,0 %,0.00,ACT,0.00,0,145
06/28/2025,RB521,DAM/DOH,C,12,0,0,0,0,0,6,0.00,0 %,0.00,ACT,0.00,0,12
06/28/2025,RB521,DAM/DOH,Y,145,0,0,0,0,0,8,0.00,0 %,0.00,ACT,0.00,0,145
06/28/2025,RB501,DAM/SHJ,C,12,0,0,0,0,0,11,0.00,0 %,0.00,ACT,0.00,0,12
06/28/2025,RB501,DAM/SHJ,Y,145,0,0,0,0,0,54,0.00,0 %,0.00,ACT,0.00,0,145
06/28/2025,RB341,DAM/KWI,C,12,0,0,0,0,0,9,0.00,0 %,0.00,ACT,0.00,0,12
06/28/2025,RB341,DAM/KWI,Y,138,0,0,0,0,0,1,0.00,0 %,0.00,ACT,0.00,0,138
06/28/2025,RB522,DOH/DAM,C,12,0,0,0,0,0,0,0.00,0 %,0.00,ACT,0.00,0,12
06/28/2025,RB522,DOH/DAM,Y,145,0,0,0,0,0,0,0.00,0 %,0.00,ACT,0.00,0,145
06/28/2025,RB342,KWI/DAM,C,12,0,0,0,0,0,1,0.00,0 %,0.00,ACT,0.00,0,12
06/28/2025,RB342,KWI/DAM,Y,138,0,0,0,0,0,5,0.00,0 %,0.00,ACT,0.00,0,138
06/28/2025,RB502,SHJ/DAM,C,12,0,0,0,0,0,2,0.00,0 %,0.00,ACT,0.00,0,12
06/28/2025,RB502,SHJ/DAM,Y,145,0,0,0,0,0,0,0.00,0 %,0.00,ACT,0.00,0,145
06/29/2025,RB505,DAM/SHJ,C,12,0,0,0,0,0,12,0.00,0 %,0.00,ACT,0.00,0,12
06/29/2025,RB505,DAM/SHJ,Y,138,0,0,0,0,0,107,0.00,0 %,0.00,ACT,0.00,0,138
06/29/2025,RB381,DAM/JED,C,12,0,0,0,0,0,8,0.00,0 %,0.00,ACT,0.00,0,12
06/29/2025,RB381,DAM/JED,Y,145,0,0,0,0,0,60,0.00,0 %,0.00,ACT,0.00,0,145
06/29/2025,RB515,DAM/DXB,C,12,0,0,0,0,0,2,0.00,0 %,0.00,ACT,0.00,0,12
06/29/2025,RB515,DAM/DXB,Y,145,0,0,0,0,0,65,0.00,0 %,0.00,ACT,0.00,0,145
06/29/2025,RB382,JED/DAM,C,12,0,0,0,0,0,1,0.00,0 %,0.00,ACT,0.00,0,12
06/29/2025,RB382,JED/DAM,Y,145,0,0,0,0,0,1,0.00,0 %,0.00,ACT,0.00,0,145
06/29/2025,RB506,SHJ/DAM,C,12,0,0,0,0,0,0,0.00,0 %,0.00,ACT,0.00,0,12
06/29/2025,RB506,SHJ/DAM,Y,138,0,0,0,0,0,1,0.00,0 %,0.00,ACT,0.00,0,138
06/29/2025,RB516,DXB/DAM,C,12,0,0,0,0,0,2,0.00,0 %,0.00,ACT,0.00,0,12
06/29/2025,RB516,DXB/DAM,Y,145,0,0,0,0,0,4,0.00,0 %,0.00,ACT,0.00,0,145
06/29/2025,RB443,DAM/IST,C,12,0,0,0,0,0,12,0.00,0 %,0.00,ACT,0.00,0,12
06/29/2025,RB443,DAM/IST,Y,138,0,0,0,0,0,36,0.00,0 %,0.00,ACT,0.00,0,138
06/29/2025,RB501,DAM/SHJ,C,12,0,0,0,0,0,12,0.00,0 %,0.00,ACT,0.00,0,12
06/29/2025,RB501,DAM/SHJ,Y,145,0,0,0,0,0,71,0.00,0 %,0.00,ACT,0.00,0,145
06/29/2025,RB517,DAM/DXB,C,12,0,0,0,0,0,12,0.00,0 %,0.00,ACT,0.00,0,12
06/29/2025,RB517,DAM/DXB,Y,145,0,0,0,0,0,143,0.00,0 %,0.00,ACT,0.00,0,145
06/29/2025,RB444,IST/DAM,C,12,0,0,0,0,0,0,0.00,0 %,0.00,ACT,0.00,0,12
06/29/2025,RB444,IST/DAM,Y,138,0,0,0,0,0,10,0.00,0 %,0.00,ACT,0.00,0,138
06/29/2025,RB502,SHJ/DAM,C,12,0,0,0,0,0,2,0.00,0 %,0.00,ACT,0.00,0,12
06/29/2025,RB502,SHJ/DAM,Y,145,0,0,0,0,0,0,0.00,0 %,0.00,ACT,0.00,0,145
06/29/2025,RB518,DXB/DAM,C,12,0,0,0,0,0,11,0.00,0 %,0.00,ACT,0.00,0,12
06/29/2025,RB518,DXB/DAM,Y,128,0,0,0,0,0,0,0.00,0 %,0.00,ACT,0.00,0,128
06/30/2025,RB389,DAM/RUH,C,12,0,0,0,0,0,9,0.00,0 %,0.00,ACT,0.00,0,12
06/30/2025,RB389,DAM/RUH,Y,148,0,0,0,0,0,46,0.00,0 %,0.00,ACT,0.00,0,148
06/30/2025,RB515,DAM/DXB,C,12,0,0,0,0,0,1,0.00,0 %,0.00,ACT,0.00,0,12
06/30/2025,RB515,DAM/DXB,Y,148,0,0,0,0,0,72,0.00,0 %,0.00,ACT,0.00,0,148
06/30/2025,RB443,DAM/IST,C,12,0,0,0,0,0,12,0.00,0 %,0.00,ACT,0.00,0,12
06/30/2025,RB443,DAM/IST,Y,141,0,0,0,0,0,65,0.00,0 %,0.00,ACT,0.00,0,141
06/30/2025,RB390,RUH/DAM,C,12,0,0,0,0,0,9,0.00,0 %,0.00,ACT,0.00,0,12
06/30/2025,RB390,RUH/DAM,Y,148,0,0,0,0,0,7,0.00,0 %,0.00,ACT,0.00,0,148
06/30/2025,RB444,IST/DAM,C,12,0,0,0,0,0,0,0.00,0 %,0.00,ACT,0.00,0,12
06/30/2025,RB444,IST/DAM,Y,141,0,0,0,0,0,1,0.00,0 %,0.00,ACT,0.00,0,141
06/30/2025,RB516,DXB/DAM,C,12,0,0,0,0,0,1,0.00,0 %,0.00,ACT,0.00,0,12
06/30/2025,RB516,DXB/DAM,Y,148,0,0,0,0,0,2,0.00,0 %,0.00,ACT,0.00,0,148
06/30/2025,RB521,DAM/DOH,C,12,0,0,0,0,0,6,0.00,0 %,0.00,ACT,0.00,0,12
06/30/2025,RB521,DAM/DOH,Y,148,0,0,0,0,0,35,0.00,0 %,0.00,ACT,0.00,0,148
06/30/2025,RB501,DAM/SHJ,C,12,0,0,0,0,0,7,0.00,0 %,0.00,ACT,0.00,0,12
06/30/2025,RB501,DAM/SHJ,Y,148,0,0,0,0,0,39,0.00,0 %,0.00,ACT,0.00,0,148
06/30/2025,RB523,DAM/DOH,C,12,0,0,0,0,0,10,0.00,0 %,0.00,ACT,0.00,0,12
06/30/2025,RB523,DAM/DOH,Y,148,0,0,0,0,0,129,0.00,0 %,0.00,ACT,0.00,0,148
06/30/2025,RB522,DOH/DAM,C,12,0,0,0,0,0,0,0.00,0 %,0.00,ACT,0.00,0,12
06/30/2025,RB522,DOH/DAM,Y,148,0,0,0,0,0,0,0.00,0 %,0.00,ACT,0.00,0,148
06/30/2025,RB502,SHJ/DAM,C,12,0,0,0,0,0,1,0.00,0 %,0.00,ACT,0.00,0,12
06/30/2025,RB502,SHJ/DAM,Y,141,0,0,0,0,0,0,0.00,0 %,0.00,ACT,0.00,0,141
06/30/2025,RB524,DOH/DAM,C,12,0,0,0,0,0,2,0.00,0 %,0.00,ACT,0.00,0,12
06/30/2025,RB524,DOH/DAM,Y,148,0,0,0,0,0,0,0.00,0 %,0.00,ACT,0.00,0,148
07/01/2025,RB515,DAM/DXB,C,12,0,0,0,0,0,3,0.00,0 %,0.00,ACT,0.00,0,12
07/01/2025,RB515,DAM/DXB,Y,145,0,0,0,0,0,116,0.00,0 %,0.00,ACT,0.00,0,145
07/01/2025,RB381,DAM/JED,C,12,0,0,0,0,0,10,0.00,0 %,0.00,ACT,0.00,0,12
07/01/2025,RB381,DAM/JED,Y,148,0,0,0,0,0,120,0.00,0 %,0.00,ACT,0.00,0,148
07/01/2025,RB341,DAM/KWI,C,12,0,0,0,0,0,11,0.00,0 %,0.00,ACT,0.00,0,12
07/01/2025,RB341,DAM/KWI,Y,141,0,0,0,0,0,33,0.00,0 %,0.00,ACT,0.00,0,141
07/01/2025,RB342,KWI/DAM,C,12,0,0,0,0,0,0,0.00,0 %,0.00,ACT,0.00,0,12
07/01/2025,RB342,KWI/DAM,Y,141,0,0,0,0,0,0,0.00,0 %,0.00,ACT,0.00,0,141
07/01/2025,RB382,JED/DAM,C,12,0,0,0,0,0,7,0.00,0 %,0.00,ACT,0.00,0,12
07/01/2025,RB382,JED/DAM,Y,148,0,0,0,0,0,58,0.00,0 %,0.00,ACT,0.00,0,148
07/01/2025,RB516,DXB/DAM,C,12,0,0,0,0,0,0,0.00,0 %,0.00,ACT,0.00,0,12
07/01/2025,RB516,DXB/DAM,Y,145,0,0,0,0,0,0,0.00,0 %,0.00,ACT,0.00,0,145
07/01/2025,RB503,DAM/AUH,C,12,0,0,0,0,0,8,0.00,0 %,0.00,ACT,0.00,0,12
07/01/2025,RB503,DAM/AUH,Y,148,0,0,0,0,0,60,0.00,0 %,0.00,ACT,0.00,0,148
07/01/2025,RB501,DAM/SHJ,C,12,0,0,0,0,0,11,0.00,0 %,0.00,ACT,0.00,0,12
07/01/2025,RB501,DAM/SHJ,Y,145,0,0,0,0,0,70,0.00,0 %,0.00,ACT,0.00,0,145
07/01/2025,RB443,DAM/IST,C,12,0,0,0,0,0,12,0.00,0 %,0.00,ACT,0.00,0,12
07/01/2025,RB443,DAM/IST,Y,141,0,0,0,0,0,82,0.00,0 %,0.00,ACT,0.00,0,141
07/01/2025,RB504,AUH/DAM,C,12,0,0,0,0,0,0,0.00,0 %,0.00,ACT,0.00,0,12
07/01/2025,RB504,AUH/DAM,Y,148,0,0,0,0,0,3,0.00,0 %,0.00,ACT,0.00,0,148
07/01/2025,RB444,IST/DAM,C,12,0,0,0,0,0,0,0.00,0 %,0.00,ACT,0.00,0,12
07/01/2025,RB444,IST/DAM,Y,141,0,0,0,0,0,0,0.00,0 %,0.00,ACT,0.00,0,141
07/01/2025,RB502,SHJ/DAM,C,12,0,0,0,0,0,0,0.00,0 %,0.00,ACT,0.00,0,12
07/01/2025,RB502,SHJ/DAM,Y,145,0,0,0,0,0,0,0.00,0 %,0.00,ACT,0.00,0,145
07/02/2025,RB505,DAM/SHJ,C,12,0,0,0,0,0,11,0.00,0 %,0.00,ACT,0.00,0,12
07/02/2025,RB505,DAM/SHJ,Y,145,0,0,0,0,0,137,0.00,0 %,0.00,ACT,0.00,0,145
07/02/2025,RB515,DAM/DXB,C,12,0,0,0,0,0,11,0.00,0 %,0.00,ACT,0.00,0,12
07/02/2025,RB515,DAM/DXB,Y,145,0,0,0,0,0,88,0.00,0 %,0.00,ACT,0.00,0,145
07/02/2025,RB389,DAM/RUH,C,12,0,0,0,0,0,9,0.00,0 %,0.00,ACT,0.00,0,12
07/02/2025,RB389,DAM/RUH,Y,148,0,0,0,0,0,80,0.00,0 %,0.00,ACT,0.00,0,148
07/02/2025,RB390,RUH/DAM,C,12,0,0,0,0,0,8,0.00,0 %,0.00,ACT,0.00,0,12
07/02/2025,RB390,RUH/DAM,Y,148,0,0,0,0,0,4,0.00,0 %,0.00,ACT,0.00,0,148
07/02/2025,RB506,SHJ/DAM,C,12,0,0,0,0,0,3,0.00,0 %,0.00,ACT,0.00,0,12
07/02/2025,RB506,SHJ/DAM,Y,145,0,0,0,0,0,0,0.00,0 %,0.00,ACT,0.00,0,145
07/02/2025,RB516,DXB/DAM,C,12,0,0,0,0,0,4,0.00,0 %,0.00,ACT,0.00,0,12
07/02/2025,RB516,DXB/DAM,Y,145,0,0,0,0,0,0,0.00,0 %,0.00,ACT,0.00,0,145
07/02/2025,RB521,DAM/DOH,C,12,0,0,0,0,0,12,0.00,0 %,0.00,ACT,0.00,0,12
07/02/2025,RB521,DAM/DOH,Y,148,0,0,0,0,0,3,0.00,0 %,0.00,ACT,0.00,0,148
07/02/2025,RB501,DAM/SHJ,C,12,0,0,0,0,0,9,0.00,0 %,0.00,ACT,0.00,0,12
07/02/2025,RB501,DAM/SHJ,Y,145,0,0,0,0,0,73,0.00,0 %,0.00,ACT,0.00,0,145
07/02/2025,RB443,DAM/IST,C,12,0,0,0,0,0,12,0.00,0 %,0.00,ACT,0.00,0,12
07/02/2025,RB443,DAM/IST,Y,141,0,0,0,0,0,84,0.00,0 %,0.00,ACT,0.00,0,141
07/02/2025,RB522,DOH/DAM,C,12,0,0,0,0,0,1,0.00,0 %,0.00,ACT,0.00,0,12
07/02/2025,RB522,DOH/DAM,Y,148,0,0,0,0,0,0,0.00,0 %,0.00,ACT,0.00,0,148
07/02/2025,RB444,IST/DAM,C,12,0,0,0,0,0,0,0.00,0 %,0.00,ACT,0.00,0,12
07/02/2025,RB444,IST/DAM,Y,141,0,0,0,0,0,0,0.00,0 %,0.00,ACT,0.00,0,141
07/02/2025,RB502,SHJ/DAM,C,12,0,0,0,0,0,0,0.00,0 %,0.00,ACT,0.00,0,12
07/02/2025,RB502,SHJ/DAM,Y,145,0,0,0,0,0,0,0.00,0 %,0.00,ACT,0.00,0,145
07/03/2025,RB505,DAM/SHJ,C,12,0,0,0,0,0,12,0.00,0 %,0.00,ACT,0.00,0,12
07/03/2025,RB505,DAM/SHJ,Y,145,0,0,0,0,0,142,0.00,0 %,0.00,ACT,0.00,0,145
07/03/2025,RB515,DAM/DXB,C,12,0,0,0,0,0,12,0.00,0 %,0.00,ACT,0.00,0,12
07/03/2025,RB515,DAM/DXB,Y,145,0,0,0,0,0,93,0.00,0 %,0.00,ACT,0.00,0,145
07/03/2025,RB527,DAM/DMM,C,12,0,0,0,0,0,12,0.00,0 %,0.00,ACT,0.00,0,12
07/03/2025,RB527,DAM/DMM,Y,148,0,0,0,0,0,119,0.00,0 %,0.00,ACT,0.00,0,148
07/03/2025,RB528,DMM/DAM,C,12,0,0,0,0,0,10,0.00,0 %,0.00,ACT,0.00,0,12
07/03/2025,RB528,DMM/DAM,Y,148,0,0,0,0,0,1,0.00,0 %,0.00,ACT,0.00,0,148
07/03/2025,RB506,SHJ/DAM,C,12,0,0,0,0,0,1,0.00,0 %,0.00,ACT,0.00,0,12
07/03/2025,RB506,SHJ/DAM,Y,145,0,0,0,0,0,0,0.00,0 %,0.00,ACT,0.00,0,145
07/03/2025,RB516,DXB/DAM,C,12,0,0,0,0,0,1,0.00,0 %,0.00,ACT,0.00,0,12
07/03/2025,RB516,DXB/DAM,Y,145,0,0,0,0,0,1,0.00,0 %,0.00,ACT,0.00,0,145
07/03/2025,RB381,DAM/JED,C,12,0,0,0,0,0,8,0.00,0 %,0.00,ACT,0.00,0,12
07/03/2025,RB381,DAM/JED,Y,148,0,0,0,0,0,80,0.00,0 %,0.00,ACT,0.00,0,148
07/03/2025,RB501,DAM/SHJ,C,12,0,0,0,0,0,9,0.00,0 %,0.00,ACT,0.00,0,12
07/03/2025,RB501,DAM/SHJ,Y,145,0,0,0,0,0,83,0.00,0 %,0.00,ACT,0.00,0,145
07/03/2025,RB341,DAM/KWI,C,12,0,0,0,0,0,11,0.00,0 %,0.00,ACT,0.00,0,12
07/03/2025,RB341,DAM/KWI,Y,141,0,0,0,0,0,78,0.00,0 %,0.00,ACT,0.00,0,141
07/03/2025,RB382,JED/DAM,C,12,0,0,0,0,0,0,0.00,0 %,0.00,ACT,0.00,0,12
07/03/2025,RB382,JED/DAM,Y,148,0,0,0,0,0,92,0.00,0 %,0.00,ACT,0.00,0,148
07/03/2025,RB342,KWI/DAM,C,12,0,0,0,0,0,0,0.00,0 %,0.00,ACT,0.00,0,12
07/03/2025,RB342,KWI/DAM,Y,141,0,0,0,0,0,3,0.00,0 %,0.00,ACT,0.00,0,141
07/03/2025,RB502,SHJ/DAM,C,12,0,0,0,0,0,0,0.00,0 %,0.00,ACT,0.00,0,12
07/03/2025,RB502,SHJ/DAM,Y,145,0,0,0,0,0,0,0.00,0 %,0.00,ACT,0.00,0,145
07/04/2025,RB505,DAM/SHJ,C,12,0,0,0,0,0,12,0.00,0 %,0.00,ACT,0.00,0,12
07/04/2025,RB505,DAM/SHJ,Y,145,0,0,0,0,0,123,0.00,0 %,0.00,ACT,0.00,0,145
07/04/2025,RB503,DAM/AUH,C,12,0,0,0,0,0,10,0.00,0 %,0.00,ACT,0.00,0,12
07/04/2025,RB503,DAM/AUH,Y,148,0,0,0,0,0,86,0.00,0 %,0.00,ACT,0.00,0,148
07/04/2025,RB515,DAM/DXB,C,12,0,0,0,0,0,7,0.00,0 %,0.00,ACT,0.00,0,12
07/04/2025,RB515,DAM/DXB,Y,145,0,0,0,0,0,98,0.00,0 %,0.00,ACT,0.00,0,145
07/04/2025,RB506,SHJ/DAM,C,12,0,0,0,0,0,0,0.00,0 %,0.00,ACT,0.00,0,12
07/04/2025,RB506,SHJ/DAM,Y,145,0,0,0,0,0,0,0.00,0 %,0.00,ACT,0.00,0,145
07/04/2025,RB504,AUH/DAM,C,12,0,0,0,0,0,0,0.00,0 %,0.00,ACT,0.00,0,12
07/04/2025,RB504,AUH/DAM,Y,148,0,0,0,0,0,0,0.00,0 %,0.00,ACT,0.00,0,148
07/04/2025,RB516,DXB/DAM,C,12,0,0,0,0,0,0,0.00,0 %,0.00,ACT,0.00,0,12
07/04/2025,RB516,DXB/DAM,Y,145,0,0,0,0,0,0,0.00,0 %,0.00,ACT,0.00,0,145
07/04/2025,RB501,DAM/SHJ,C,12,0,0,0,0,0,11,0.00,0 %,0.00,ACT,0.00,0,12
07/04/2025,RB501,DAM/SHJ,Y,145,0,0,0,0,0,91,0.00,0 %,0.00,ACT,0.00,0,145
07/04/2025,RB443,DAM/IST,C,12,0,0,0,0,0,9,0.00,0 %,0.00,ACT,0.00,0,12
07/04/2025,RB443,DAM/IST,Y,141,0,0,0,0,0,75,0.00,0 %,0.00,ACT,0.00,0,141
07/04/2025,RB389,DAM/RUH,C,12,0,0,0,0,0,6,0.00,0 %,0.00,ACT,0.00,0,12
07/04/2025,RB389,DAM/RUH,Y,148,0,0,0,0,0,36,0.00,0 %,0.00,ACT,0.00,0,148
07/04/2025,RB444,IST/DAM,C,12,0,0,0,0,0,2,0.00,0 %,0.00,ACT,0.00,0,12
07/04/2025,RB444,IST/DAM,Y,141,0,0,0,0,0,0,0.00,0 %,0.00,ACT,0.00,0,141
07/04/2025,RB502,SHJ/DAM,C,12,0,0,0,0,0,0,0.00,0 %,0.00,ACT,0.00,0,12
07/04/2025,RB502,SHJ/DAM,Y,145,0,0,0,0,0,3,0.00,0 %,0.00,ACT,0.00,0,145
07/04/2025,RB390,RUH/DAM,C,12,0,0,0,0,0,5,0.00,0 %,0.00,ACT,0.00,0,12
07/04/2025,RB390,RUH/DAM,Y,148,0,0,0,0,0,41,0.00,0 %,0.00,ACT,0.00,0,148
07/05/2025,RB505,DAM/SHJ,C,12,0,0,0,0,0,12,0.00,0 %,0.00,ACT,0.00,0,12
07/05/2025,RB505,DAM/SHJ,Y,145,0,0,0,0,0,129,0.00,0 %,0.00,ACT,0.00,0,145
07/05/2025,RB515,DAM/DXB,C,12,0,0,0,0,0,9,0.00,0 %,0.00,ACT,0.00,0,12
07/05/2025,RB515,DAM/DXB,Y,145,0,0,0,0,0,99,0.00,0 %,0.00,ACT,0.00,0,145
07/05/2025,RB389,DAM/RUH,C,12,0,0,0,0,0,11,0.00,0 %,0.00,ACT,0.00,0,12
07/05/2025,RB389,DAM/RUH,Y,148,0,0,0,0,0,101,0.00,0 %,0.00,ACT,0.00,0,148
07/05/2025,RB390,RUH/DAM,C,12,0,0,0,0,0,2,0.00,0 %,0.00,ACT,0.00,0,12
07/05/2025,RB390,RUH/DAM,Y,148,0,0,0,0,0,0,0.00,0 %,0.00,ACT,0.00,0,148
07/05/2025,RB506,SHJ/DAM,C,12,0,0,0,0,0,0,0.00,0 %,0.00,ACT,0.00,0,12
07/05/2025,RB506,SHJ/DAM,Y,145,0,0,0,0,0,0,0.00,0 %,0.00,ACT,0.00,0,145
07/05/2025,RB516,DXB/DAM,C,12,0,0,0,0,0,0,0.00,0 %,0.00,ACT,0.00,0,12
07/05/2025,RB516,DXB/DAM,Y,145,0,0,0,0,0,0,0.00,0 %,0.00,ACT,0.00,0,145
07/05/2025,RB521,DAM/DOH,C,12,0,0,0,0,0,6,0.00,0 %,0.00,ACT,0.00,0,12
07/05/2025,RB521,DAM/DOH,Y,148,0,0,0,0,0,8,0.00,0 %,0.00,ACT,0.00,0,148
07/05/2025,RB501,DAM/SHJ,C,12,0,0,0,0,0,10,0.00,0 %,0.00,ACT,0.00,0,12
07/05/2025,RB501,DAM/SHJ,Y,145,0,0,0,0,0,94,0.00,0 %,0.00,ACT,0.00,0,145
07/05/2025,RB341,DAM/KWI,C,12,0,0,0,0,0,12,0.00,0 %,0.00,ACT,0.00,0,12
07/05/2025,RB341,DAM/KWI,Y,141,0,0,0,0,0,77,0.00,0 %,0.00,ACT,0.00,0,141
07/05/2025,RB522,DOH/DAM,C,12,0,0,0,0,0,0,0.00,0 %,0.00,ACT,0.00,0,12
07/05/2025,RB522,DOH/DAM,Y,148,0,0,0,0,0,0,0.00,0 %,0.00,ACT,0.00,0,148
07/05/2025,RB342,KWI/DAM,C,12,0,0,0,0,0,0,0.00,0 %,0.00,ACT,0.00,0,12
07/05/2025,RB342,KWI/DAM,Y,141,0,0,0,0,0,2,0.00,0 %,0.00,ACT,0.00,0,141
07/05/2025,RB502,SHJ/DAM,C,12,0,0,0,0,0,0,0.00,0 %,0.00,ACT,0.00,0,12
07/05/2025,RB502,SHJ/DAM,Y,145,0,0,0,0,0,0,0.00,0 %,0.00,ACT,0.00,0,145
07/05/2025,RB445,DAM/IST,C,12,0,0,0,0,0,12,0.00,0 %,0.00,ACT,0.00,0,12
07/05/2025,RB445,DAM/IST,Y,141,0,0,0,0,0,124,0.00,0 %,0.00,ACT,0.00,0,141
07/06/2025,RB446,IST/DAM,C,12,0,0,0,0,0,0,0.00,0 %,0.00,ACT,0.00,0,12
07/06/2025,RB446,IST/DAM,Y,141,0,0,0,0,0,0,0.00,0 %,0.00,ACT,0.00,0,141
07/06/2025,RB505,DAM/SHJ,C,12,0,0,0,0,0,12,0.00,0 %,0.00,ACT,0.00,0,12
07/06/2025,RB505,DAM/SHJ,Y,138,0,0,0,0,0,117,0.00,0 %,0.00,ACT,0.00,0,138
07/06/2025,RB381,DAM/JED,C,12,0,0,0,0,0,11,0.00,0 %,0.00,ACT,0.00,0,12
07/06/2025,RB381,DAM/JED,Y,148,0,0,0,0,0,105,0.00,0 %,0.00,ACT,0.00,0,148
07/06/2025,RB515,DAM/DXB,C,12,0,0,0,0,0,8,0.00,0 %,0.00,ACT,0.00,0,12
07/06/2025,RB515,DAM/DXB,Y,141,0,0,0,0,0,88,0.00,0 %,0.00,ACT,0.00,0,141
07/06/2025,RB382,JED/DAM,C,12,0,0,0,0,0,4,0.00,0 %,0.00,ACT,0.00,0,12
07/06/2025,RB382,JED/DAM,Y,148,0,0,0,0,0,61,0.00,0 %,0.00,ACT,0.00,0,148
07/06/2025,RB506,SHJ/DAM,C,12,0,0,0,0,0,0,0.00,0 %,0.00,ACT,0.00,0,12
07/06/2025,RB506,SHJ/DAM,Y,138,0,0,0,0,0,0,0.00,0 %,0.00,ACT,0.00,0,138
07/06/2025,RB516,DXB/DAM,C,12,0,0,0,0,0,0,0.00,0 %,0.00,ACT,0.00,0,12
07/06/2025,RB516,DXB/DAM,Y,141,0,0,0,0,0,0,0.00,0 %,0.00,ACT,0.00,0,141
07/06/2025,RB443,DAM/IST,C,12,0,0,0,0,0,11,0.00,0 %,0.00,ACT,0.00,0,12
07/06/2025,RB443,DAM/IST,Y,141,0,0,0,0,0,74,0.00,0 %,0.00,ACT,0.00,0,141
07/06/2025,RB501,DAM/SHJ,C,12,0,0,0,0,0,9,0.00,0 %,0.00,ACT,0.00,0,12
07/06/2025,RB501,DAM/SHJ,Y,145,0,0,0,0,0,91,0.00,0 %,0.00,ACT,0.00,0,145
07/06/2025,RB444,IST/DAM,C,12,0,0,0,0,0,2,0.00,0 %,0.00,ACT,0.00,0,12
07/06/2025,RB444,IST/DAM,Y,141,0,0,0,0,0,20,0.00,0 %,0.00,ACT,0.00,0,141
07/06/2025,RB502,SHJ/DAM,C,12,0,0,0,0,0,0,0.00,0 %,0.00,ACT,0.00,0,12
07/06/2025,RB502,SHJ/DAM,Y,145,0,0,0,0,0,0,0.00,0 %,0.00,ACT,0.00,0,145
07/07/2025,RB389,DAM/RUH,C,12,0,0,0,0,0,12,0.00,0 %,0.00,ACT,0.00,0,12
07/07/2025,RB389,DAM/RUH,Y,148,0,0,0,0,0,114,0.00,0 %,0.00,ACT,0.00,0,148
07/07/2025,RB515,DAM/DXB,C,12,0,0,0,0,0,7,0.00,0 %,0.00,ACT,0.00,0,12
07/07/2025,RB515,DAM/DXB,Y,141,0,0,0,0,0,105,0.00,0 %,0.00,ACT,0.00,0,141
07/07/2025,RB443,DAM/IST,C,12,0,0,0,0,0,11,0.00,0 %,0.00,ACT,0.00,0,12
07/07/2025,RB443,DAM/IST,Y,141,0,0,0,0,0,94,0.00,0 %,0.00,ACT,0.00,0,141
07/07/2025,RB390,RUH/DAM,C,12,0,0,0,0,0,11,0.00,0 %,0.00,ACT,0.00,0,12
07/07/2025,RB390,RUH/DAM,Y,148,0,0,0,0,0,65,0.00,0 %,0.00,ACT,0.00,0,148
07/07/2025,RB444,IST/ALP,C,12,0,0,0,0,0,1,0.00,0 %,0.00,ACT,0.00,0,12
07/07/2025,RB444,IST/ALP,Y,141,0,0,0,0,0,6,0.00,0 %,0.00,ACT,0.00,0,141
07/07/2025,RB516,DXB/DAM,C,12,0,0,0,0,0,0,0.00,0 %,0.00,ACT,0.00,0,12
07/07/2025,RB516,DXB/DAM,Y,141,0,0,0,0,0,1,0.00,0 %,0.00,ACT,0.00,0,141
07/07/2025,RB0517,ALP/DXB,C,12,0,0,0,0,0,12,0.00,0 %,0.00,ACT,0.00,0,12
07/07/2025,RB0517,ALP/DXB,Y,141,0,0,0,0,0,119,0.00,0 %,0.00,ACT,0.00,0,141
07/07/2025,RB501,DAM/SHJ,C,12,0,0,0,0,0,12,0.00,0 %,0.00,ACT,0.00,0,12
07/07/2025,RB501,DAM/SHJ,Y,145,0,0,0,0,0,99,0.00,0 %,0.00,ACT,0.00,0,145
07/07/2025,RB518,DXB/ALP,C,12,0,0,0,0,0,1,0.00,0 %,0.00,ACT,0.00,0,12
07/07/2025,RB518,DXB/ALP,Y,141,0,0,0,0,0,0,0.00,0 %,0.00,ACT,0.00,0,141
07/07/2025,RB502,SHJ/DAM,C,12,0,0,0,0,0,1,0.00,0 %,0.00,ACT,0.00,0,12
07/07/2025,RB502,SHJ/DAM,Y,145,0,0,0,0,0,0,0.00,0 %,0.00,ACT,0.00,0,145
07/08/2025,RB445,ALP/IST,C,12,0,0,0,0,0,12,0.00,0 %,0.00,ACT,0.00,0,12
07/08/2025,RB445,ALP/IST,Y,141,0,0,0,0,0,91,0.00,0 %,0.00,ACT,0.00,0,141
07/08/2025,RB446,IST/DAM,C,12,0,0,0,0,0,2,0.00,0 %,0.00,ACT,0.00,0,12
07/08/2025,RB446,IST/DAM,Y,141,0,0,0,0,0,0,0.00,0 %,0.00,ACT,0.00,0,141
07/08/2025,RB515,DAM/DXB,C,12,0,0,0,0,0,6,0.00,0 %,0.00,ACT,0.00,0,12
07/08/2025,RB515,DAM/DXB,Y,141,0,0,0,0,0,112,0.00,0 %,0.00,ACT,0.00,0,141
07/08/2025,RB381,DAM/JED,C,12,0,0,0,0,0,12,0.00,0 %,0.00,ACT,0.00,0,12
07/08/2025,RB381,DAM/JED,Y,148,0,0,0,0,0,114,0.00,0 %,0.00,ACT,0.00,0,148
07/08/2025,RB341,DAM/KWI,C,12,0,0,0,0,0,12,0.00,0 %,0.00,ACT,0.00,0,12
07/08/2025,RB341,DAM/KWI,Y,148,0,0,0,0,0,122,0.00,0 %,0.00,ACT,0.00,0,148
07/08/2025,RB342,KWI/DAM,C,12,0,0,0,0,0,0,0.00,0 %,0.00,ACT,0.00,0,12
07/08/2025,RB342,KWI/DAM,Y,148,0,0,0,0,0,0,0.00,0 %,0.00,ACT,0.00,0,148
07/08/2025,RB382,JED/DAM,C,12,0,0,0,0,0,8,0.00,0 %,0.00,ACT,0.00,0,12
07/08/2025,RB382,JED/DAM,Y,148,0,0,0,0,0,89,0.00,0 %,0.00,ACT,0.00,0,148
07/08/2025,RB516,DXB/DAM,C,12,0,0,0,0,0,2,0.00,0 %,0.00,ACT,0.00,0,12
07/08/2025,RB516,DXB/DAM,Y,141,0,0,0,0,0,1,0.00,0 %,0.00,ACT,0.00,0,141
07/08/2025,RB503,DAM/AUH,C,12,0,0,0,0,0,12,0.00,0 %,0.00,ACT,0.00,0,12
07/08/2025,RB503,DAM/AUH,Y,148,0,0,0,0,0,76,0.00,0 %,0.00,ACT,0.00,0,148
07/08/2025,RB501,DAM/SHJ,C,12,0,0,0,0,0,11,0.00,0 %,0.00,ACT,0.00,0,12
07/08/2025,RB501,DAM/SHJ,Y,145,0,0,0,0,0,101,0.00,0 %,0.00,ACT,0.00,0,145
07/08/2025,RB443,DAM/IST,C,12,0,0,0,0,0,12,0.00,0 %,0.00,ACT,0.00,0,12
07/08/2025,RB443,DAM/IST,Y,141,0,0,0,0,0,101,0.00,0 %,0.00,ACT,0.00,0,141
07/08/2025,RB504,AUH/DAM,C,12,0,0,0,0,0,4,0.00,0 %,0.00,ACT,0.00,0,12
07/08/2025,RB504,AUH/DAM,Y,148,0,0,0,0,0,1,0.00,0 %,0.00,ACT,0.00,0,148
07/08/2025,RB444,IST/DAM,C,12,0,0,0,0,0,2,0.00,0 %,0.00,ACT,0.00,0,12
07/08/2025,RB444,IST/DAM,Y,141,0,0,0,0,0,0,0.00,0 %,0.00,ACT,0.00,0,141
07/08/2025,RB502,SHJ/DAM,C,12,0,0,0,0,0,0,0.00,0 %,0.00,ACT,0.00,0,12
07/08/2025,RB502,SHJ/DAM,Y,145,0,0,0,0,0,0,0.00,0 %,0.00,ACT,0.00,0,145
07/09/2025,RB505,DAM/SHJ,C,12,0,0,0,0,0,12,0.00,0 %,0.00,ACT,0.00,0,12
07/09/2025,RB505,DAM/SHJ,Y,145,0,0,0,0,0,134,0.00,0 %,0.00,ACT,0.00,0,145
07/09/2025,RB515,DAM/DXB,C,12,0,0,0,0,0,9,0.00,0 %,0.00,ACT,0.00,0,12
07/09/2025,RB515,DAM/DXB,Y,141,0,0,0,0,0,113,0.00,0 %,0.00,ACT,0.00,0,141
07/09/2025,RB389,DAM/RUH,C,12,0,0,0,0,0,12,0.00,0 %,0.00,ACT,0.00,0,12
07/09/2025,RB389,DAM/RUH,Y,148,0,0,0,0,0,116,0.00,0 %,0.00,ACT,0.00,0,148
07/09/2025,RB390,RUH/DAM,C,12,0,0,0,0,0,3,0.00,0 %,0.00,ACT,0.00,0,12
07/09/2025,RB390,RUH/DAM,Y,148,0,0,0,0,0,57,0.00,0 %,0.00,ACT,0.00,0,148
07/09/2025,RB506,SHJ/DAM,C,12,0,0,0,0,0,0,0.00,0 %,0.00,ACT,0.00,0,12
07/09/2025,RB506,SHJ/DAM,Y,145,0,0,0,0,0,0,0.00,0 %,0.00,ACT,0.00,0,145
07/09/2025,RB516,DXB/DAM,C,12,0,0,0,0,0,4,0.00,0 %,0.00,ACT,0.00,0,12
07/09/2025,RB516,DXB/DAM,Y,141,0,0,0,0,0,0,0.00,0 %,0.00,ACT,0.00,0,141
07/09/2025,RB521,DAM/DOH,C,12,0,0,0,0,0,9,0.00,0 %,0.00,ACT,0.00,0,12
07/09/2025,RB521,DAM/DOH,Y,148,0,0,0,0,0,37,0.00,0 %,0.00,ACT,0.00,0,148
07/09/2025,RB501,DAM/SHJ,C,12,0,0,0,0,0,11,0.00,0 %,0.00,ACT,0.00,0,12
07/09/2025,RB501,DAM/SHJ,Y,145,0,0,0,0,0,79,0.00,0 %,0.00,ACT,0.00,0,145
07/09/2025,RB443,DAM/IST,C,12,0,0,0,0,0,12,0.00,0 %,0.00,ACT,0.00,0,12
07/09/2025,RB443,DAM/IST,Y,141,0,0,0,0,0,116,0.00,0 %,0.00,ACT,0.00,0,141
07/09/2025,RB522,DOH/DAM,C,12,0,0,0,0,0,0,0.00,0 %,0.00,ACT,0.00,0,12
07/09/2025,RB522,DOH/DAM,Y,148,0,0,0,0,0,5,0.00,0 %,0.00,ACT,0.00,0,148
07/09/2025,RB444,IST/DAM,C,12,0,0,0,0,0,2,0.00,0 %,0.00,ACT,0.00,0,12
07/09/2025,RB444,IST/DAM,Y,141,0,0,0,0,0,0,0.00,0 %,0.00,ACT,0.00,0,141
07/09/2025,RB502,SHJ/DAM,C,12,0,0,0,0,0,0,0.00,0 %,0.00,ACT,0.00,0,12
07/09/2025,RB502,SHJ/DAM,Y,145,0,0,0,0,0,0,0.00,0 %,0.00,ACT,0.00,0,145
07/10/2025,RB505,DAM/SHJ,C,12,0,0,0,0,0,12,0.00,0 %,0.00,ACT,0.00,0,12
07/10/2025,RB505,DAM/SHJ,Y,145,0,0,0,0,0,133,0.00,0 %,0.00,ACT,0.00,0,145
07/10/2025,RB515,DAM/DXB,C,12,0,0,0,0,0,6,0.00,0 %,0.00,ACT,0.00,0,12
07/10/2025,RB515,DAM/DXB,Y,141,0,0,0,0,0,78,0.00,0 %,0.00,ACT,0.00,0,141
07/10/2025,RB527,DAM/DMM,C,12,0,0,0,0,0,11,0.00,0 %,0.00,ACT,0.00,0,12
07/10/2025,RB527,DAM/DMM,Y,148,0,0,0,0,0,99,0.00,0 %,0.00,ACT,0.00,0,148
07/10/2025,RB528,DMM/DAM,C,12,0,0,0,0,0,7,0.00,0 %,0.00,ACT,0.00,0,12
07/10/2025,RB528,DMM/DAM,Y,148,0,0,0,0,0,48,0.00,0 %,0.00,ACT,0.00,0,148
07/10/2025,RB506,SHJ/DAM,C,12,0,0,0,0,0,0,0.00,0 %,0.00,ACT,0.00,0,12
07/10/2025,RB506,SHJ/DAM,Y,145,0,0,0,0,0,1,0.00,0 %,0.00,ACT,0.00,0,145
07/10/2025,RB516,DXB/DAM,C,12,0,0,0,0,0,2,0.00,0 %,0.00,ACT,0.00,0,12
07/10/2025,RB516,DXB/DAM,Y,141,0,0,0,0,0,1,0.00,0 %,0.00,ACT,0.00,0,141
07/10/2025,RB381,DAM/JED,C,12,0,0,0,0,0,11,0.00,0 %,0.00,ACT,0.00,0,12
07/10/2025,RB381,DAM/JED,Y,148,0,0,0,0,0,96,0.00,0 %,0.00,ACT,0.00,0,148
07/10/2025,RB501,DAM/SHJ,C,12,0,0,0,0,0,8,0.00,0 %,0.00,ACT,0.00,0,12
07/10/2025,RB501,DAM/SHJ,Y,145,0,0,0,0,0,93,0.00,0 %,0.00,ACT,0.00,0,145
07/10/2025,RB341,DAM/KWI,C,12,0,0,0,0,0,8,0.00,0 %,0.00,ACT,0.00,0,12
07/10/2025,RB341,DAM/KWI,Y,141,0,0,0,0,0,56,0.00,0 %,0.00,ACT,0.00,0,141
07/10/2025,RB382,JED/DAM,C,12,0,0,0,0,0,8,0.00,0 %,0.00,ACT,0.00,0,12
07/10/2025,RB382,JED/DAM,Y,148,0,0,0,0,0,98,0.00,0 %,0.00,ACT,0.00,0,148
07/10/2025,RB342,KWI/DAM,C,12,0,0,0,0,0,0,0.00,0 %,0.00,ACT,0.00,0,12
07/10/2025,RB342,KWI/DAM,Y,141,0,0,0,0,0,0,0.00,0 %,0.00,ACT,0.00,0,141
07/10/2025,RB502,SHJ/DAM,C,12,0,0,0,0,0,1,0.00,0 %,0.00,ACT,0.00,0,12
07/10/2025,RB502,SHJ/DAM,Y,145,0,0,0,0,0,0,0.00,0 %,0.00,ACT,0.00,0,145
07/10/2025,RB445,DAM/IST,C,12,0,0,0,0,0,12,0.00,0 %,0.00,ACT,0.00,0,12
07/10/2025,RB445,DAM/IST,Y,141,0,0,0,0,0,125,0.00,0 %,0.00,ACT,0.00,0,141
07/11/2025,RB446,IST/DAM,C,12,0,0,0,0,0,4,0.00,0 %,0.00,ACT,0.00,0,12
07/11/2025,RB446,IST/DAM,Y,141,0,0,0,0,0,1,0.00,0 %,0.00,ACT,0.00,0,141
07/11/2025,RB505,DAM/SHJ,C,12,0,0,0,0,0,12,0.00,0 %,0.00,ACT,0.00,0,12
07/11/2025,RB505,DAM/SHJ,Y,145,0,0,0,0,0,133,0.00,0 %,0.00,ACT,0.00,0,145
07/11/2025,RB503,DAM/AUH,C,12,0,0,0,0,0,12,0.00,0 %,0.00,ACT,0.00,0,12
07/11/2025,RB503,DAM/AUH,Y,148,0,0,0,0,0,110,0.00,0 %,0.00,ACT,0.00,0,148
07/11/2025,RB515,DAM/DXB,C,12,0,0,0,0,0,9,0.00,0 %,0.00,ACT,0.00,0,12
07/11/2025,RB515,DAM/DXB,Y,141,0,0,0,0,0,112,0.00,0 %,0.00,ACT,0.00,0,141
07/11/2025,RB506,SHJ/DAM,C,12,0,0,0,0,0,0,0.00,0 %,0.00,ACT,0.00,0,12
07/11/2025,RB506,SHJ/DAM,Y,145,0,0,0,0,0,2,0.00,0 %,0.00,ACT,0.00,0,145
07/11/2025,RB504,AUH/DAM,C,12,0,0,0,0,0,0,0.00,0 %,0.00,ACT,0.00,0,12
07/11/2025,RB504,AUH/DAM,Y,148,0,0,0,0,0,0,0.00,0 %,0.00,ACT,0.00,0,148
07/11/2025,RB516,DXB/DAM,C,12,0,0,0,0,0,0,0.00,0 %,0.00,ACT,0.00,0,12
07/11/2025,RB516,DXB/DAM,Y,141,0,0,0,0,0,0,0.00,0 %,0.00,ACT,0.00,0,141
07/11/2025,RB501,DAM/SHJ,C,12,0,0,0,0,0,12,0.00,0 %,0.00,ACT,0.00,0,12
07/11/2025,RB501,DAM/SHJ,Y,145,0,0,0,0,0,89,0.00,0 %,0.00,ACT,0.00,0,145
07/11/2025,RB443,DAM/IST,C,12,0,0,0,0,0,7,0.00,0 %,0.00,ACT,0.00,0,12
07/11/2025,RB443,DAM/IST,Y,141,0,0,0,0,0,114,0.00,0 %,0.00,ACT,0.00,0,141
07/11/2025,RB389,DAM/RUH,C,12,0,0,0,0,0,10,0.00,0 %,0.00,ACT,0.00,0,12
07/11/2025,RB389,DAM/RUH,Y,148,0,0,0,0,0,50,0.00,0 %,0.00,ACT,0.00,0,148
07/11/2025,RB444,IST/DAM,C,12,0,0,0,0,0,2,0.00,0 %,0.00,ACT,0.00,0,12
07/11/2025,RB444,IST/DAM,Y,141,0,0,0,0,0,3,0.00,0 %,0.00,ACT,0.00,0,141
07/11/2025,RB502,SHJ/DAM,C,12,0,0,0,0,0,0,0.00,0 %,0.00,ACT,0.00,0,12
07/11/2025,RB502,SHJ/DAM,Y,145,0,0,0,0,0,0,0.00,0 %,0.00,ACT,0.00,0,145
07/11/2025,RB390,RUH/DAM,C,12,0,0,0,0,0,7,0.00,0 %,0.00,ACT,0.00,0,12
07/11/2025,RB390,RUH/DAM,Y,148,0,0,0,0,0,82,0.00,0 %,0.00,ACT,0.00,0,148
07/12/2025,RB505,DAM/SHJ,C,12,0,0,0,0,0,12,0.00,0 %,0.00,ACT,0.00,0,12
07/12/2025,RB505,DAM/SHJ,Y,145,0,0,0,0,0,134,0.00,0 %,0.00,ACT,0.00,0,145
07/12/2025,RB515,DAM/DXB,C,12,0,0,0,0,0,11,0.00,0 %,0.00,ACT,0.00,0,12
07/12/2025,RB515,DAM/DXB,Y,141,0,0,0,0,0,99,0.00,0 %,0.00,ACT,0.00,0,141
07/12/2025,RB389,DAM/RUH,C,12,0,0,0,0,0,10,0.00,0 %,0.00,ACT,0.00,0,12
07/12/2025,RB389,DAM/RUH,Y,148,0,0,0,0,0,112,0.00,0 %,0.00,ACT,0.00,0,148
07/12/2025,RB390,RUH/DAM,C,12,0,0,0,0,0,12,0.00,0 %,0.00,ACT,0.00,0,12
07/12/2025,RB390,RUH/DAM,Y,148,0,0,0,0,0,60,0.00,0 %,0.00,ACT,0.00,0,148
07/12/2025,RB506,SHJ/DAM,C,12,0,0,0,0,0,6,0.00,0 %,0.00,ACT,0.00,0,12
07/12/2025,RB506,SHJ/DAM,Y,145,0,0,0,0,0,2,0.00,0 %,0.00,ACT,0.00,0,145
07/12/2025,RB516,DXB/DAM,C,12,0,0,0,0,0,2,0.00,0 %,0.00,ACT,0.00,0,12
07/12/2025,RB516,DXB/DAM,Y,141,0,0,0,0,0,4,0.00,0 %,0.00,ACT,0.00,0,141
07/12/2025,RB521,DAM/DOH,C,12,0,0,0,0,0,11,0.00,0 %,0.00,ACT,0.00,0,12
07/12/2025,RB521,DAM/DOH,Y,148,0,0,0,0,0,55,0.00,0 %,0.00,ACT,0.00,0,148
07/12/2025,RB501,DAM/SHJ,C,12,0,0,0,0,0,12,0.00,0 %,0.00,ACT,0.00,0,12
07/12/2025,RB501,DAM/SHJ,Y,145,0,0,0,0,0,99,0.00,0 %,0.00,ACT,0.00,0,145
07/12/2025,RB341,DAM/KWI,C,12,0,0,0,0,0,11,0.00,0 %,0.00,ACT,0.00,0,12
07/12/2025,RB341,DAM/KWI,Y,141,0,0,0,0,0,53,0.00,0 %,0.00,ACT,0.00,0,141
07/12/2025,RB522,DOH/DAM,C,12,0,0,0,0,0,0,0.00,0 %,0.00,ACT,0.00,0,12
07/12/2025,RB522,DOH/DAM,Y,148,0,0,0,0,0,1,0.00,0 %,0.00,ACT,0.00,0,148
07/12/2025,RB342,KWI/DAM,C,12,0,0,0,0,0,0,0.00,0 %,0.00,ACT,0.00,0,12
07/12/2025,RB342,KWI/DAM,Y,141,0,0,0,0,0,0,0.00,0 %,0.00,ACT,0.00,0,141
07/12/2025,RB502,SHJ/DAM,C,12,0,0,0,0,0,5,0.00,0 %,0.00,ACT,0.00,0,12
07/12/2025,RB502,SHJ/DAM,Y,145,0,0,0,0,0,0,0.00,0 %,0.00,ACT,0.00,0,145
07/12/2025,RB445,DAM/IST,C,12,0,0,0,0,0,12,0.00,0 %,0.00,ACT,0.00,0,12
07/12/2025,RB445,DAM/IST,Y,141,0,0,0,0,0,121,0.00,0 %,0.00,ACT,0.00,0,141
07/13/2025,RB446,IST/DAM,C,12,0,0,0,0,0,1,0.00,0 %,0.00,ACT,0.00,0,12
07/13/2025,RB446,IST/DAM,Y,141,0,0,0,0,0,0,0.00,0 %,0.00,ACT,0.00,0,141
07/13/2025,RB505,DAM/SHJ,C,12,0,0,0,0,0,12,0.00,0 %,0.00,ACT,0.00,0,12
07/13/2025,RB505,DAM/SHJ,Y,138,0,0,0,0,0,110,0.00,0 %,0.00,ACT,0.00,0,138
07/13/2025,RB381,DAM/JED,C,12,0,0,0,0,0,9,0.00,0 %,0.00,ACT,0.00,0,12
07/13/2025,RB381,DAM/JED,Y,148,0,0,0,0,0,113,0.00,0 %,0.00,ACT,0.00,0,148
07/13/2025,RB515,DAM/DXB,C,12,0,0,0,0,0,9,0.00,0 %,0.00,ACT,0.00,0,12
07/13/2025,RB515,DAM/DXB,Y,145,0,0,0,0,0,97,0.00,0 %,0.00,ACT,0.00,0,145
07/13/2025,RB382,JED/DAM,C,12,0,0,0,0,0,12,0.00,0 %,0.00,ACT,0.00,0,12
07/13/2025,RB382,JED/DAM,Y,148,0,0,0,0,0,98,0.00,0 %,0.00,ACT,0.00,0,148
07/13/2025,RB506,SHJ/DAM,C,12,0,0,0,0,0,0,0.00,0 %,0.00,ACT,0.00,0,12
07/13/2025,RB506,SHJ/DAM,Y,138,0,0,0,0,0,6,0.00,0 %,0.00,ACT,0.00,0,138
07/13/2025,RB516,DXB/DAM,C,12,0,0,0,0,0,0,0.00,0 %,0.00,ACT,0.00,0,12
07/13/2025,RB516,DXB/DAM,Y,145,0,0,0,0,0,1,0.00,0 %,0.00,ACT,0.00,0,145
07/13/2025,RB443,DAM/IST,C,12,0,0,0,0,0,11,0.00,0 %,0.00,ACT,0.00,0,12
07/13/2025,RB443,DAM/IST,Y,141,0,0,0,0,0,100,0.00,0 %,0.00,ACT,0.00,0,141
07/13/2025,RB501,DAM/SHJ,C,12,0,0,0,0,0,10,0.00,0 %,0.00,ACT,0.00,0,12
07/13/2025,RB501,DAM/SHJ,Y,145,0,0,0,0,0,73,0.00,0 %,0.00,ACT,0.00,0,145
07/13/2025,RB444,IST/DAM,C,12,0,0,0,0,0,0,0.00,0 %,0.00,ACT,0.00,0,12
07/13/2025,RB444,IST/DAM,Y,141,0,0,0,0,0,0,0.00,0 %,0.00,ACT,0.00,0,141
07/13/2025,RB502,SHJ/DAM,C,12,0,0,0,0,0,0,0.00,0 %,0.00,ACT,0.00,0,12
07/13/2025,RB502,SHJ/DAM,Y,145,0,0,0,0,0,1,0.00,0 %,0.00,ACT,0.00,0,145
07/14/2025,RB389,DAM/RUH,C,12,0,0,0,0,0,6,0.00,0 %,0.00,ACT,0.00,0,12
07/14/2025,RB389,DAM/RUH,Y,148,0,0,0,0,0,111,0.00,0 %,0.00,ACT,0.00,0,148
07/14/2025,RB515,DAM/DXB,C,12,0,0,0,0,0,10,0.00,0 %,0.00,ACT,0.00,0,12
07/14/2025,RB515,DAM/DXB,Y,145,0,0,0,0,0,102,0.00,0 %,0.00,ACT,0.00,0,145
07/14/2025,RB443,DAM/IST,C,12,0,0,0,0,0,12,0.00,0 %,0.00,ACT,0.00,0,12
07/14/2025,RB443,DAM/IST,Y,141,0,0,0,0,0,122,0.00,0 %,0.00,ACT,0.00,0,141
07/14/2025,RB390,RUH/DAM,C,12,0,0,0,0,0,1,0.00,0 %,0.00,ACT,0.00,0,12
07/14/2025,RB390,RUH/DAM,Y,148,0,0,0,0,0,41,0.00,0 %,0.00,ACT,0.00,0,148
07/14/2025,RB444,IST/ALP,C,12,0,0,0,0,0,0,0.00,0 %,0.00,ACT,0.00,0,12
07/14/2025,RB444,IST/ALP,Y,141,0,0,0,0,0,9,0.00,0 %,0.00,ACT,0.00,0,141
07/14/2025,RB516,DXB/DAM,C,12,0,0,0,0,0,5,0.00,0 %,0.00,ACT,0.00,0,12
07/14/2025,RB516,DXB/DAM,Y,145,0,0,0,0,0,5,0.00,0 %,0.00,ACT,0.00,0,145
07/14/2025,RB517,ALP/DXB,C,12,0,0,0,0,0,10,0.00,0 %,0.00,ACT,0.00,0,12
07/14/2025,RB517,ALP/DXB,Y,141,0,0,0,0,0,94,0.00,0 %,0.00,ACT,0.00,0,141
07/14/2025,RB501,DAM/SHJ,C,12,0,0,0,0,0,10,0.00,0 %,0.00,ACT,0.00,0,12
07/14/2025,RB501,DAM/SHJ,Y,145,0,0,0,0,0,97,0.00,0 %,0.00,ACT,0.00,0,145
07/14/2025,RB521,DAM/DOH,C,12,0,0,0,0,0,8,0.00,0 %,0.00,ACT,0.00,0,12
07/14/2025,RB521,DAM/DOH,Y,148,0,0,0,0,0,95,0.00,0 %,0.00,ACT,0.00,0,148
07/14/2025,RB522,DOH/DAM,C,12,0,0,0,0,0,10,0.00,0 %,0.00,ACT,0.00,0,12
07/14/2025,RB522,DOH/DAM,Y,148,0,0,0,0,0,2,0.00,0 %,0.00,ACT,0.00,0,148
07/14/2025,RB518,DXB/ALP,C,12,0,0,0,0,0,1,0.00,0 %,0.00,ACT,0.00,0,12
07/14/2025,RB518,DXB/ALP,Y,141,0,0,0,0,0,1,0.00,0 %,0.00,ACT,0.00,0,141
07/14/2025,RB502,SHJ/DAM,C,12,0,0,0,0,0,6,0.00,0 %,0.00,ACT,0.00,0,12
07/14/2025,RB502,SHJ/DAM,Y,145,0,0,0,0,0,0,0.00,0 %,0.00,ACT,0.00,0,145
07/15/2025,RB445,ALP/IST,C,12,0,0,0,0,0,7,0.00,0 %,0.00,ACT,0.00,0,12
07/15/2025,RB445,ALP/IST,Y,141,0,0,0,0,0,62,0.00,0 %,0.00,ACT,0.00,0,141
07/15/2025,RB446,IST/DAM,C,12,0,0,0,0,0,4,0.00,0 %,0.00,ACT,0.00,0,12
07/15/2025,RB446,IST/DAM,Y,141,0,0,0,0,0,0,0.00,0 %,0.00,ACT,0.00,0,141
07/15/2025,RB515,DAM/DXB,C,12,0,0,0,0,0,12,0.00,0 %,0.00,ACT,0.00,0,12
07/15/2025,RB515,DAM/DXB,Y,145,0,0,0,0,0,114,0.00,0 %,0.00,ACT,0.00,0,145
07/15/2025,RB381,DAM/JED,C,12,0,0,0,0,0,9,0.00,0 %,0.00,ACT,0.00,0,12
07/15/2025,RB381,DAM/JED,Y,148,0,0,0,0,0,92,0.00,0 %,0.00,ACT,0.00,0,148
07/15/2025,RB341,DAM/KWI,C,12,0,0,0,0,0,12,0.00,0 %,0.00,ACT,0.00,0,12
07/15/2025,RB341,DAM/KWI,Y,148,0,0,0,0,0,127,0.00,0 %,0.00,ACT,0.00,0,148
07/15/2025,RB342,KWI/DAM,C,12,0,0,0,0,0,0,0.00,0 %,0.00,ACT,0.00,0,12
07/15/2025,RB342,KWI/DAM,Y,148,0,0,0,0,0,0,0.00,0 %,0.00,ACT,0.00,0,148
07/15/2025,RB382,JED/DAM,C,12,0,0,0,0,0,6,0.00,0 %,0.00,ACT,0.00,0,12
07/15/2025,RB382,JED/DAM,Y,148,0,0,0,0,0,111,0.00,0 %,0.00,ACT,0.00,0,148
07/15/2025,RB516,DXB/DAM,C,12,0,0,0,0,0,0,0.00,0 %,0.00,ACT,0.00,0,12
07/15/2025,RB516,DXB/DAM,Y,145,0,0,0,0,0,8,0.00,0 %,0.00,ACT,0.00,0,145
07/15/2025,RB503,DAM/AUH,C,12,0,0,0,0,0,12,0.00,0 %,0.00,ACT,0.00,0,12
07/15/2025,RB503,DAM/AUH,Y,148,0,0,0,0,0,80,0.00,0 %,0.00,ACT,0.00,0,148
07/15/2025,RB501,DAM/SHJ,C,12,0,0,0,0,0,10,0.00,0 %,0.00,ACT,0.00,0,12
07/15/2025,RB501,DAM/SHJ,Y,145,0,0,0,0,0,82,0.00,0 %,0.00,ACT,0.00,0,145
07/15/2025,RB443,DAM/IST,C,12,0,0,0,0,0,12,0.00,0 %,0.00,ACT,0.00,0,12
07/15/2025,RB443,DAM/IST,Y,141,0,0,0,0,0,114,0.00,0 %,0.00,ACT,0.00,0,141
07/15/2025,RB504,AUH/DAM,C,12,0,0,0,0,0,1,0.00,0 %,0.00,ACT,0.00,0,12
07/15/2025,RB504,AUH/DAM,Y,148,0,0,0,0,0,1,0.00,0 %,0.00,ACT,0.00,0,148
07/15/2025,RB444,IST/DAM,C,12,0,0,0,0,0,1,0.00,0 %,0.00,ACT,0.00,0,12
07/15/2025,RB444,IST/DAM,Y,141,0,0,0,0,0,1,0.00,0 %,0.00,ACT,0.00,0,141
07/15/2025,RB502,SHJ/DAM,C,12,0,0,0,0,0,9,0.00,0 %,0.00,ACT,0.00,0,12
07/15/2025,RB502,SHJ/DAM,Y,145,0,0,0,0,0,1,0.00,0 %,0.00,ACT,0.00,0,145
07/16/2025,RB505,DAM/SHJ,C,12,0,0,0,0,0,9,0.00,0 %,0.00,ACT,0.00,0,12
07/16/2025,RB505,DAM/SHJ,Y,145,0,0,0,0,0,129,0.00,0 %,0.00,ACT,0.00,0,145
07/16/2025,RB515,DAM/DXB,C,12,0,0,0,0,0,5,0.00,0 %,0.00,ACT,0.00,0,12
07/16/2025,RB515,DAM/DXB,Y,145,0,0,0,0,0,103,0.00,0 %,0.00,ACT,0.00,0,145
07/16/2025,RB389,DAM/RUH,C,12,0,0,0,0,0,12,0.00,0 %,0.00,ACT,0.00,0,12
07/16/2025,RB389,DAM/RUH,Y,148,0,0,0,0,0,121,0.00,0 %,0.00,ACT,0.00,0,148
07/16/2025,RB390,RUH/DAM,C,12,0,0,0,0,0,2,0.00,0 %,0.00,ACT,0.00,0,12
07/16/2025,RB390,RUH/DAM,Y,148,0,0,0,0,0,45,0.00,0 %,0.00,ACT,0.00,0,148
07/16/2025,RB506,SHJ/DAM,C,12,0,0,0,0,0,3,0.00,0 %,0.00,ACT,0.00,0,12
07/16/2025,RB506,SHJ/DAM,Y,145,0,0,0,0,0,2,0.00,0 %,0.00,ACT,0.00,0,145
07/16/2025,RB516,DXB/DAM,C,12,0,0,0,0,0,3,0.00,0 %,0.00,ACT,0.00,0,12
07/16/2025,RB516,DXB/DAM,Y,145,0,0,0,0,0,1,0.00,0 %,0.00,ACT,0.00,0,145
07/16/2025,RB521,DAM/DOH,C,12,0,0,0,0,0,8,0.00,0 %,0.00,ACT,0.00,0,12
07/16/2025,RB521,DAM/DOH,Y,148,0,0,0,0,0,58,0.00,0 %,0.00,ACT,0.00,0,148
07/16/2025,RB501,DAM/SHJ,C,12,0,0,0,0,0,6,0.00,0 %,0.00,ACT,0.00,0,12
07/16/2025,RB501,DAM/SHJ,Y,145,0,0,0,0,0,87,0.00,0 %,0.00,ACT,0.00,0,145
07/16/2025,RB443,DAM/IST,C,12,0,0,0,0,0,12,0.00,0 %,0.00,ACT,0.00,0,12
07/16/2025,RB443,DAM/IST,Y,141,0,0,0,0,0,93,0.00,0 %,0.00,ACT,0.00,0,141
07/16/2025,RB522,DOH/DAM,C,12,0,0,0,0,0,1,0.00,0 %,0.00,ACT,0.00,0,12
07/16/2025,RB522,DOH/DAM,Y,148,0,0,0,0,0,10,0.00,0 %,0.00,ACT,0.00,0,148
07/16/2025,RB444,IST/DAM,C,12,0,0,0,0,0,8,0.00,0 %,0.00,ACT,0.00,0,12
07/16/2025,RB444,IST/DAM,Y,141,0,0,0,0,0,0,0.00,0 %,0.00,ACT,0.00,0,141
07/16/2025,RB502,SHJ/DAM,C,12,0,0,0,0,0,10,0.00,0 %,0.00,ACT,0.00,0,12
07/16/2025,RB502,SHJ/DAM,Y,145,0,0,0,0,0,4,0.00,0 %,0.00,ACT,0.00,0,145
07/17/2025,RB505,DAM/SHJ,C,12,0,0,0,0,0,12,0.00,0 %,0.00,ACT,0.00,0,12
07/17/2025,RB505,DAM/SHJ,Y,145,0,0,0,0,0,122,0.00,0 %,0.00,ACT,0.00,0,145
07/17/2025,RB515,DAM/DXB,C,12,0,0,0,0,0,9,0.00,0 %,0.00,ACT,0.00,0,12
07/17/2025,RB515,DAM/DXB,Y,145,0,0,0,0,0,99,0.00,0 %,0.00,ACT,0.00,0,145
07/17/2025,RB527,DAM/DMM,C,12,0,0,0,0,0,10,0.00,0 %,0.00,ACT,0.00,0,12
07/17/2025,RB527,DAM/DMM,Y,148,0,0,0,0,0,95,0.00,0 %,0.00,ACT,0.00,0,148
07/17/2025,RB528,DMM/DAM,C,12,0,0,0,0,0,11,0.00,0 %,0.00,ACT,0.00,0,12
07/17/2025,RB528,DMM/DAM,Y,148,0,0,0,0,0,77,0.00,0 %,0.00,ACT,0.00,0,148
07/17/2025,RB506,SHJ/DAM,C,12,0,0,0,0,0,10,0.00,0 %,0.00,ACT,0.00,0,12
07/17/2025,RB506,SHJ/DAM,Y,145,0,0,0,0,0,6,0.00,0 %,0.00,ACT,0.00,0,145
07/17/2025,RB516,DXB/DAM,C,12,0,0,0,0,0,11,0.00,0 %,0.00,ACT,0.00,0,12
07/17/2025,RB516,DXB/DAM,Y,145,0,0,0,0,0,17,0.00,0 %,0.00,ACT,0.00,0,145
07/17/2025,RB381,DAM/JED,C,12,0,0,0,0,0,1,0.00,0 %,0.00,ACT,0.00,0,12
07/17/2025,RB381,DAM/JED,Y,148,0,0,0,0,0,119,0.00,0 %,0.00,ACT,0.00,0,148
07/17/2025,RB501,DAM/SHJ,C,12,0,0,0,0,0,3,0.00,0 %,0.00,ACT,0.00,0,12
07/17/2025,RB501,DAM/SHJ,Y,145,0,0,0,0,0,85,0.00,0 %,0.00,ACT,0.00,0,145
07/17/2025,RB341,DAM/KWI,C,12,0,0,0,0,0,10,0.00,0 %,0.00,ACT,0.00,0,12
07/17/2025,RB341,DAM/KWI,Y,141,0,0,0,0,0,68,0.00,0 %,0.00,ACT,0.00,0,141
07/17/2025,RB382,JED/DAM,C,12,0,0,0,0,0,11,0.00,0 %,0.00,ACT,0.00,0,12
07/17/2025,RB382,JED/DAM,Y,148,0,0,0,0,0,123,0.00,0 %,0.00,ACT,0.00,0,148
07/17/2025,RB342,KWI/DAM,C,12,0,0,0,0,0,2,0.00,0 %,0.00,ACT,0.00,0,12
07/17/2025,RB342,KWI/DAM,Y,141,0,0,0,0,0,8,0.00,0 %,0.00,ACT,0.00,0,141
07/17/2025,RB502,SHJ/DAM,C,12,0,0,0,0,0,12,0.00,0 %,0.00,ACT,0.00,0,12
07/17/2025,RB502,SHJ/DAM,Y,145,0,0,0,0,0,35,0.00,0 %,0.00,ACT,0.00,0,145
07/17/2025,RB445,DAM/IST,C,12,0,0,0,0,0,11,0.00,0 %,0.00,ACT,0.00,0,12
07/17/2025,RB445,DAM/IST,Y,141,0,0,0,0,0,122,0.00,0 %,0.00,ACT,0.00,0,141
07/18/2025,RB446,IST/DAM,C,12,0,0,0,0,0,7,0.00,0 %,0.00,ACT,0.00,0,12
07/18/2025,RB446,IST/DAM,Y,141,0,0,0,0,0,7,0.00,0 %,0.00,ACT,0.00,0,141
07/18/2025,RB505,DAM/SHJ,C,12,0,0,0,0,0,12,0.00,0 %,0.00,ACT,0.00,0,12
07/18/2025,RB505,DAM/SHJ,Y,145,0,0,0,0,0,128,0.00,0 %,0.00,ACT,0.00,0,145
07/18/2025,RB503,DAM/AUH,C,12,0,0,0,0,0,6,0.00,0 %,0.00,ACT,0.00,0,12
07/18/2025,RB503,DAM/AUH,Y,148,0,0,0,0,0,78,0.00,0 %,0.00,ACT,0.00,0,148
07/18/2025,RB515,DAM/DXB,C,12,0,0,0,0,0,11,0.00,0 %,0.00,ACT,0.00,0,12
07/18/2025,RB515,DAM/DXB,Y,145,0,0,0,0,0,89,0.00,0 %,0.00,ACT,0.00,0,145
07/18/2025,RB506,SHJ/DAM,C,12,0,0,0,0,0,1,0.00,0 %,0.00,ACT,0.00,0,12
07/18/2025,RB506,SHJ/DAM,Y,145,0,0,0,0,0,13,0.00,0 %,0.00,ACT,0.00,0,145
07/18/2025,RB504,AUH/DAM,C,12,0,0,0,0,0,5,0.00,0 %,0.00,ACT,0.00,0,12
07/18/2025,RB504,AUH/DAM,Y,148,0,0,0,0,0,7,0.00,0 %,0.00,ACT,0.00,0,148
07/18/2025,RB516,DXB/DAM,C,12,0,0,0,0,0,3,0.00,0 %,0.00,ACT,0.00,0,12
07/18/2025,RB516,DXB/DAM,Y,145,0,0,0,0,0,13,0.00,0 %,0.00,ACT,0.00,0,145
07/18/2025,RB501,DAM/SHJ,C,12,0,0,0,0,0,9,0.00,0 %,0.00,ACT,0.00,0,12
07/18/2025,RB501,DAM/SHJ,Y,145,0,0,0,0,0,64,0.00,0 %,0.00,ACT,0.00,0,145
07/18/2025,RB443,DAM/IST,C,12,0,0,0,0,0,10,0.00,0 %,0.00,ACT,0.00,0,12
07/18/2025,RB443,DAM/IST,Y,141,0,0,0,0,0,118,0.00,0 %,0.00,ACT,0.00,0,141
07/18/2025,RB389,DAM/RUH,C,12,0,0,0,0,0,4,0.00,0 %,0.00,ACT,0.00,0,12
07/18/2025,RB389,DAM/RUH,Y,148,0,0,0,0,0,35,0.00,0 %,0.00,ACT,0.00,0,148
07/18/2025,RB444,IST/DAM,C,12,0,0,0,0,0,2,0.00,0 %,0.00,ACT,0.00,0,12
07/18/2025,RB444,IST/DAM,Y,141,0,0,0,0,0,1,0.00,0 %,0.00,ACT,0.00,0,141
07/18/2025,RB502,SHJ/DAM,C,12,0,0,0,0,0,6,0.00,0 %,0.00,ACT,0.00,0,12
07/18/2025,RB502,SHJ/DAM,Y,145,0,0,0,0,0,34,0.00,0 %,0.00,ACT,0.00,0,145
07/18/2025,RB390,RUH/DAM,C,12,0,0,0,0,0,8,0.00,0 %,0.00,ACT,0.00,0,12
07/18/2025,RB390,RUH/DAM,Y,148,0,0,0,0,0,88,0.00,0 %,0.00,ACT,0.00,0,148
07/19/2025,RB505,DAM/SHJ,C,12,0,0,0,0,0,12,0.00,0 %,0.00,ACT,0.00,0,12
07/19/2025,RB505,DAM/SHJ,Y,145,0,0,0,0,0,128,0.00,0 %,0.00,ACT,0.00,0,145
07/19/2025,RB515,DAM/DXB,C,12,0,0,0,0,0,10,0.00,0 %,0.00,ACT,0.00,0,12
07/19/2025,RB515,DAM/DXB,Y,145,0,0,0,0,0,99,0.00,0 %,0.00,ACT,0.00,0,145
07/19/2025,RB389,DAM/RUH,C,12,0,0,0,0,0,7,0.00,0 %,0.00,ACT,0.00,0,12
07/19/2025,RB389,DAM/RUH,Y,148,0,0,0,0,0,117,0.00,0 %,0.00,ACT,0.00,0,148
07/19/2025,RB390,RUH/DAM,C,12,0,0,0,0,0,8,0.00,0 %,0.00,ACT,0.00,0,12
07/19/2025,RB390,RUH/DAM,Y,148,0,0,0,0,0,78,0.00,0 %,0.00,ACT,0.00,0,148
07/19/2025,RB506,SHJ/DAM,C,12,0,0,0,0,0,3,0.00,0 %,0.00,ACT,0.00,0,12
07/19/2025,RB506,SHJ/DAM,Y,145,0,0,0,0,0,33,0.00,0 %,0.00,ACT,0.00,0,145
07/19/2025,RB516,DXB/DAM,C,12,0,0,0,0,0,2,0.00,0 %,0.00,ACT,0.00,0,12
07/19/2025,RB516,DXB/DAM,Y,145,0,0,0,0,0,13,0.00,0 %,0.00,ACT,0.00,0,145
07/19/2025,RB521,DAM/DOH,C,12,0,0,0,0,0,12,0.00,0 %,0.00,ACT,0.00,0,12
07/19/2025,RB521,DAM/DOH,Y,148,0,0,0,0,0,50,0.00,0 %,0.00,ACT,0.00,0,148
07/19/2025,RB501,DAM/SHJ,C,12,0,0,0,0,0,6,0.00,0 %,0.00,ACT,0.00,0,12
07/19/2025,RB501,DAM/SHJ,Y,145,0,0,0,0,0,80,0.00,0 %,0.00,ACT,0.00,0,145
07/19/2025,RB341,DAM/KWI,C,12,0,0,0,0,0,11,0.00,0 %,0.00,ACT,0.00,0,12
07/19/2025,RB341,DAM/KWI,Y,141,0,0,0,0,0,75,0.00,0 %,0.00,ACT,0.00,0,141
07/19/2025,RB522,DOH/DAM,C,12,0,0,0,0,0,2,0.00,0 %,0.00,ACT,0.00,0,12
07/19/2025,RB522,DOH/DAM,Y,148,0,0,0,0,0,12,0.00,0 %,0.00,ACT,0.00,0,148
07/19/2025,RB342,KWI/DAM,C,12,0,0,0,0,0,4,0.00,0 %,0.00,ACT,0.00,0,12
07/19/2025,RB342,KWI/DAM,Y,141,0,0,0,0,0,12,0.00,0 %,0.00,ACT,0.00,0,141
07/19/2025,RB502,SHJ/DAM,C,12,0,0,0,0,0,11,0.00,0 %,0.00,ACT,0.00,0,12
07/19/2025,RB502,SHJ/DAM,Y,145,0,0,0,0,0,52,0.00,0 %,0.00,ACT,0.00,0,145
07/19/2025,RB445,DAM/IST,C,12,0,0,0,0,0,10,0.00,0 %,0.00,ACT,0.00,0,12
07/19/2025,RB445,DAM/IST,Y,141,0,0,0,0,0,135,0.00,0 %,0.00,ACT,0.00,0,141
07/20/2025,RB446,IST/DAM,C,12,0,0,0,0,0,6,0.00,0 %,0.00,ACT,0.00,0,12
07/20/2025,RB446,IST/DAM,Y,141,0,0,0,0,0,5,0.00,0 %,0.00,ACT,0.00,0,141
07/20/2025,RB505,DAM/SHJ,C,12,0,0,0,0,0,11,0.00,0 %,0.00,ACT,0.00,0,12
07/20/2025,RB505,DAM/SHJ,Y,138,0,0,0,0,0,108,0.00,0 %,0.00,ACT,0.00,0,138
07/20/2025,RB381,DAM/JED,C,12,0,0,0,0,0,5,0.00,0 %,0.00,ACT,0.00,0,12
07/20/2025,RB381,DAM/JED,Y,148,0,0,0,0,0,134,0.00,0 %,0.00,ACT,0.00,0,148
07/20/2025,RB515,DAM/DXB,C,12,0,0,0,0,0,4,0.00,0 %,0.00,ACT,0.00,0,12
07/20/2025,RB515,DAM/DXB,Y,145,0,0,0,0,0,67,0.00,0 %,0.00,ACT,0.00,0,145
07/20/2025,RB382,JED/DAM,C,12,0,0,0,0,0,10,0.00,0 %,0.00,ACT,0.00,0,12
07/20/2025,RB382,JED/DAM,Y,148,0,0,0,0,0,118,0.00,0 %,0.00,ACT,0.00,0,148
07/20/2025,RB506,SHJ/DAM,C,12,0,0,0,0,0,9,0.00,0 %,0.00,ACT,0.00,0,12
07/20/2025,RB506,SHJ/DAM,Y,138,0,0,0,0,0,34,0.00,0 %,0.00,ACT,0.00,0,138
07/20/2025,RB516,DXB/DAM,C,12,0,0,0,0,0,4,0.00,0 %,0.00,ACT,0.00,0,12
07/20/2025,RB516,DXB/DAM,Y,145,0,0,0,0,0,12,0.00,0 %,0.00,ACT,0.00,0,145
07/20/2025,RB443,DAM/IST,C,12,0,0,0,0,0,11,0.00,0 %,0.00,ACT,0.00,0,12
07/20/2025,RB443,DAM/IST,Y,141,0,0,0,0,0,103,0.00,0 %,0.00,ACT,0.00,0,141
07/20/2025,RB501,DAM/SHJ,C,12,0,0,0,0,0,3,0.00,0 %,0.00,ACT,0.00,0,12
07/20/2025,RB501,DAM/SHJ,Y,145,0,0,0,0,0,58,0.00,0 %,0.00,ACT,0.00,0,145
07/20/2025,RB444,IST/DAM,C,12,0,0,0,0,0,0,0.00,0 %,0.00,ACT,0.00,0,12
07/20/2025,RB444,IST/DAM,Y,141,0,0,0,0,0,1,0.00,0 %,0.00,ACT,0.00,0,141
07/20/2025,RB502,SHJ/DAM,C,12,0,0,0,0,0,12,0.00,0 %,0.00,ACT,0.00,0,12
07/20/2025,RB502,SHJ/DAM,Y,145,0,0,0,0,0,52,0.00,0 %,0.00,ACT,0.00,0,145
07/21/2025,RB389,DAM/RUH,C,12,0,0,0,0,0,9,0.00,0 %,0.00,ACT,0.00,0,12
07/21/2025,RB389,DAM/RUH,Y,148,0,0,0,0,0,112,0.00,0 %,0.00,ACT,0.00,0,148
07/21/2025,RB515,DAM/DXB,C,12,0,0,0,0,0,8,0.00,0 %,0.00,ACT,0.00,0,12
07/21/2025,RB515,DAM/DXB,Y,145,0,0,0,0,0,97,0.00,0 %,0.00,ACT,0.00,0,145
07/21/2025,RB443,DAM/IST,C,12,0,0,0,0,0,12,0.00,0 %,0.00,ACT,0.00,0,12
07/21/2025,RB443,DAM/IST,Y,141,0,0,0,0,0,121,0.00,0 %,0.00,ACT,0.00,0,141
07/21/2025,RB390,RUH/DAM,C,12,0,0,0,0,0,9,0.00,0 %,0.00,ACT,0.00,0,12
07/21/2025,RB390,RUH/DAM,Y,148,0,0,0,0,0,78,0.00,0 %,0.00,ACT,0.00,0,148
07/21/2025,RB444,IST/ALP,C,12,0,0,0,0,0,0,0.00,0 %,0.00,ACT,0.00,0,12
07/21/2025,RB444,IST/ALP,Y,141,0,0,0,0,0,4,0.00,0 %,0.00,ACT,0.00,0,141
07/21/2025,RB516,DXB/DAM,C,12,0,0,0,0,0,6,0.00,0 %,0.00,ACT,0.00,0,12
07/21/2025,RB516,DXB/DAM,Y,145,0,0,0,0,0,52,0.00,0 %,0.00,ACT,0.00,0,145
07/21/2025,RB517,ALP/DXB,C,12,0,0,0,0,0,8,0.00,0 %,0.00,ACT,0.00,0,12
07/21/2025,RB517,ALP/DXB,Y,141,0,0,0,0,0,66,0.00,0 %,0.00,ACT,0.00,0,141
07/21/2025,RB501,DAM/SHJ,C,12,0,0,0,0,0,9,0.00,0 %,0.00,ACT,0.00,0,12
07/21/2025,RB501,DAM/SHJ,Y,145,0,0,0,0,0,76,0.00,0 %,0.00,ACT,0.00,0,145
07/21/2025,RB521,DAM/DOH,C,12,0,0,0,0,0,10,0.00,0 %,0.00,ACT,0.00,0,12
07/21/2025,RB521,DAM/DOH,Y,148,0,0,0,0,0,91,0.00,0 %,0.00,ACT,0.00,0,148
07/21/2025,RB522,DOH/DAM,C,12,0,0,0,0,0,10,0.00,0 %,0.00,ACT,0.00,0,12
07/21/2025,RB522,DOH/DAM,Y,148,0,0,0,0,0,7,0.00,0 %,0.00,ACT,0.00,0,148
07/21/2025,RB518,DXB/ALP,C,12,0,0,0,0,0,0,0.00,0 %,0.00,ACT,0.00,0,12
07/21/2025,RB518,DXB/ALP,Y,141,0,0,0,0,0,1,0.00,0 %,0.00,ACT,0.00,0,141
07/21/2025,RB502,SHJ/DAM,C,12,0,0,0,0,0,12,0.00,0 %,0.00,ACT,0.00,0,12
07/21/2025,RB502,SHJ/DAM,Y,145,0,0,0,0,0,52,0.00,0 %,0.00,ACT,0.00,0,145
07/22/2025,RB445,ALP/IST,C,12,0,0,0,0,0,8,0.00,0 %,0.00,ACT,0.00,0,12
07/22/2025,RB445,ALP/IST,Y,141,0,0,0,0,0,43,0.00,0 %,0.00,ACT,0.00,0,141
07/22/2025,RB446,IST/DAM,C,12,0,0,0,0,0,6,0.00,0 %,0.00,ACT,0.00,0,12
07/22/2025,RB446,IST/DAM,Y,141,0,0,0,0,0,0,0.00,0 %,0.00,ACT,0.00,0,141
07/22/2025,RB515,DAM/DXB,C,12,0,0,0,0,0,8,0.00,0 %,0.00,ACT,0.00,0,12
07/22/2025,RB515,DAM/DXB,Y,145,0,0,0,0,0,105,0.00,0 %,0.00,ACT,0.00,0,145
07/22/2025,RB341,DAM/KWI,C,12,0,0,0,0,0,12,0.00,0 %,0.00,ACT,0.00,0,12
07/22/2025,RB341,DAM/KWI,Y,148,0,0,0,0,0,135,0.00,0 %,0.00,ACT,0.00,0,148
07/22/2025,RB342,KWI/DAM,C,12,0,0,0,0,0,11,0.00,0 %,0.00,ACT,0.00,0,12
07/22/2025,RB342,KWI/DAM,Y,148,0,0,0,0,0,15,0.00,0 %,0.00,ACT,0.00,0,148
07/22/2025,RB516,DXB/DAM,C,12,0,0,0,0,0,3,0.00,0 %,0.00,ACT,0.00,0,12
07/22/2025,RB516,DXB/DAM,Y,145,0,0,0,0,0,50,0.00,0 %,0.00,ACT,0.00,0,145
07/22/2025,RB503,DAM/AUH,C,12,0,0,0,0,0,5,0.00,0 %,0.00,ACT,0.00,0,12
07/22/2025,RB503,DAM/AUH,Y,148,0,0,0,0,0,83,0.00,0 %,0.00,ACT,0.00,0,148
07/22/2025,RB501,DAM/SHJ,C,12,0,0,0,0,0,0,0.00,0 %,0.00,ACT,0.00,0,12
07/22/2025,RB501,DAM/SHJ,Y,145,0,0,0,0,0,78,0.00,0 %,0.00,ACT,0.00,0,145
07/22/2025,RB443,DAM/IST,C,12,0,0,0,0,0,4,0.00,0 %,0.00,ACT,0.00,0,12
07/22/2025,RB443,DAM/IST,Y,141,0,0,0,0,0,108,0.00,0 %,0.00,ACT,0.00,0,141
07/22/2025,RB504,AUH/DAM,C,12,0,0,0,0,0,8,0.00,0 %,0.00,ACT,0.00,0,12
07/22/2025,RB504,AUH/DAM,Y,148,0,0,0,0,0,29,0.00,0 %,0.00,ACT,0.00,0,148
07/22/2025,RB444,IST/DAM,C,12,0,0,0,0,0,1,0.00,0 %,0.00,ACT,0.00,0,12
07/22/2025,RB444,IST/DAM,Y,141,0,0,0,0,0,0,0.00,0 %,0.00,ACT,0.00,0,141
07/22/2025,RB502,SHJ/DAM,C,12,0,0,0,0,0,11,0.00,0 %,0.00,ACT,0.00,0,12
07/22/2025,RB502,SHJ/DAM,Y,145,0,0,0,0,0,65,0.00,0 %,0.00,ACT,0.00,0,145
07/23/2025,RB505,DAM/SHJ,C,12,0,0,0,0,0,12,0.00,0 %,0.00,ACT,0.00,0,12
07/23/2025,RB505,DAM/SHJ,Y,145,0,0,0,0,0,118,0.00,0 %,0.00,ACT,0.00,0,145
07/23/2025,RB515,DAM/DXB,C,12,0,0,0,0,0,10,0.00,0 %,0.00,ACT,0.00,0,12
07/23/2025,RB515,DAM/DXB,Y,145,0,0,0,0,0,110,0.00,0 %,0.00,ACT,0.00,0,145
07/23/2025,RB389,DAM/RUH,C,12,0,0,0,0,0,8,0.00,0 %,0.00,ACT,0.00,0,12
07/23/2025,RB389,DAM/RUH,Y,148,0,0,0,0,0,104,0.00,0 %,0.00,ACT,0.00,0,148
07/23/2025,RB390,RUH/DAM,C,12,0,0,0,0,0,4,0.00,0 %,0.00,ACT,0.00,0,12
07/23/2025,RB390,RUH/DAM,Y,148,0,0,0,0,0,76,0.00,0 %,0.00,ACT,0.00,0,148
07/23/2025,RB506,SHJ/DAM,C,12,0,0,0,0,0,12,0.00,0 %,0.00,ACT,0.00,0,12
07/23/2025,RB506,SHJ/DAM,Y,145,0,0,0,0,0,50,0.00,0 %,0.00,ACT,0.00,0,145
07/23/2025,RB516,DXB/DAM,C,12,0,0,0,0,0,8,0.00,0 %,0.00,ACT,0.00,0,12
07/23/2025,RB516,DXB/DAM,Y,145,0,0,0,0,0,42,0.00,0 %,0.00,ACT,0.00,0,145
07/23/2025,RB521,DAM/DOH,C,12,0,0,0,0,0,3,0.00,0 %,0.00,ACT,0.00,0,12
07/23/2025,RB521,DAM/DOH,Y,148,0,0,0,0,0,47,0.00,0 %,0.00,ACT,0.00,0,148
07/23/2025,RB501,DAM/SHJ,C,12,0,0,0,0,0,12,0.00,0 %,0.00,ACT,0.00,0,12
07/23/2025,RB501,DAM/SHJ,Y,145,0,0,0,0,0,75,0.00,0 %,0.00,ACT,0.00,0,145
07/23/2025,RB443,DAM/IST,C,12,0,0,0,0,0,8,0.00,0 %,0.00,ACT,0.00,0,12
07/23/2025,RB443,DAM/IST,Y,141,0,0,0,0,0,111,0.00,0 %,0.00,ACT,0.00,0,141
07/23/2025,RB522,DOH/DAM,C,12,0,0,0,0,0,8,0.00,0 %,0.00,ACT,0.00,0,12
07/23/2025,RB522,DOH/DAM,Y,148,0,0,0,0,0,17,0.00,0 %,0.00,ACT,0.00,0,148
07/23/2025,RB444,IST/DAM,C,12,0,0,0,0,0,0,0.00,0 %,0.00,ACT,0.00,0,12
07/23/2025,RB444,IST/DAM,Y,141,0,0,0,0,0,0,0.00,0 %,0.00,ACT,0.00,0,141
07/23/2025,RB502,SHJ/DAM,C,12,0,0,0,0,0,12,0.00,0 %,0.00,ACT,0.00,0,12
07/23/2025,RB502,SHJ/DAM,Y,145,0,0,0,0,0,75,0.00,0 %,0.00,ACT,0.00,0,145
07/24/2025,RB505,DAM/SHJ,C,12,0,0,0,0,0,12,0.00,0 %,0.00,ACT,0.00,0,12
07/24/2025,RB505,DAM/SHJ,Y,145,0,0,0,0,0,119,0.00,0 %,0.00,ACT,0.00,0,145
07/24/2025,RB515,DAM/DXB,C,12,0,0,0,0,0,12,0.00,0 %,0.00,ACT,0.00,0,12
07/24/2025,RB515,DAM/DXB,Y,145,0,0,0,0,0,105,0.00,0 %,0.00,ACT,0.00,0,145
07/24/2025,RB527,DAM/DMM,C,12,0,0,0,0,0,0,0.00,0 %,0.00,ACT,0.00,0,12
07/24/2025,RB527,DAM/DMM,Y,148,0,0,0,0,0,89,0.00,0 %,0.00,ACT,0.00,0,148
07/24/2025,RB528,DMM/DAM,C,12,0,0,0,0,0,10,0.00,0 %,0.00,ACT,0.00,0,12
07/24/2025,RB528,DMM/DAM,Y,148,0,0,0,0,0,70,0.00,0 %,0.00,ACT,0.00,0,148
07/24/2025,RB506,SHJ/DAM,C,12,0,0,0,0,0,6,0.00,0 %,0.00,ACT,0.00,0,12
07/24/2025,RB506,SHJ/DAM,Y,145,0,0,0,0,0,47,0.00,0 %,0.00,ACT,0.00,0,145
07/24/2025,RB516,DXB/DAM,C,12,0,0,0,0,0,11,0.00,0 %,0.00,ACT,0.00,0,12
07/24/2025,RB516,DXB/DAM,Y,145,0,0,0,0,0,48,0.00,0 %,0.00,ACT,0.00,0,145
07/24/2025,RB381,DAM/JED,C,12,0,0,0,0,0,1,0.00,0 %,0.00,ACT,0.00,0,12
07/24/2025,RB381,DAM/JED,Y,148,0,0,0,0,0,78,0.00,0 %,0.00,ACT,0.00,0,148
07/24/2025,RB501,DAM/SHJ,C,12,0,0,0,0,0,12,0.00,0 %,0.00,ACT,0.00,0,12
07/24/2025,RB501,DAM/SHJ,Y,145,0,0,0,0,0,78,0.00,0 %,0.00,ACT,0.00,0,145
07/24/2025,RB341,DAM/KWI,C,12,0,0,0,0,0,10,0.00,0 %,0.00,ACT,0.00,0,12
07/24/2025,RB341,DAM/KWI,Y,141,0,0,0,0,0,105,0.00,0 %,0.00,ACT,0.00,0,141
07/24/2025,RB382,JED/DAM,C,12,0,0,0,0,0,10,0.00,0 %,0.00,ACT,0.00,0,12
07/24/2025,RB382,JED/DAM,Y,148,0,0,0,0,0,110,0.00,0 %,0.00,ACT,0.00,0,148
07/24/2025,RB342,KWI/DAM,C,12,0,0,0,0,0,9,0.00,0 %,0.00,ACT,0.00,0,12
07/24/2025,RB342,KWI/DAM,Y,141,0,0,0,0,0,104,0.00,0 %,0.00,ACT,0.00,0,141
07/24/2025,RB502,SHJ/DAM,C,12,0,0,0,0,0,11,0.00,0 %,0.00,ACT,0.00,0,12
07/24/2025,RB502,SHJ/DAM,Y,145,0,0,0,0,0,69,0.00,0 %,0.00,ACT,0.00,0,145
07/24/2025,RB445,DAM/IST,C,12,0,0,0,0,0,5,0.00,0 %,0.00,ACT,0.00,0,12
07/24/2025,RB445,DAM/IST,Y,141,0,0,0,0,0,128,0.00,0 %,0.00,ACT,0.00,0,141
07/25/2025,RB446,IST/DAM,C,12,0,0,0,0,0,8,0.00,0 %,0.00,ACT,0.00,0,12
07/25/2025,RB446,IST/DAM,Y,141,0,0,0,0,0,6,0.00,0 %,0.00,ACT,0.00,0,141
07/25/2025,RB505,DAM/SHJ,C,12,0,0,0,0,0,12,0.00,0 %,0.00,ACT,0.00,0,12
07/25/2025,RB505,DAM/SHJ,Y,145,0,0,0,0,0,114,0.00,0 %,0.00,ACT,0.00,0,145
07/25/2025,RB503,DAM/AUH,C,12,0,0,0,0,0,12,0.00,0 %,0.00,ACT,0.00,0,12
07/25/2025,RB503,DAM/AUH,Y,148,0,0,0,0,0,86,0.00,0 %,0.00,ACT,0.00,0,148
07/25/2025,RB515,DAM/DXB,C,12,0,0,0,0,0,6,0.00,0 %,0.00,ACT,0.00,0,12
07/25/2025,RB515,DAM/DXB,Y,145,0,0,0,0,0,57,0.00,0 %,0.00,ACT,0.00,0,145
07/25/2025,RB506,SHJ/DAM,C,12,0,0,0,0,0,7,0.00,0 %,0.00,ACT,0.00,0,12
07/25/2025,RB506,SHJ/DAM,Y,145,0,0,0,0,0,43,0.00,0 %,0.00,ACT,0.00,0,145
07/25/2025,RB504,AUH/DAM,C,12,0,0,0,0,0,6,0.00,0 %,0.00,ACT,0.00,0,12
07/25/2025,RB504,AUH/DAM,Y,148,0,0,0,0,0,22,0.00,0 %,0.00,ACT,0.00,0,148
07/25/2025,RB516,DXB/DAM,C,12,0,0,0,0,0,5,0.00,0 %,0.00,ACT,0.00,0,12
07/25/2025,RB516,DXB/DAM,Y,145,0,0,0,0,0,42,0.00,0 %,0.00,ACT,0.00,0,145
07/25/2025,RB501,DAM/SHJ,C,12,0,0,0,0,0,11,0.00,0 %,0.00,ACT,0.00,0,12
07/25/2025,RB501,DAM/SHJ,Y,145,0,0,0,0,0,58,0.00,0 %,0.00,ACT,0.00,0,145
07/25/2025,RB443,DAM/IST,C,12,0,0,0,0,0,10,0.00,0 %,0.00,ACT,0.00,0,12
07/25/2025,RB443,DAM/IST,Y,141,0,0,0,0,0,39,0.00,0 %,0.00,ACT,0.00,0,141
07/25/2025,RB389,DAM/RUH,C,12,0,0,0,0,0,7,0.00,0 %,0.00,ACT,0.00,0,12
07/25/2025,RB389,DAM/RUH,Y,148,0,0,0,0,0,9,0.00,0 %,0.00,ACT,0.00,0,148
07/25/2025,RB444,IST/DAM,C,12,0,0,0,0,0,8,0.00,0 %,0.00,ACT,0.00,0,12
07/25/2025,RB444,IST/DAM,Y,141,0,0,0,0,0,0,0.00,0 %,0.00,ACT,0.00,0,141
07/25/2025,RB502,SHJ/DAM,C,12,0,0,0,0,0,11,0.00,0 %,0.00,ACT,0.00,0,12
07/25/2025,RB502,SHJ/DAM,Y,145,0,0,0,0,0,74,0.00,0 %,0.00,ACT,0.00,0,145
07/25/2025,RB390,RUH/DAM,C,12,0,0,0,0,0,5,0.00,0 %,0.00,ACT,0.00,0,12
07/25/2025,RB390,RUH/DAM,Y,148,0,0,0,0,0,91,0.00,0 %,0.00,ACT,0.00,0,148
07/26/2025,RB505,DAM/SHJ,C,12,0,0,0,0,0,12,0.00,0 %,0.00,ACT,0.00,0,12
07/26/2025,RB505,DAM/SHJ,Y,145,0,0,0,0,0,105,0.00,0 %,0.00,ACT,0.00,0,145
07/26/2025,RB515,DAM/DXB,C,12,0,0,0,0,0,6,0.00,0 %,0.00,ACT,0.00,0,12
07/26/2025,RB515,DAM/DXB,Y,145,0,0,0,0,0,87,0.00,0 %,0.00,ACT,0.00,0,145
07/26/2025,RB389,DAM/RUH,C,12,0,0,0,0,0,0,0.00,0 %,0.00,ACT,0.00,0,12
07/26/2025,RB389,DAM/RUH,Y,148,0,0,0,0,0,97,0.00,0 %,0.00,ACT,0.00,0,148
07/26/2025,RB390,RUH/DAM,C,12,0,0,0,0,0,12,0.00,0 %,0.00,ACT,0.00,0,12
07/26/2025,RB390,RUH/DAM,Y,148,0,0,0,0,0,91,0.00,0 %,0.00,ACT,0.00,0,148
07/26/2025,RB506,SHJ/DAM,C,12,0,0,0,0,0,10,0.00,0 %,0.00,ACT,0.00,0,12
07/26/2025,RB506,SHJ/DAM,Y,145,0,0,0,0,0,73,0.00,0 %,0.00,ACT,0.00,0,145
07/26/2025,RB516,DXB/DAM,C,12,0,0,0,0,0,3,0.00,0 %,0.00,ACT,0.00,0,12
07/26/2025,RB516,DXB/DAM,Y,145,0,0,0,0,0,58,0.00,0 %,0.00,ACT,0.00,0,145
07/26/2025,RB521,DAM/DOH,C,12,0,0,0,0,0,7,0.00,0 %,0.00,ACT,0.00,0,12
07/26/2025,RB521,DAM/DOH,Y,148,0,0,0,0,0,61,0.00,0 %,0.00,ACT,0.00,0,148
07/26/2025,RB501,DAM/SHJ,C,12,0,0,0,0,0,11,0.00,0 %,0.00,ACT,0.00,0,12
07/26/2025,RB501,DAM/SHJ,Y,145,0,0,0,0,0,40,0.00,0 %,0.00,ACT,0.00,0,145
07/26/2025,RB341,DAM/KWI,C,12,0,0,0,0,0,9,0.00,0 %,0.00,ACT,0.00,0,12
07/26/2025,RB341,DAM/KWI,Y,141,0,0,0,0,0,75,0.00,0 %,0.00,ACT,0.00,0,141
07/26/2025,RB522,DOH/DAM,C,12,0,0,0,0,0,1,0.00,0 %,0.00,ACT,0.00,0,12
07/26/2025,RB522,DOH/DAM,Y,148,0,0,0,0,0,22,0.00,0 %,0.00,ACT,0.00,0,148
07/26/2025,RB342,KWI/DAM,C,12,0,0,0,0,0,9,0.00,0 %,0.00,ACT,0.00,0,12
07/26/2025,RB342,KWI/DAM,Y,141,0,0,0,0,0,35,0.00,0 %,0.00,ACT,0.00,0,141
07/26/2025,RB502,SHJ/DAM,C,12,0,0,0,0,0,12,0.00,0 %,0.00,ACT,0.00,0,12
07/26/2025,RB502,SHJ/DAM,Y,145,0,0,0,0,0,87,0.00,0 %,0.00,ACT,0.00,0,145
07/26/2025,RB445,DAM/IST,C,12,0,0,0,0,0,12,0.00,0 %,0.00,ACT,0.00,0,12
07/26/2025,RB445,DAM/IST,Y,141,0,0,0,0,0,112,0.00,0 %,0.00,ACT,0.00,0,141
07/27/2025,RB446,IST/DAM,C,12,0,0,0,0,0,0,0.00,0 %,0.00,ACT,0.00,0,12
07/27/2025,RB446,IST/DAM,Y,141,0,0,0,0,0,4,0.00,0 %,0.00,ACT,0.00,0,141
07/27/2025,RB505,DAM/SHJ,C,12,0,0,0,0,0,12,0.00,0 %,0.00,ACT,0.00,0,12
07/27/2025,RB505,DAM/SHJ,Y,138,0,0,0,0,0,64,0.00,0 %,0.00,ACT,0.00,0,138
07/27/2025,RB381,DAM/JED,C,12,0,0,0,0,0,11,0.00,0 %,0.00,ACT,0.00,0,12
07/27/2025,RB381,DAM/JED,Y,148,0,0,0,0,0,122,0.00,0 %,0.00,ACT,0.00,0,148
07/27/2025,RB515,DAM/DXB,C,12,0,0,0,0,0,0,0.00,0 %,0.00,ACT,0.00,0,12
07/27/2025,RB515,DAM/DXB,Y,145,0,0,0,0,0,42,0.00,0 %,0.00,ACT,0.00,0,145
07/27/2025,RB382,JED/DAM,C,12,0,0,0,0,0,5,0.00,0 %,0.00,ACT,0.00,0,12
07/27/2025,RB382,JED/DAM,Y,148,0,0,0,0,0,109,0.00,0 %,0.00,ACT,0.00,0,148
07/27/2025,RB506,SHJ/DAM,C,12,0,0,0,0,0,8,0.00,0 %,0.00,ACT,0.00,0,12
07/27/2025,RB506,SHJ/DAM,Y,138,0,0,0,0,0,43,0.00,0 %,0.00,ACT,0.00,0,138
07/27/2025,RB516,DXB/DAM,C,12,0,0,0,0,0,1,0.00,0 %,0.00,ACT,0.00,0,12
07/27/2025,RB516,DXB/DAM,Y,145,0,0,0,0,0,47,0.00,0 %,0.00,ACT,0.00,0,145
07/27/2025,RB443,DAM/IST,C,12,0,0,0,0,0,9,0.00,0 %,0.00,ACT,0.00,0,12
07/27/2025,RB443,DAM/IST,Y,141,0,0,0,0,0,85,0.00,0 %,0.00,ACT,0.00,0,141
07/27/2025,RB501,DAM/SHJ,C,12,0,0,0,0,0,8,0.00,0 %,0.00,ACT,0.00,0,12
07/27/2025,RB501,DAM/SHJ,Y,145,0,0,0,0,0,54,0.00,0 %,0.00,ACT,0.00,0,145
07/27/2025,RB444,IST/DAM,C,12,0,0,0,0,0,0,0.00,0 %,0.00,ACT,0.00,0,12
07/27/2025,RB444,IST/DAM,Y,141,0,0,0,0,0,3,0.00,0 %,0.00,ACT,0.00,0,141
07/27/2025,RB502,SHJ/DAM,C,12,0,0,0,0,0,11,0.00,0 %,0.00,ACT,0.00,0,12
07/27/2025,RB502,SHJ/DAM,Y,145,0,0,0,0,0,91,0.00,0 %,0.00,ACT,0.00,0,145
07/28/2025,RB389,DAM/RUH,C,12,0,0,0,0,0,7,0.00,0 %,0.00,ACT,0.00,0,12
07/28/2025,RB389,DAM/RUH,Y,148,0,0,0,0,0,98,0.00,0 %,0.00,ACT,0.00,0,148
07/28/2025,RB515,DAM/DXB,C,12,0,0,0,0,0,10,0.00,0 %,0.00,ACT,0.00,0,12
07/28/2025,RB515,DAM/DXB,Y,145,0,0,0,0,0,82,0.00,0 %,0.00,ACT,0.00,0,145
07/28/2025,RB443,DAM/IST,C,12,0,0,0,0,0,12,0.00,0 %,0.00,ACT,0.00,0,12
07/28/2025,RB443,DAM/IST,Y,141,0,0,0,0,0,97,0.00,0 %,0.00,ACT,0.00,0,141
07/28/2025,RB390,RUH/DAM,C,12,0,0,0,0,0,5,0.00,0 %,0.00,ACT,0.00,0,12
07/28/2025,RB390,RUH/DAM,Y,148,0,0,0,0,0,95,0.00,0 %,0.00,ACT,0.00,0,148
07/28/2025,RB444,IST/ALP,C,12,0,0,0,0,0,2,0.00,0 %,0.00,ACT,0.00,0,12
07/28/2025,RB444,IST/ALP,Y,141,0,0,0,0,0,2,0.00,0 %,0.00,ACT,0.00,0,141
07/28/2025,RB516,DXB/DAM,C,12,0,0,0,0,0,8,0.00,0 %,0.00,ACT,0.00,0,12
07/28/2025,RB516,DXB/DAM,Y,145,0,0,0,0,0,48,0.00,0 %,0.00,ACT,0.00,0,145
07/28/2025,RB517,ALP/DXB,C,12,0,0,0,0,0,9,0.00,0 %,0.00,ACT,0.00,0,12
07/28/2025,RB517,ALP/DXB,Y,141,0,0,0,0,0,18,0.00,0 %,0.00,ACT,0.00,0,141
07/28/2025,RB501,DAM/SHJ,C,12,0,0,0,0,0,7,0.00,0 %,0.00,ACT,0.00,0,12
07/28/2025,RB501,DAM/SHJ,Y,145,0,0,0,0,0,46,0.00,0 %,0.00,ACT,0.00,0,145
07/28/2025,RB521,DAM/DOH,C,12,0,0,0,0,0,11,0.00,0 %,0.00,ACT,0.00,0,12
07/28/2025,RB521,DAM/DOH,Y,148,0,0,0,0,0,81,0.00,0 %,0.00,ACT,0.00,0,148
07/28/2025,RB522,DOH/DAM,C,12,0,0,0,0,0,10,0.00,0 %,0.00,ACT,0.00,0,12
07/28/2025,RB522,DOH/DAM,Y,148,0,0,0,0,0,14,0.00,0 %,0.00,ACT,0.00,0,148
07/28/2025,RB518,DXB/ALP,C,12,0,0,0,0,0,7,0.00,0 %,0.00,ACT,0.00,0,12
07/28/2025,RB518,DXB/ALP,Y,141,0,0,0,0,0,5,0.00,0 %,0.00,ACT,0.00,0,141
07/28/2025,RB502,SHJ/DAM,C,12,0,0,0,0,0,12,0.00,0 %,0.00,ACT,0.00,0,12
07/28/2025,RB502,SHJ/DAM,Y,145,0,0,0,0,0,92,0.00,0 %,0.00,ACT,0.00,0,145
07/29/2025,RB445,ALP/IST,C,12,0,0,0,0,0,11,0.00,0 %,0.00,ACT,0.00,0,12
07/29/2025,RB445,ALP/IST,Y,141,0,0,0,0,0,51,0.00,0 %,0.00,ACT,0.00,0,141
07/29/2025,RB446,IST/DAM,C,12,0,0,0,0,0,10,0.00,0 %,0.00,ACT,0.00,0,12
07/29/2025,RB446,IST/DAM,Y,141,0,0,0,0,0,33,0.00,0 %,0.00,ACT,0.00,0,141
07/29/2025,RB515,DAM/DXB,C,12,0,0,0,0,0,10,0.00,0 %,0.00,ACT,0.00,0,12
07/29/2025,RB515,DAM/DXB,Y,145,0,0,0,0,0,74,0.00,0 %,0.00,ACT,0.00,0,145
07/29/2025,RB516,DXB/DAM,C,12,0,0,0,0,0,8,0.00,0 %,0.00,ACT,0.00,0,12
07/29/2025,RB516,DXB/DAM,Y,145,0,0,0,0,0,88,0.00,0 %,0.00,ACT,0.00,0,145
07/29/2025,RB503,DAM/AUH,C,12,0,0,0,0,0,10,0.00,0 %,0.00,ACT,0.00,0,12
07/29/2025,RB503,DAM/AUH,Y,148,0,0,0,0,0,51,0.00,0 %,0.00,ACT,0.00,0,148
07/29/2025,RB501,DAM/SHJ,C,12,0,0,0,0,0,4,0.00,0 %,0.00,ACT,0.00,0,12
07/29/2025,RB501,DAM/SHJ,Y,145,0,0,0,0,0,21,0.00,0 %,0.00,ACT,0.00,0,145
07/29/2025,RB443,DAM/IST,C,12,0,0,0,0,0,12,0.00,0 %,0.00,ACT,0.00,0,12
07/29/2025,RB443,DAM/IST,Y,141,0,0,0,0,0,101,0.00,0 %,0.00,ACT,0.00,0,141
07/29/2025,RB504,AUH/DAM,C,12,0,0,0,0,0,9,0.00,0 %,0.00,ACT,0.00,0,12
07/29/2025,RB504,AUH/DAM,Y,148,0,0,0,0,0,67,0.00,0 %,0.00,ACT,0.00,0,148
07/29/2025,RB444,IST/DAM,C,12,0,0,0,0,0,10,0.00,0 %,0.00,ACT,0.00,0,12
07/29/2025,RB444,IST/DAM,Y,141,0,0,0,0,0,40,0.00,0 %,0.00,ACT,0.00,0,141
07/29/2025,RB502,SHJ/DAM,C,12,0,0,0,0,0,12,0.00,0 %,0.00,ACT,0.00,0,12
07/29/2025,RB502,SHJ/DAM,Y,145,0,0,0,0,0,82,0.00,0 %,0.00,ACT,0.00,0,145
07/30/2025,RB505,DAM/SHJ,C,12,0,0,0,0,0,12,0.00,0 %,0.00,ACT,0.00,0,12
07/30/2025,RB505,DAM/SHJ,Y,145,0,0,0,0,0,65,0.00,0 %,0.00,ACT,0.00,0,145
07/30/2025,RB515,DAM/DXB,C,12,0,0,0,0,0,6,0.00,0 %,0.00,ACT,0.00,0,12
07/30/2025,RB515,DAM/DXB,Y,145,0,0,0,0,0,58,0.00,0 %,0.00,ACT,0.00,0,145
07/30/2025,RB389,DAM/RUH,C,12,0,0,0,0,0,3,0.00,0 %,0.00,ACT,0.00,0,12
07/30/2025,RB389,DAM/RUH,Y,148,0,0,0,0,0,81,0.00,0 %,0.00,ACT,0.00,0,148
07/30/2025,RB390,RUH/DAM,C,12,0,0,0,0,0,6,0.00,0 %,0.00,ACT,0.00,0,12
07/30/2025,RB390,RUH/DAM,Y,148,0,0,0,0,0,66,0.00,0 %,0.00,ACT,0.00,0,148
07/30/2025,RB506,SHJ/DAM,C,12,0,0,0,0,0,10,0.00,0 %,0.00,ACT,0.00,0,12
07/30/2025,RB506,SHJ/DAM,Y,145,0,0,0,0,0,70,0.00,0 %,0.00,ACT,0.00,0,145
07/30/2025,RB516,DXB/DAM,C,12,0,0,0,0,0,5,0.00,0 %,0.00,ACT,0.00,0,12
07/30/2025,RB516,DXB/DAM,Y,145,0,0,0,0,0,59,0.00,0 %,0.00,ACT,0.00,0,145
07/30/2025,RB521,DAM/DOH,C,12,0,0,0,0,0,12,0.00,0 %,0.00,ACT,0.00,0,12
07/30/2025,RB521,DAM/DOH,Y,148,0,0,0,0,0,22,0.00,0 %,0.00,ACT,0.00,0,148
07/30/2025,RB501,DAM/SHJ,C,12,0,0,0,0,0,10,0.00,0 %,0.00,ACT,0.00,0,12
07/30/2025,RB501,DAM/SHJ,Y,145,0,0,0,0,0,14,0.00,0 %,0.00,ACT,0.00,0,145
07/30/2025,RB443,DAM/IST,C,12,0,0,0,0,0,11,0.00,0 %,0.00,ACT,0.00,0,12
07/30/2025,RB443,DAM/IST,Y,141,0,0,0,0,0,30,0.00,0 %,0.00,ACT,0.00,0,141
07/30/2025,RB522,DOH/DAM,C,12,0,0,0,0,0,6,0.00,0 %,0.00,ACT,0.00,0,12
07/30/2025,RB522,DOH/DAM,Y,148,0,0,0,0,0,41,0.00,0 %,0.00,ACT,0.00,0,148
07/30/2025,RB444,IST/DAM,C,12,0,0,0,0,0,9,0.00,0 %,0.00,ACT,0.00,0,12
07/30/2025,RB444,IST/DAM,Y,141,0,0,0,0,0,0,0.00,0 %,0.00,ACT,0.00,0,141
07/30/2025,RB502,SHJ/DAM,C,12,0,0,0,0,0,12,0.00,0 %,0.00,ACT,0.00,0,12
07/30/2025,RB502,SHJ/DAM,Y,145,0,0,0,0,0,96,0.00,0 %,0.00,ACT,0.00,0,145
07/31/2025,RB505,DAM/SHJ,C,12,0,0,0,0,0,12,0.00,0 %,0.00,ACT,0.00,0,12
07/31/2025,RB505,DAM/SHJ,Y,145,0,0,0,0,0,58,0.00,0 %,0.00,ACT,0.00,0,145
07/31/2025,RB515,DAM/DXB,C,12,0,0,0,0,0,10,0.00,0 %,0.00,ACT,0.00,0,12
07/31/2025,RB515,DAM/DXB,Y,145,0,0,0,0,0,43,0.00,0 %,0.00,ACT,0.00,0,145
07/31/2025,RB527,DAM/DMM,C,12,0,0,0,0,0,12,0.00,0 %,0.00,ACT,0.00,0,12
07/31/2025,RB527,DAM/DMM,Y,148,0,0,0,0,0,56,0.00,0 %,0.00,ACT,0.00,0,148
07/31/2025,RB528,DMM/DAM,C,12,0,0,0,0,0,8,0.00,0 %,0.00,ACT,0.00,0,12
07/31/2025,RB528,DMM/DAM,Y,148,0,0,0,0,0,73,0.00,0 %,0.00,ACT,0.00,0,148
07/31/2025,RB506,SHJ/DAM,C,12,0,0,0,0,0,12,0.00,0 %,0.00,ACT,0.00,0,12
07/31/2025,RB506,SHJ/DAM,Y,145,0,0,0,0,0,64,0.00,0 %,0.00,ACT,0.00,0,145
07/31/2025,RB516,DXB/DAM,C,12,0,0,0,0,0,1,0.00,0 %,0.00,ACT,0.00,0,12
07/31/2025,RB516,DXB/DAM,Y,145,0,0,0,0,0,53,0.00,0 %,0.00,ACT,0.00,0,145
07/31/2025,RB381,DAM/JED,C,12,0,0,0,0,0,2,0.00,0 %,0.00,ACT,0.00,0,12
07/31/2025,RB381,DAM/JED,Y,148,0,0,0,0,0,81,0.00,0 %,0.00,ACT,0.00,0,148
07/31/2025,RB501,DAM/SHJ,C,12,0,0,0,0,0,11,0.00,0 %,0.00,ACT,0.00,0,12
07/31/2025,RB501,DAM/SHJ,Y,145,0,0,0,0,0,24,0.00,0 %,0.00,ACT,0.00,0,145
07/31/2025,RB341,DAM/KWI,C,12,0,0,0,0,0,10,0.00,0 %,0.00,ACT,0.00,0,12
07/31/2025,RB341,DAM/KWI,Y,141,0,0,0,0,0,24,0.00,0 %,0.00,ACT,0.00,0,141
07/31/2025,RB382,JED/DAM,C,12,0,0,0,0,0,4,0.00,0 %,0.00,ACT,0.00,0,12
07/31/2025,RB382,JED/DAM,Y,148,0,0,0,0,0,112,0.00,0 %,0.00,ACT,0.00,0,148
07/31/2025,RB342,KWI/DAM,C,12,0,0,0,0,0,10,0.00,0 %,0.00,ACT,0.00,0,12
07/31/2025,RB342,KWI/DAM,Y,141,0,0,0,0,0,33,0.00,0 %,0.00,ACT,0.00,0,141
07/31/2025,RB502,SHJ/DAM,C,12,0,0,0,0,0,8,0.00,0 %,0.00,ACT,0.00,0,12
07/31/2025,RB502,SHJ/DAM,Y,145,0,0,0,0,0,87,0.00,0 %,0.00,ACT,0.00,0,145
07/31/2025,RB445,DAM/IST,C,12,0,0,0,0,0,12,0.00,0 %,0.00,ACT,0.00,0,12
07/31/2025,RB445,DAM/IST,Y,141,0,0,0,0,0,88,0.00,0 %,0.00,ACT,0.00,0,141
08/01/2025,RB446,IST/DAM,C,12,0,0,0,0,0,11,0.00,0 %,0.00,ACT,0.00,0,12
08/01/2025,RB446,IST/DAM,Y,141,0,0,0,0,0,26,0.00,0 %,0.00,ACT,0.00,0,141
08/01/2025,RB505,DAM/SHJ,C,12,0,0,0,0,0,12,0.00,0 %,0.00,ACT,0.00,0,12
08/01/2025,RB505,DAM/SHJ,Y,145,0,0,0,0,0,77,0.00,0 %,0.00,ACT,0.00,0,145
08/01/2025,RB503,DAM/AUH,C,12,0,0,0,0,0,8,0.00,0 %,0.00,ACT,0.00,0,12
08/01/2025,RB503,DAM/AUH,Y,148,0,0,0,0,0,67,0.00,0 %,0.00,ACT,0.00,0,148
08/01/2025,RB515,DAM/DXB,C,12,0,0,0,0,0,7,0.00,0 %,0.00,ACT,0.00,0,12
08/01/2025,RB515,DAM/DXB,Y,145,0,0,0,0,0,48,0.00,0 %,0.00,ACT,0.00,0,145
08/01/2025,RB506,SHJ/DAM,C,12,0,0,0,0,0,0,0.00,0 %,0.00,ACT,0.00,0,12
08/01/2025,RB506,SHJ/DAM,Y,145,0,0,0,0,0,43,0.00,0 %,0.00,ACT,0.00,0,145
08/01/2025,RB504,AUH/DAM,C,12,0,0,0,0,0,3,0.00,0 %,0.00,ACT,0.00,0,12
08/01/2025,RB504,AUH/DAM,Y,148,0,0,0,0,0,33,0.00,0 %,0.00,ACT,0.00,0,148
08/01/2025,RB516,DXB/DAM,C,12,0,0,0,0,0,1,0.00,0 %,0.00,ACT,0.00,0,12
08/01/2025,RB516,DXB/DAM,Y,145,0,0,0,0,0,28,0.00,0 %,0.00,ACT,0.00,0,145
08/01/2025,RB501,DAM/SHJ,C,12,0,0,0,0,0,4,0.00,0 %,0.00,ACT,0.00,0,12
08/01/2025,RB501,DAM/SHJ,Y,145,0,0,0,0,0,63,0.00,0 %,0.00,ACT,0.00,0,145
08/01/2025,RB443,DAM/IST,C,12,0,0,0,0,0,9,0.00,0 %,0.00,ACT,0.00,0,12
08/01/2025,RB443,DAM/IST,Y,141,0,0,0,0,0,72,0.00,0 %,0.00,ACT,0.00,0,141
08/01/2025,RB389,DAM/RUH,C,12,0,0,0,0,0,2,0.00,0 %,0.00,ACT,0.00,0,12
08/01/2025,RB389,DAM/RUH,Y,148,0,0,0,0,0,2,0.00,0 %,0.00,ACT,0.00,0,148
08/01/2025,RB444,IST/DAM,C,12,0,0,0,0,0,8,0.00,0 %,0.00,ACT,0.00,0,12
08/01/2025,RB444,IST/DAM,Y,141,0,0,0,0,0,1,0.00,0 %,0.00,ACT,0.00,0,141
08/01/2025,RB502,SHJ/DAM,C,12,0,0,0,0,0,12,0.00,0 %,0.00,ACT,0.00,0,12
08/01/2025,RB502,SHJ/DAM,Y,145,0,0,0,0,0,70,0.00,0 %,0.00,ACT,0.00,0,145
08/01/2025,RB390,RUH/DAM,C,12,0,0,0,0,0,1,0.00,0 %,0.00,ACT,0.00,0,12
08/01/2025,RB390,RUH/DAM,Y,148,0,0,0,0,0,104,0.00,0 %,0.00,ACT,0.00,0,148
08/02/2025,RB505,DAM/SHJ,C,12,0,0,0,0,0,12,0.00,0 %,0.00,ACT,0.00,0,12
08/02/2025,RB505,DAM/SHJ,Y,145,0,0,0,0,0,72,0.00,0 %,0.00,ACT,0.00,0,145
08/02/2025,RB515,DAM/DXB,C,12,0,0,0,0,0,7,0.00,0 %,0.00,ACT,0.00,0,12
08/02/2025,RB515,DAM/DXB,Y,145,0,0,0,0,0,71,0.00,0 %,0.00,ACT,0.00,0,145
08/02/2025,RB389,DAM/RUH,C,12,0,0,0,0,0,8,0.00,0 %,0.00,ACT,0.00,0,12
08/02/2025,RB389,DAM/RUH,Y,148,0,0,0,0,0,18,0.00,0 %,0.00,ACT,0.00,0,148
08/02/2025,RB390,RUH/DAM,C,12,0,0,0,0,0,9,0.00,0 %,0.00,ACT,0.00,0,12
08/02/2025,RB390,RUH/DAM,Y,148,0,0,0,0,0,80,0.00,0 %,0.00,ACT,0.00,0,148
08/02/2025,RB506,SHJ/DAM,C,12,0,0,0,0,0,12,0.00,0 %,0.00,ACT,0.00,0,12
08/02/2025,RB506,SHJ/DAM,Y,145,0,0,0,0,0,63,0.00,0 %,0.00,ACT,0.00,0,145
08/02/2025,RB516,DXB/DAM,C,12,0,0,0,0,0,2,0.00,0 %,0.00,ACT,0.00,0,12
08/02/2025,RB516,DXB/DAM,Y,145,0,0,0,0,0,30,0.00,0 %,0.00,ACT,0.00,0,145
08/02/2025,RB521,DAM/DOH,C,12,0,0,0,0,0,12,0.00,0 %,0.00,ACT,0.00,0,12
08/02/2025,RB521,DAM/DOH,Y,148,0,0,0,0,0,7,0.00,0 %,0.00,ACT,0.00,0,148
08/02/2025,RB501,DAM/SHJ,C,12,0,0,0,0,0,9,0.00,0 %,0.00,ACT,0.00,0,12
08/02/2025,RB501,DAM/SHJ,Y,145,0,0,0,0,0,40,0.00,0 %,0.00,ACT,0.00,0,145
08/02/2025,RB341,DAM/KWI,C,12,0,0,0,0,0,8,0.00,0 %,0.00,ACT,0.00,0,12
08/02/2025,RB341,DAM/KWI,Y,141,0,0,0,0,0,49,0.00,0 %,0.00,ACT,0.00,0,141
08/02/2025,RB522,DOH/DAM,C,12,0,0,0,0,0,10,0.00,0 %,0.00,ACT,0.00,0,12
08/02/2025,RB522,DOH/DAM,Y,148,0,0,0,0,0,27,0.00,0 %,0.00,ACT,0.00,0,148
08/02/2025,RB342,KWI/DAM,C,12,0,0,0,0,0,4,0.00,0 %,0.00,ACT,0.00,0,12
08/02/2025,RB342,KWI/DAM,Y,141,0,0,0,0,0,2,0.00,0 %,0.00,ACT,0.00,0,141
08/02/2025,RB502,SHJ/DAM,C,12,0,0,0,0,0,11,0.00,0 %,0.00,ACT,0.00,0,12
08/02/2025,RB502,SHJ/DAM,Y,145,0,0,0,0,0,99,0.00,0 %,0.00,ACT,0.00,0,145
08/02/2025,RB445,DAM/IST,C,12,0,0,0,0,0,8,0.00,0 %,0.00,ACT,0.00,0,12
08/02/2025,RB445,DAM/IST,Y,141,0,0,0,0,0,115,0.00,0 %,0.00,ACT,0.00,0,141
08/03/2025,RB446,IST/DAM,C,12,0,0,0,0,0,12,0.00,0 %,0.00,ACT,0.00,0,12
08/03/2025,RB446,IST/DAM,Y,141,0,0,0,0,0,66,0.00,0 %,0.00,ACT,0.00,0,141
08/03/2025,RB505,DAM/SHJ,C,12,0,0,0,0,0,12,0.00,0 %,0.00,ACT,0.00,0,12
08/03/2025,RB505,DAM/SHJ,Y,138,0,0,0,0,0,52,0.00,0 %,0.00,ACT,0.00,0,138
08/03/2025,RB381,DAM/JED,C,12,0,0,0,0,0,12,0.00,0 %,0.00,ACT,0.00,0,12
08/03/2025,RB381,DAM/JED,Y,148,0,0,0,0,0,118,0.00,0 %,0.00,ACT,0.00,0,148
08/03/2025,RB515,DAM/DXB,C,12,0,0,0,0,0,1,0.00,0 %,0.00,ACT,0.00,0,12
08/03/2025,RB515,DAM/DXB,Y,145,0,0,0,0,0,42,0.00,0 %,0.00,ACT,0.00,0,145
08/03/2025,RB382,JED/DAM,C,12,0,0,0,0,0,7,0.00,0 %,0.00,ACT,0.00,0,12
08/03/2025,RB382,JED/DAM,Y,148,0,0,0,0,0,109,0.00,0 %,0.00,ACT,0.00,0,148
08/03/2025,RB506,SHJ/DAM,C,12,0,0,0,0,0,9,0.00,0 %,0.00,ACT,0.00,0,12
08/03/2025,RB506,SHJ/DAM,Y,138,0,0,0,0,0,50,0.00,0 %,0.00,ACT,0.00,0,138
08/03/2025,RB516,DXB/DAM,C,12,0,0,0,0,0,4,0.00,0 %,0.00,ACT,0.00,0,12
08/03/2025,RB516,DXB/DAM,Y,145,0,0,0,0,0,51,0.00,0 %,0.00,ACT,0.00,0,145
08/03/2025,RB443,DAM/IST,C,12,0,0,0,0,0,8,0.00,0 %,0.00,ACT,0.00,0,12
08/03/2025,RB443,DAM/IST,Y,141,0,0,0,0,0,62,0.00,0 %,0.00,ACT,0.00,0,141
08/03/2025,RB501,DAM/SHJ,C,12,0,0,0,0,0,11,0.00,0 %,0.00,ACT,0.00,0,12
08/03/2025,RB501,DAM/SHJ,Y,145,0,0,0,0,0,22,0.00,0 %,0.00,ACT,0.00,0,145
08/03/2025,RB444,IST/DAM,C,12,0,0,0,0,0,11,0.00,0 %,0.00,ACT,0.00,0,12
08/03/2025,RB444,IST/DAM,Y,141,0,0,0,0,0,31,0.00,0 %,0.00,ACT,0.00,0,141
08/03/2025,RB502,SHJ/DAM,C,12,0,0,0,0,0,12,0.00,0 %,0.00,ACT,0.00,0,12
08/03/2025,RB502,SHJ/DAM,Y,145,0,0,0,0,0,104,0.00,0 %,0.00,ACT,0.00,0,145
08/04/2025,RB389,DAM/RUH,C,12,0,0,0,0,0,10,0.00,0 %,0.00,ACT,0.00,0,12
08/04/2025,RB389,DAM/RUH,Y,148,0,0,0,0,0,47,0.00,0 %,0.00,ACT,0.00,0,148
08/04/2025,RB443,DAM/IST,C,12,0,0,0,0,0,12,0.00,0 %,0.00,ACT,0.00,0,12
08/04/2025,RB443,DAM/IST,Y,141,0,0,0,0,0,116,0.00,0 %,0.00,ACT,0.00,0,141
08/04/2025,RB515,DAM/DXB,C,12,0,0,0,0,0,9,0.00,0 %,0.00,ACT,0.00,0,12
08/04/2025,RB515,DAM/DXB,Y,145,0,0,0,0,0,84,0.00,0 %,0.00,ACT,0.00,0,145
08/04/2025,RB390,RUH/DAM,C,12,0,0,0,0,0,9,0.00,0 %,0.00,ACT,0.00,0,12
08/04/2025,RB390,RUH/DAM,Y,148,0,0,0,0,0,101,0.00,0 %,0.00,ACT,0.00,0,148
08/04/2025,RB444,IST/ALP,C,12,0,0,0,0,0,8,0.00,0 %,0.00,ACT,0.00,0,12
08/04/2025,RB444,IST/ALP,Y,141,0,0,0,0,0,6,0.00,0 %,0.00,ACT,0.00,0,141
08/04/2025,RB517,ALP/DXB,C,12,0,0,0,0,0,6,0.00,0 %,0.00,ACT,0.00,0,12
08/04/2025,RB517,ALP/DXB,Y,141,0,0,0,0,0,8,0.00,0 %,0.00,ACT,0.00,0,141
08/04/2025,RB516,DXB/DAM,C,12,0,0,0,0,0,8,0.00,0 %,0.00,ACT,0.00,0,12
08/04/2025,RB516,DXB/DAM,Y,145,0,0,0,0,0,76,0.00,0 %,0.00,ACT,0.00,0,145
08/04/2025,RB501,DAM/SHJ,C,12,0,0,0,0,0,8,0.00,0 %,0.00,ACT,0.00,0,12
08/04/2025,RB501,DAM/SHJ,Y,145,0,0,0,0,0,34,0.00,0 %,0.00,ACT,0.00,0,145
08/04/2025,RB521,DAM/DOH,C,12,0,0,0,0,0,11,0.00,0 %,0.00,ACT,0.00,0,12
08/04/2025,RB521,DAM/DOH,Y,148,0,0,0,0,0,73,0.00,0 %,0.00,ACT,0.00,0,148
08/04/2025,RB518,DXB/ALP,C,12,0,0,0,0,0,9,0.00,0 %,0.00,ACT,0.00,0,12
08/04/2025,RB518,DXB/ALP,Y,141,0,0,0,0,0,24,0.00,0 %,0.00,ACT,0.00,0,141
08/04/2025,RB522,DOH/DAM,C,12,0,0,0,0,0,11,0.00,0 %,0.00,ACT,0.00,0,12
08/04/2025,RB522,DOH/DAM,Y,148,0,0,0,0,0,86,0.00,0 %,0.00,ACT,0.00,0,148
08/04/2025,RB502,SHJ/DAM,C,12,0,0,0,0,0,8,0.00,0 %,0.00,ACT,0.00,0,12
08/04/2025,RB502,SHJ/DAM,Y,145,0,0,0,0,0,101,0.00,0 %,0.00,ACT,0.00,0,145
08/04/2025,RB445,ALP/IST,C,12,0,0,0,0,0,9,0.00,0 %,0.00,ACT,0.00,0,12
08/04/2025,RB445,ALP/IST,Y,141,0,0,0,0,0,58,0.00,0 %,0.00,ACT,0.00,0,141
08/05/2025,RB446,IST/DAM,C,12,0,0,0,0,0,11,0.00,0 %,0.00,ACT,0.00,0,12
08/05/2025,RB446,IST/DAM,Y,138,0,0,0,0,0,58,0.00,0 %,0.00,ACT,0.00,0,138
08/05/2025,RB515,DAM/DXB,C,12,0,0,0,0,0,10,0.00,0 %,0.00,ACT,0.00,0,12
08/05/2025,RB515,DAM/DXB,Y,145,0,0,0,0,0,49,0.00,0 %,0.00,ACT,0.00,0,145
08/05/2025,RB516,DXB/DAM,C,12,0,0,0,0,0,1,0.00,0 %,0.00,ACT,0.00,0,12
08/05/2025,RB516,DXB/DAM,Y,145,0,0,0,0,0,88,0.00,0 %,0.00,ACT,0.00,0,145
08/05/2025,RB503,DAM/AUH,C,12,0,0,0,0,0,8,0.00,0 %,0.00,ACT,0.00,0,12
08/05/2025,RB503,DAM/AUH,Y,148,0,0,0,0,0,29,0.00,0 %,0.00,ACT,0.00,0,148
08/05/2025,RB501,DAM/SHJ,C,12,0,0,0,0,0,8,0.00,0 %,0.00,ACT,0.00,0,12
08/05/2025,RB501,DAM/SHJ,Y,145,0,0,0,0,0,48,0.00,0 %,0.00,ACT,0.00,0,145
08/05/2025,RB443,DAM/IST,C,12,0,0,0,0,0,6,0.00,0 %,0.00,ACT,0.00,0,12
08/05/2025,RB443,DAM/IST,Y,141,0,0,0,0,0,57,0.00,0 %,0.00,ACT,0.00,0,141
08/05/2025,RB504,AUH/DAM,C,12,0,0,0,0,0,10,0.00,0 %,0.00,ACT,0.00,0,12
08/05/2025,RB504,AUH/DAM,Y,148,0,0,0,0,0,80,0.00,0 %,0.00,ACT,0.00,0,148
08/05/2025,RB444,IST/DAM,C,12,0,0,0,0,0,7,0.00,0 %,0.00,ACT,0.00,0,12
08/05/2025,RB444,IST/DAM,Y,141,0,0,0,0,0,26,0.00,0 %,0.00,ACT,0.00,0,141
08/05/2025,RB502,SHJ/DAM,C,12,0,0,0,0,0,12,0.00,0 %,0.00,ACT,0.00,0,12
08/05/2025,RB502,SHJ/DAM,Y,145,0,0,0,0,0,84,0.00,0 %,0.00,ACT,0.00,0,145
08/06/2025,RB505,DAM/SHJ,C,12,0,0,0,0,0,12,0.00,0 %,0.00,ACT,0.00,0,12
08/06/2025,RB505,DAM/SHJ,Y,145,0,0,0,0,0,40,0.00,0 %,0.00,ACT,0.00,0,145
08/06/2025,RB515,DAM/DXB,C,12,0,0,0,0,0,9,0.00,0 %,0.00,ACT,0.00,0,12
08/06/2025,RB515,DAM/DXB,Y,145,0,0,0,0,0,85,0.00,0 %,0.00,ACT,0.00,0,145
08/06/2025,RB389,DAM/RUH,C,12,0,0,0,0,0,11,0.00,0 %,0.00,ACT,0.00,0,12
08/06/2025,RB389,DAM/RUH,Y,148,0,0,0,0,0,57,0.00,0 %,0.00,ACT,0.00,0,148
08/06/2025,RB390,RUH/DAM,C,12,0,0,0,0,0,8,0.00,0 %,0.00,ACT,0.00,0,12
08/06/2025,RB390,RUH/DAM,Y,148,0,0,0,0,0,89,0.00,0 %,0.00,ACT,0.00,0,148
08/06/2025,RB506,SHJ/DAM,C,12,0,0,0,0,0,12,0.00,0 %,0.00,ACT,0.00,0,12
08/06/2025,RB506,SHJ/DAM,Y,145,0,0,0,0,0,52,0.00,0 %,0.00,ACT,0.00,0,145
08/06/2025,RB516,DXB/DAM,C,12,0,0,0,0,0,11,0.00,0 %,0.00,ACT,0.00,0,12
08/06/2025,RB516,DXB/DAM,Y,145,0,0,0,0,0,85,0.00,0 %,0.00,ACT,0.00,0,145
08/06/2025,RB521,DAM/DOH,C,12,0,0,0,0,0,10,0.00,0 %,0.00,ACT,0.00,0,12
08/06/2025,RB521,DAM/DOH,Y,148,0,0,0,0,0,28,0.00,0 %,0.00,ACT,0.00,0,148
08/06/2025,RB501,DAM/SHJ,C,12,0,0,0,0,0,10,0.00,0 %,0.00,ACT,0.00,0,12
08/06/2025,RB501,DAM/SHJ,Y,145,0,0,0,0,0,6,0.00,0 %,0.00,ACT,0.00,0,145
08/06/2025,RB443,DAM/IST,C,12,0,0,0,0,0,10,0.00,0 %,0.00,ACT,0.00,0,12
08/06/2025,RB443,DAM/IST,Y,141,0,0,0,0,0,63,0.00,0 %,0.00,ACT,0.00,0,141
08/06/2025,RB522,DOH/DAM,C,12,0,0,0,0,0,9,0.00,0 %,0.00,ACT,0.00,0,12
08/06/2025,RB522,DOH/DAM,Y,148,0,0,0,0,0,61,0.00,0 %,0.00,ACT,0.00,0,148
08/06/2025,RB444,IST/DAM,C,12,0,0,0,0,0,12,0.00,0 %,0.00,ACT,0.00,0,12
08/06/2025,RB444,IST/DAM,Y,141,0,0,0,0,0,55,0.00,0 %,0.00,ACT,0.00,0,141
08/06/2025,RB502,SHJ/DAM,C,12,0,0,0,0,0,12,0.00,0 %,0.00,ACT,0.00,0,12
08/06/2025,RB502,SHJ/DAM,Y,145,0,0,0,0,0,87,0.00,0 %,0.00,ACT,0.00,0,145
08/07/2025,RB505,DAM/SHJ,C,12,0,0,0,0,0,12,0.00,0 %,0.00,ACT,0.00,0,12
08/07/2025,RB505,DAM/SHJ,Y,145,0,0,0,0,0,36,0.00,0 %,0.00,ACT,0.00,0,145
08/07/2025,RB515,DAM/DXB,C,12,0,0,0,0,0,6,0.00,0 %,0.00,ACT,0.00,0,12
08/07/2025,RB515,DAM/DXB,Y,145,0,0,0,0,0,72,0.00,0 %,0.00,ACT,0.00,0,145
08/07/2025,RB527,DAM/DMM,C,12,0,0,0,0,0,9,0.00,0 %,0.00,ACT,0.00,0,12
08/07/2025,RB527,DAM/DMM,Y,148,0,0,0,0,0,12,0.00,0 %,0.00,ACT,0.00,0,148
08/07/2025,RB528,DMM/DAM,C,12,0,0,0,0,0,10,0.00,0 %,0.00,ACT,0.00,0,12
08/07/2025,RB528,DMM/DAM,Y,148,0,0,0,0,0,102,0.00,0 %,0.00,ACT,0.00,0,148
08/07/2025,RB506,SHJ/DAM,C,12,0,0,0,0,0,12,0.00,0 %,0.00,ACT,0.00,0,12
08/07/2025,RB506,SHJ/DAM,Y,145,0,0,0,0,0,70,0.00,0 %,0.00,ACT,0.00,0,145
08/07/2025,RB516,DXB/DAM,C,12,0,0,0,0,0,2,0.00,0 %,0.00,ACT,0.00,0,12
08/07/2025,RB516,DXB/DAM,Y,145,0,0,0,0,0,64,0.00,0 %,0.00,ACT,0.00,0,145
08/07/2025,RB381,DAM/JED,C,12,0,0,0,0,0,3,0.00,0 %,0.00,ACT,0.00,0,12
08/07/2025,RB381,DAM/JED,Y,148,0,0,0,0,0,48,0.00,0 %,0.00,ACT,0.00,0,148
08/07/2025,RB501,DAM/SHJ,C,12,0,0,0,0,0,10,0.00,0 %,0.00,ACT,0.00,0,12
08/07/2025,RB501,DAM/SHJ,Y,145,0,0,0,0,0,38,0.00,0 %,0.00,ACT,0.00,0,145
08/07/2025,RB341,DAM/KWI,C,12,0,0,0,0,0,10,0.00,0 %,0.00,ACT,0.00,0,12
08/07/2025,RB341,DAM/KWI,Y,141,0,0,0,0,0,24,0.00,0 %,0.00,ACT,0.00,0,141
08/07/2025,RB382,JED/DAM,C,12,0,0,0,0,0,10,0.00,0 %,0.00,ACT,0.00,0,12
08/07/2025,RB382,JED/DAM,Y,148,0,0,0,0,0,128,0.00,0 %,0.00,ACT,0.00,0,148
08/07/2025,RB342,KWI/DAM,C,12,0,0,0,0,0,3,0.00,0 %,0.00,ACT,0.00,0,12
08/07/2025,RB342,KWI/DAM,Y,141,0,0,0,0,0,1,0.00,0 %,0.00,ACT,0.00,0,141
08/07/2025,RB502,SHJ/DAM,C,12,0,0,0,0,0,12,0.00,0 %,0.00,ACT,0.00,0,12
08/07/2025,RB502,SHJ/DAM,Y,145,0,0,0,0,0,90,0.00,0 %,0.00,ACT,0.00,0,145
08/07/2025,RB445,DAM/IST,C,12,0,0,0,0,0,11,0.00,0 %,0.00,ACT,0.00,0,12
08/07/2025,RB445,DAM/IST,Y,141,0,0,0,0,0,93,0.00,0 %,0.00,ACT,0.00,0,141
08/08/2025,RB446,IST/DAM,C,12,0,0,0,0,0,8,0.00,0 %,0.00,ACT,0.00,0,12
08/08/2025,RB446,IST/DAM,Y,141,0,0,0,0,0,64,0.00,0 %,0.00,ACT,0.00,0,141
08/08/2025,RB505,DAM/SHJ,C,12,0,0,0,0,0,12,0.00,0 %,0.00,ACT,0.00,0,12
08/08/2025,RB505,DAM/SHJ,Y,145,0,0,0,0,0,31,0.00,0 %,0.00,ACT,0.00,0,145
08/08/2025,RB503,DAM/AUH,C,12,0,0,0,0,0,10,0.00,0 %,0.00,ACT,0.00,0,12
08/08/2025,RB503,DAM/AUH,Y,148,0,0,0,0,0,25,0.00,0 %,0.00,ACT,0.00,0,148
08/08/2025,RB515,DAM/DXB,C,12,0,0,0,0,0,8,0.00,0 %,0.00,ACT,0.00,0,12
08/08/2025,RB515,DAM/DXB,Y,145,0,0,0,0,0,4,0.00,0 %,0.00,ACT,0.00,0,145
08/08/2025,RB506,SHJ/DAM,C,12,0,0,0,0,0,10,0.00,0 %,0.00,ACT,0.00,0,12
08/08/2025,RB506,SHJ/DAM,Y,145,0,0,0,0,0,54,0.00,0 %,0.00,ACT,0.00,0,145
08/08/2025,RB504,AUH/DAM,C,12,0,0,0,0,0,9,0.00,0 %,0.00,ACT,0.00,0,12
08/08/2025,RB504,AUH/DAM,Y,148,0,0,0,0,0,40,0.00,0 %,0.00,ACT,0.00,0,148
08/08/2025,RB516,DXB/DAM,C,12,0,0,0,0,0,5,0.00,0 %,0.00,ACT,0.00,0,12
08/08/2025,RB516,DXB/DAM,Y,145,0,0,0,0,0,41,0.00,0 %,0.00,ACT,0.00,0,145
08/08/2025,RB501,DAM/SHJ,C,12,0,0,0,0,0,7,0.00,0 %,0.00,ACT,0.00,0,12
08/08/2025,RB501,DAM/SHJ,Y,145,0,0,0,0,0,31,0.00,0 %,0.00,ACT,0.00,0,145
08/08/2025,RB443,DAM/IST,C,12,0,0,0,0,0,4,0.00,0 %,0.00,ACT,0.00,0,12
08/08/2025,RB443,DAM/IST,Y,141,0,0,0,0,0,62,0.00,0 %,0.00,ACT,0.00,0,141
08/08/2025,RB389,DAM/RUH,C,12,0,0,0,0,0,5,0.00,0 %,0.00,ACT,0.00,0,12
08/08/2025,RB389,DAM/RUH,Y,148,0,0,0,0,0,3,0.00,0 %,0.00,ACT,0.00,0,148
08/08/2025,RB444,IST/DAM,C,12,0,0,0,0,0,9,0.00,0 %,0.00,ACT,0.00,0,12
08/08/2025,RB444,IST/DAM,Y,141,0,0,0,0,0,23,0.00,0 %,0.00,ACT,0.00,0,141
08/08/2025,RB502,SHJ/DAM,C,12,0,0,0,0,0,11,0.00,0 %,0.00,ACT,0.00,0,12
08/08/2025,RB502,SHJ/DAM,Y,145,0,0,0,0,0,97,0.00,0 %,0.00,ACT,0.00,0,145
08/08/2025,RB390,RUH/DAM,C,12,0,0,0,0,0,5,0.00,0 %,0.00,ACT,0.00,0,12
08/08/2025,RB390,RUH/DAM,Y,148,0,0,0,0,0,100,0.00,0 %,0.00,ACT,0.00,0,148
08/09/2025,RB505,DAM/SHJ,C,12,0,0,0,0,0,12,0.00,0 %,0.00,ACT,0.00,0,12
08/09/2025,RB505,DAM/SHJ,Y,145,0,0,0,0,0,41,0.00,0 %,0.00,ACT,0.00,0,145
08/09/2025,RB515,DAM/DXB,C,12,0,0,0,0,0,4,0.00,0 %,0.00,ACT,0.00,0,12
08/09/2025,RB515,DAM/DXB,Y,145,0,0,0,0,0,35,0.00,0 %,0.00,ACT,0.00,0,145
08/09/2025,RB389,DAM/RUH,C,12,0,0,0,0,0,8,0.00,0 %,0.00,ACT,0.00,0,12
08/09/2025,RB389,DAM/RUH,Y,148,0,0,0,0,0,36,0.00,0 %,0.00,ACT,0.00,0,148
08/09/2025,RB390,RUH/DAM,C,12,0,0,0,0,0,6,0.00,0 %,0.00,ACT,0.00,0,12
08/09/2025,RB390,RUH/DAM,Y,148,0,0,0,0,0,99,0.00,0 %,0.00,ACT,0.00,0,148
08/09/2025,RB506,SHJ/DAM,C,12,0,0,0,0,0,11,0.00,0 %,0.00,ACT,0.00,0,12
08/09/2025,RB506,SHJ/DAM,Y,145,0,0,0,0,0,69,0.00,0 %,0.00,ACT,0.00,0,145
08/09/2025,RB516,DXB/DAM,C,12,0,0,0,0,0,3,0.00,0 %,0.00,ACT,0.00,0,12
08/09/2025,RB516,DXB/DAM,Y,145,0,0,0,0,0,52,0.00,0 %,0.00,ACT,0.00,0,145
08/09/2025,RB521,DAM/DOH,C,12,0,0,0,0,0,4,0.00,0 %,0.00,ACT,0.00,0,12
08/09/2025,RB521,DAM/DOH,Y,148,0,0,0,0,0,8,0.00,0 %,0.00,ACT,0.00,0,148
08/09/2025,RB501,DAM/SHJ,C,12,0,0,0,0,0,6,0.00,0 %,0.00,ACT,0.00,0,12
08/09/2025,RB501,DAM/SHJ,Y,145,0,0,0,0,0,15,0.00,0 %,0.00,ACT,0.00,0,145
08/09/2025,RB341,DAM/KWI,C,12,0,0,0,0,0,7,0.00,0 %,0.00,ACT,0.00,0,12
08/09/2025,RB341,DAM/KWI,Y,141,0,0,0,0,0,40,0.00,0 %,0.00,ACT,0.00,0,141
08/09/2025,RB522,DOH/DAM,C,12,0,0,0,0,0,12,0.00,0 %,0.00,ACT,0.00,0,12
08/09/2025,RB522,DOH/DAM,Y,148,0,0,0,0,0,73,0.00,0 %,0.00,ACT,0.00,0,148
08/09/2025,RB342,KWI/DAM,C,12,0,0,0,0,0,6,0.00,0 %,0.00,ACT,0.00,0,12
08/09/2025,RB342,KWI/DAM,Y,141,0,0,0,0,0,4,0.00,0 %,0.00,ACT,0.00,0,141
08/09/2025,RB502,SHJ/DAM,C,12,0,0,0,0,0,12,0.00,0 %,0.00,ACT,0.00,0,12
08/09/2025,RB502,SHJ/DAM,Y,145,0,0,0,0,0,101,0.00,0 %,0.00,ACT,0.00,0,145
08/09/2025,RB445,DAM/IST,C,12,0,0,0,0,0,10,0.00,0 %,0.00,ACT,0.00,0,12
08/09/2025,RB445,DAM/IST,Y,141,0,0,0,0,0,97,0.00,0 %,0.00,ACT,0.00,0,141
08/10/2025,RB446,IST/DAM,C,12,0,0,0,0,0,12,0.00,0 %,0.00,ACT,0.00,0,12
08/10/2025,RB446,IST/DAM,Y,141,0,0,0,0,0,66,0.00,0 %,0.00,ACT,0.00,0,141
08/10/2025,RB505,DAM/SHJ,C,12,0,0,0,0,0,12,0.00,0 %,0.00,ACT,0.00,0,12
08/10/2025,RB505,DAM/SHJ,Y,138,0,0,0,0,0,26,0.00,0 %,0.00,ACT,0.00,0,138
08/10/2025,RB381,DAM/JED,C,12,0,0,0,0,0,3,0.00,0 %,0.00,ACT,0.00,0,12
08/10/2025,RB381,DAM/JED,Y,148,0,0,0,0,0,99,0.00,0 %,0.00,ACT,0.00,0,148
08/10/2025,RB515,DAM/DXB,C,12,0,0,0,0,0,3,0.00,0 %,0.00,ACT,0.00,0,12
08/10/2025,RB515,DAM/DXB,Y,145,0,0,0,0,0,23,0.00,0 %,0.00,ACT,0.00,0,145
08/10/2025,RB382,JED/DAM,C,12,0,0,0,0,0,7,0.00,0 %,0.00,ACT,0.00,0,12
08/10/2025,RB382,JED/DAM,Y,148,0,0,0,0,0,105,0.00,0 %,0.00,ACT,0.00,0,148
08/10/2025,RB506,SHJ/DAM,C,12,0,0,0,0,0,11,0.00,0 %,0.00,ACT,0.00,0,12
08/10/2025,RB506,SHJ/DAM,Y,138,0,0,0,0,0,43,0.00,0 %,0.00,ACT,0.00,0,138
08/10/2025,RB516,DXB/DAM,C,12,0,0,0,0,0,5,0.00,0 %,0.00,ACT,0.00,0,12
08/10/2025,RB516,DXB/DAM,Y,145,0,0,0,0,0,43,0.00,0 %,0.00,ACT,0.00,0,145
08/10/2025,RB443,DAM/IST,C,12,0,0,0,0,0,12,0.00,0 %,0.00,ACT,0.00,0,12
08/10/2025,RB443,DAM/IST,Y,141,0,0,0,0,0,40,0.00,0 %,0.00,ACT,0.00,0,141
08/10/2025,RB501,DAM/SHJ,C,12,0,0,0,0,0,6,0.00,0 %,0.00,ACT,0.00,0,12
08/10/2025,RB501,DAM/SHJ,Y,145,0,0,0,0,0,2,0.00,0 %,0.00,ACT,0.00,0,145
08/10/2025,RB444,IST/DAM,C,12,0,0,0,0,0,8,0.00,0 %,0.00,ACT,0.00,0,12
08/10/2025,RB444,IST/DAM,Y,141,0,0,0,0,0,34,0.00,0 %,0.00,ACT,0.00,0,141
08/10/2025,RB502,SHJ/DAM,C,12,0,0,0,0,0,12,0.00,0 %,0.00,ACT,0.00,0,12
08/10/2025,RB502,SHJ/DAM,Y,145,0,0,0,0,0,95,0.00,0 %,0.00,ACT,0.00,0,145
08/11/2025,RB389,DAM/RUH,C,12,0,0,0,0,0,6,0.00,0 %,0.00,ACT,0.00,0,12
08/11/2025,RB389,DAM/RUH,Y,148,0,0,0,0,0,22,0.00,0 %,0.00,ACT,0.00,0,148
08/11/2025,RB443,DAM/IST,C,12,0,0,0,0,0,10,0.00,0 %,0.00,ACT,0.00,0,12
08/11/2025,RB443,DAM/IST,Y,141,0,0,0,0,0,76,0.00,0 %,0.00,ACT,0.00,0,141
08/11/2025,RB515,DAM/DXB,C,12,0,0,0,0,0,3,0.00,0 %,0.00,ACT,0.00,0,12
08/11/2025,RB515,DAM/DXB,Y,145,0,0,0,0,0,33,0.00,0 %,0.00,ACT,0.00,0,145
08/11/2025,RB390,RUH/DAM,C,12,0,0,0,0,0,7,0.00,0 %,0.00,ACT,0.00,0,12
08/11/2025,RB390,RUH/DAM,Y,148,0,0,0,0,0,116,0.00,0 %,0.00,ACT,0.00,0,148
08/11/2025,RB444,IST/ALP,C,12,0,0,0,0,0,12,0.00,0 %,0.00,ACT,0.00,0,12
08/11/2025,RB444,IST/ALP,Y,141,0,0,0,0,0,7,0.00,0 %,0.00,ACT,0.00,0,141
08/11/2025,RB517,ALP/DXB,C,12,0,0,0,0,0,1,0.00,0 %,0.00,ACT,0.00,0,12
08/11/2025,RB517,ALP/DXB,Y,141,0,0,0,0,0,3,0.00,0 %,0.00,ACT,0.00,0,141
08/11/2025,RB516,DXB/DAM,C,12,0,0,0,0,0,10,0.00,0 %,0.00,ACT,0.00,0,12
08/11/2025,RB516,DXB/DAM,Y,145,0,0,0,0,0,77,0.00,0 %,0.00,ACT,0.00,0,145
08/11/2025,RB501,DAM/SHJ,C,12,0,0,0,0,0,5,0.00,0 %,0.00,ACT,0.00,0,12
08/11/2025,RB501,DAM/SHJ,Y,145,0,0,0,0,0,0,0.00,0 %,0.00,ACT,0.00,0,145
08/11/2025,RB521,DAM/DOH,C,12,0,0,0,0,0,4,0.00,0 %,0.00,ACT,0.00,0,12
08/11/2025,RB521,DAM/DOH,Y,148,0,0,0,0,0,0,0.00,0 %,0.00,ACT,0.00,0,148
08/11/2025,RB518,DXB/ALP,C,12,0,0,0,0,0,9,0.00,0 %,0.00,ACT,0.00,0,12
08/11/2025,RB518,DXB/ALP,Y,141,0,0,0,0,0,55,0.00,0 %,0.00,ACT,0.00,0,141
08/11/2025,RB522,DOH/DAM,C,12,0,0,0,0,0,12,0.00,0 %,0.00,ACT,0.00,0,12
08/11/2025,RB522,DOH/DAM,Y,148,0,0,0,0,0,124,0.00,0 %,0.00,ACT,0.00,0,148
08/11/2025,RB502,SHJ/DAM,C,12,0,0,0,0,0,12,0.00,0 %,0.00,ACT,0.00,0,12
08/11/2025,RB502,SHJ/DAM,Y,145,0,0,0,0,0,107,0.00,0 %,0.00,ACT,0.00,0,145
08/11/2025,RB445,ALP/IST,C,12,0,0,0,0,0,11,0.00,0 %,0.00,ACT,0.00,0,12
08/11/2025,RB445,ALP/IST,Y,141,0,0,0,0,0,53,0.00,0 %,0.00,ACT,0.00,0,141
08/12/2025,RB446,IST/DAM,C,12,0,0,0,0,0,12,0.00,0 %,0.00,ACT,0.00,0,12
08/12/2025,RB446,IST/DAM,Y,138,0,0,0,0,0,79,0.00,0 %,0.00,ACT,0.00,0,138
08/12/2025,RB515,DAM/DXB,C,12,0,0,0,0,0,9,0.00,0 %,0.00,ACT,0.00,0,12
08/12/2025,RB515,DAM/DXB,Y,145,0,0,0,0,0,37,0.00,0 %,0.00,ACT,0.00,0,145
08/12/2025,RB516,DXB/DAM,C,12,0,0,0,0,0,0,0.00,0 %,0.00,ACT,0.00,0,12
08/12/2025,RB516,DXB/DAM,Y,145,0,0,0,0,0,82,0.00,0 %,0.00,ACT,0.00,0,145
08/12/2025,RB503,DAM/AUH,C,12,0,0,0,0,0,0,0.00,0 %,0.00,ACT,0.00,0,12
08/12/2025,RB503,DAM/AUH,Y,148,0,0,0,0,0,1,0.00,0 %,0.00,ACT,0.00,0,148
08/12/2025,RB501,DAM/SHJ,C,12,0,0,0,0,0,4,0.00,0 %,0.00,ACT,0.00,0,12
08/12/2025,RB501,DAM/SHJ,Y,145,0,0,0,0,0,0,0.00,0 %,0.00,ACT,0.00,0,145
08/12/2025,RB443,DAM/IST,C,12,0,0,0,0,0,11,0.00,0 %,0.00,ACT,0.00,0,12
08/12/2025,RB443,DAM/IST,Y,141,0,0,0,0,0,3,0.00,0 %,0.00,ACT,0.00,0,141
08/12/2025,RB504,AUH/DAM,C,12,0,0,0,0,0,12,0.00,0 %,0.00,ACT,0.00,0,12
08/12/2025,RB504,AUH/DAM,Y,148,0,0,0,0,0,78,0.00,0 %,0.00,ACT,0.00,0,148
08/12/2025,RB444,IST/DAM,C,12,0,0,0,0,0,11,0.00,0 %,0.00,ACT,0.00,0,12
08/12/2025,RB444,IST/DAM,Y,141,0,0,0,0,0,50,0.00,0 %,0.00,ACT,0.00,0,141
08/12/2025,RB502,SHJ/DAM,C,12,0,0,0,0,0,12,0.00,0 %,0.00,ACT,0.00,0,12
08/12/2025,RB502,SHJ/DAM,Y,145,0,0,0,0,0,92,0.00,0 %,0.00,ACT,0.00,0,145
08/13/2025,RB505,DAM/SHJ,C,12,0,0,0,0,0,12,0.00,0 %,0.00,ACT,0.00,0,12
08/13/2025,RB505,DAM/SHJ,Y,145,0,0,0,0,0,35,0.00,0 %,0.00,ACT,0.00,0,145
08/13/2025,RB515,DAM/DXB,C,12,0,0,0,0,0,12,0.00,0 %,0.00,ACT,0.00,0,12
08/13/2025,RB515,DAM/DXB,Y,145,0,0,0,0,0,13,0.00,0 %,0.00,ACT,0.00,0,145
08/13/2025,RB389,DAM/RUH,C,12,0,0,0,0,0,7,0.00,0 %,0.00,ACT,0.00,0,12
08/13/2025,RB389,DAM/RUH,Y,148,0,0,0,0,0,3,0.00,0 %,0.00,ACT,0.00,0,148
08/13/2025,RB390,RUH/DAM,C,12,0,0,0,0,0,10,0.00,0 %,0.00,ACT,0.00,0,12
08/13/2025,RB390,RUH/DAM,Y,148,0,0,0,0,0,105,0.00,0 %,0.00,ACT,0.00,0,148
08/13/2025,RB506,SHJ/DAM,C,12,0,0,0,0,0,12,0.00,0 %,0.00,ACT,0.00,0,12
08/13/2025,RB506,SHJ/DAM,Y,145,0,0,0,0,0,76,0.00,0 %,0.00,ACT,0.00,0,145
08/13/2025,RB516,DXB/DAM,C,12,0,0,0,0,0,9,0.00,0 %,0.00,ACT,0.00,0,12
08/13/2025,RB516,DXB/DAM,Y,145,0,0,0,0,0,61,0.00,0 %,0.00,ACT,0.00,0,145
08/13/2025,RB521,DAM/DOH,C,12,0,0,0,0,0,5,0.00,0 %,0.00,ACT,0.00,0,12
08/13/2025,RB521,DAM/DOH,Y,148,0,0,0,0,0,4,0.00,0 %,0.00,ACT,0.00,0,148
08/13/2025,RB501,DAM/SHJ,C,12,0,0,0,0,0,8,0.00,0 %,0.00,ACT,0.00,0,12
08/13/2025,RB501,DAM/SHJ,Y,145,0,0,0,0,0,2,0.00,0 %,0.00,ACT,0.00,0,145
08/13/2025,RB443,DAM/IST,C,12,0,0,0,0,0,6,0.00,0 %,0.00,ACT,0.00,0,12
08/13/2025,RB443,DAM/IST,Y,141,0,0,0,0,0,62,0.00,0 %,0.00,ACT,0.00,0,141
08/13/2025,RB522,DOH/DAM,C,12,0,0,0,0,0,8,0.00,0 %,0.00,ACT,0.00,0,12
08/13/2025,RB522,DOH/DAM,Y,148,0,0,0,0,0,56,0.00,0 %,0.00,ACT,0.00,0,148
08/13/2025,RB444,IST/DAM,C,12,0,0,0,0,0,9,0.00,0 %,0.00,ACT,0.00,0,12
08/13/2025,RB444,IST/DAM,Y,141,0,0,0,0,0,27,0.00,0 %,0.00,ACT,0.00,0,141
08/13/2025,RB502,SHJ/DAM,C,12,0,0,0,0,0,12,0.00,0 %,0.00,ACT,0.00,0,12
08/13/2025,RB502,SHJ/DAM,Y,145,0,0,0,0,0,114,0.00,0 %,0.00,ACT,0.00,0,145
08/14/2025,RB505,DAM/SHJ,C,12,0,0,0,0,0,11,0.00,0 %,0.00,ACT,0.00,0,12
08/14/2025,RB505,DAM/SHJ,Y,145,0,0,0,0,0,39,0.00,0 %,0.00,ACT,0.00,0,145
08/14/2025,RB515,DAM/DXB,C,12,0,0,0,0,0,6,0.00,0 %,0.00,ACT,0.00,0,12
08/14/2025,RB515,DAM/DXB,Y,145,0,0,0,0,0,3,0.00,0 %,0.00,ACT,0.00,0,145
08/14/2025,RB527,DAM/DMM,C,12,0,0,0,0,0,0,0.00,0 %,0.00,ACT,0.00,0,12
08/14/2025,RB527,DAM/DMM,Y,148,0,0,0,0,0,1,0.00,0 %,0.00,ACT,0.00,0,148
08/14/2025,RB528,DMM/DAM,C,12,0,0,0,0,0,9,0.00,0 %,0.00,ACT,0.00,0,12
08/14/2025,RB528,DMM/DAM,Y,148,0,0,0,0,0,91,0.00,0 %,0.00,ACT,0.00,0,148
08/14/2025,RB506,SHJ/DAM,C,12,0,0,0,0,0,11,0.00,0 %,0.00,ACT,0.00,0,12
08/14/2025,RB506,SHJ/DAM,Y,145,0,0,0,0,0,72,0.00,0 %,0.00,ACT,0.00,0,145
08/14/2025,RB516,DXB/DAM,C,12,0,0,0,0,0,4,0.00,0 %,0.00,ACT,0.00,0,12
08/14/2025,RB516,DXB/DAM,Y,145,0,0,0,0,0,97,0.00,0 %,0.00,ACT,0.00,0,145
08/14/2025,RB381,DAM/JED,C,12,0,0,0,0,0,4,0.00,0 %,0.00,ACT,0.00,0,12
08/14/2025,RB381,DAM/JED,Y,148,0,0,0,0,0,1,0.00,0 %,0.00,ACT,0.00,0,148
08/14/2025,RB501,DAM/SHJ,C,12,0,0,0,0,0,6,0.00,0 %,0.00,ACT,0.00,0,12
08/14/2025,RB501,DAM/SHJ,Y,145,0,0,0,0,0,2,0.00,0 %,0.00,ACT,0.00,0,145
08/14/2025,RB341,DAM/KWI,C,12,0,0,0,0,0,7,0.00,0 %,0.00,ACT,0.00,0,12
08/14/2025,RB341,DAM/KWI,Y,141,0,0,0,0,0,1,0.00,0 %,0.00,ACT,0.00,0,141
08/14/2025,RB382,JED/DAM,C,12,0,0,0,0,0,12,0.00,0 %,0.00,ACT,0.00,0,12
08/14/2025,RB382,JED/DAM,Y,148,0,0,0,0,0,127,0.00,0 %,0.00,ACT,0.00,0,148
08/14/2025,RB342,KWI/DAM,C,12,0,0,0,0,0,10,0.00,0 %,0.00,ACT,0.00,0,12
08/14/2025,RB342,KWI/DAM,Y,141,0,0,0,0,0,26,0.00,0 %,0.00,ACT,0.00,0,141
08/14/2025,RB502,SHJ/DAM,C,12,0,0,0,0,0,9,0.00,0 %,0.00,ACT,0.00,0,12
08/14/2025,RB502,SHJ/DAM,Y,145,0,0,0,0,0,116,0.00,0 %,0.00,ACT,0.00,0,145
08/14/2025,RB445,DAM/IST,C,12,0,0,0,0,0,11,0.00,0 %,0.00,ACT,0.00,0,12
08/14/2025,RB445,DAM/IST,Y,141,0,0,0,0,0,75,0.00,0 %,0.00,ACT,0.00,0,141
08/15/2025,RB446,IST/DAM,C,12,0,0,0,0,0,11,0.00,0 %,0.00,ACT,0.00,0,12
08/15/2025,RB446,IST/DAM,Y,141,0,0,0,0,0,70,0.00,0 %,0.00,ACT,0.00,0,141
08/15/2025,RB505,DAM/SHJ,C,12,0,0,0,0,0,12,0.00,0 %,0.00,ACT,0.00,0,12
08/15/2025,RB505,DAM/SHJ,Y,145,0,0,0,0,0,12,0.00,0 %,0.00,ACT,0.00,0,145
08/15/2025,RB503,DAM/AUH,C,12,0,0,0,0,0,4,0.00,0 %,0.00,ACT,0.00,0,12
08/15/2025,RB503,DAM/AUH,Y,148,0,0,0,0,0,7,0.00,0 %,0.00,ACT,0.00,0,148
08/15/2025,RB515,DAM/DXB,C,12,0,0,0,0,0,5,0.00,0 %,0.00,ACT,0.00,0,12
08/15/2025,RB515,DAM/DXB,Y,145,0,0,0,0,0,3,0.00,0 %,0.00,ACT,0.00,0,145
08/15/2025,RB506,SHJ/DAM,C,12,0,0,0,0,0,9,0.00,0 %,0.00,ACT,0.00,0,12
08/15/2025,RB506,SHJ/DAM,Y,145,0,0,0,0,0,56,0.00,0 %,0.00,ACT,0.00,0,145
08/15/2025,RB504,AUH/DAM,C,12,0,0,0,0,0,8,0.00,0 %,0.00,ACT,0.00,0,12
08/15/2025,RB504,AUH/DAM,Y,148,0,0,0,0,0,61,0.00,0 %,0.00,ACT,0.00,0,148
08/15/2025,RB516,DXB/DAM,C,12,0,0,0,0,0,0,0.00,0 %,0.00,ACT,0.00,0,12
08/15/2025,RB516,DXB/DAM,Y,145,0,0,0,0,0,42,0.00,0 %,0.00,ACT,0.00,0,145
08/15/2025,RB501,DAM/SHJ,C,12,0,0,0,0,0,1,0.00,0 %,0.00,ACT,0.00,0,12
08/15/2025,RB501,DAM/SHJ,Y,145,0,0,0,0,0,3,0.00,0 %,0.00,ACT,0.00,0,145
08/15/2025,RB443,DAM/IST,C,12,0,0,0,0,0,6,0.00,0 %,0.00,ACT,0.00,0,12
08/15/2025,RB443,DAM/IST,Y,141,0,0,0,0,0,27,0.00,0 %,0.00,ACT,0.00,0,141
08/15/2025,RB389,DAM/RUH,C,12,0,0,0,0,0,0,0.00,0 %,0.00,ACT,0.00,0,12
08/15/2025,RB389,DAM/RUH,Y,148,0,0,0,0,0,0,0.00,0 %,0.00,ACT,0.00,0,148
08/15/2025,RB444,IST/DAM,C,12,0,0,0,0,0,8,0.00,0 %,0.00,ACT,0.00,0,12
08/15/2025,RB444,IST/DAM,Y,141,0,0,0,0,0,6,0.00,0 %,0.00,ACT,0.00,0,141
08/15/2025,RB502,SHJ/DAM,C,12,0,0,0,0,0,12,0.00,0 %,0.00,ACT,0.00,0,12
08/15/2025,RB502,SHJ/DAM,Y,145,0,0,0,0,0,102,0.00,0 %,0.00,ACT,0.00,0,145
08/15/2025,RB390,RUH/DAM,C,12,0,0,0,0,0,11,0.00,0 %,0.00,ACT,0.00,0,12
08/15/2025,RB390,RUH/DAM,Y,148,0,0,0,0,0,113,0.00,0 %,0.00,ACT,0.00,0,148
08/16/2025,RB505,DAM/SHJ,C,12,0,0,0,0,0,11,0.00,0 %,0.00,ACT,0.00,0,12
08/16/2025,RB505,DAM/SHJ,Y,145,0,0,0,0,0,6,0.00,0 %,0.00,ACT,0.00,0,145
08/16/2025,RB515,DAM/DXB,C,12,0,0,0,0,0,8,0.00,0 %,0.00,ACT,0.00,0,12
08/16/2025,RB515,DAM/DXB,Y,145,0,0,0,0,0,3,0.00,0 %,0.00,ACT,0.00,0,145
08/16/2025,RB389,DAM/RUH,C,12,0,0,0,0,0,9,0.00,0 %,0.00,ACT,0.00,0,12
08/16/2025,RB389,DAM/RUH,Y,148,0,0,0,0,0,99,0.00,0 %,0.00,ACT,0.00,0,148
08/16/2025,RB390,RUH/DAM,C,12,0,0,0,0,0,11,0.00,0 %,0.00,ACT,0.00,0,12
08/16/2025,RB390,RUH/DAM,Y,148,0,0,0,0,0,144,0.00,0 %,0.00,ACT,0.00,0,148
08/16/2025,RB506,SHJ/DAM,C,12,0,0,0,0,0,9,0.00,0 %,0.00,ACT,0.00,0,12
08/16/2025,RB506,SHJ/DAM,Y,145,0,0,0,0,0,81,0.00,0 %,0.00,ACT,0.00,0,145
08/16/2025,RB516,DXB/DAM,C,12,0,0,0,0,0,7,0.00,0 %,0.00,ACT,0.00,0,12
08/16/2025,RB516,DXB/DAM,Y,145,0,0,0,0,0,66,0.00,0 %,0.00,ACT,0.00,0,145
08/16/2025,RB521,DAM/DOH,C,12,0,0,0,0,0,1,0.00,0 %,0.00,ACT,0.00,0,12
08/16/2025,RB521,DAM/DOH,Y,148,0,0,0,0,0,98,0.00,0 %,0.00,ACT,0.00,0,148
08/16/2025,RB501,DAM/SHJ,C,12,0,0,0,0,0,1,0.00,0 %,0.00,ACT,0.00,0,12
08/16/2025,RB501,DAM/SHJ,Y,145,0,0,0,0,0,0,0.00,0 %,0.00,ACT,0.00,0,145
08/16/2025,RB341,DAM/KWI,C,12,0,0,0,0,0,0,0.00,0 %,0.00,ACT,0.00,0,12
08/16/2025,RB341,DAM/KWI,Y,141,0,0,0,0,0,1,0.00,0 %,0.00,ACT,0.00,0,141
08/16/2025,RB342,KWI/DAM,C,12,0,0,0,0,0,11,0.00,0 %,0.00,ACT,0.00,0,12
08/16/2025,RB342,KWI/DAM,Y,141,0,0,0,0,0,25,0.00,0 %,0.00,ACT,0.00,0,141
08/16/2025,RB502,SHJ/DAM,C,12,0,0,0,0,0,12,0.00,0 %,0.00,ACT,0.00,0,12
08/16/2025,RB502,SHJ/DAM,Y,145,0,0,0,0,0,115,0.00,0 %,0.00,ACT,0.00,0,145
08/16/2025,RB445,DAM/IST,C,12,0,0,0,0,0,11,0.00,0 %,0.00,ACT,0.00,0,12
08/16/2025,RB445,DAM/IST,Y,141,0,0,0,0,0,83,0.00,0 %,0.00,ACT,0.00,0,141
08/17/2025,RB521,DAM/DOH,C,12,0,0,0,0,0,12,0.00,0 %,0.00,ACT,0.00,0,12
08/17/2025,RB521,DAM/DOH,Y,148,0,0,0,0,0,57,0.00,0 %,0.00,ACT,0.00,0,148
08/17/2025,RB446,IST/DAM,C,12,0,0,0,0,0,12,0.00,0 %,0.00,ACT,0.00,0,12
08/17/2025,RB446,IST/DAM,Y,141,0,0,0,0,0,94,0.00,0 %,0.00,ACT,0.00,0,141
08/17/2025,RB522,DOH/DAM,C,12,0,0,0,0,0,12,0.00,0 %,0.00,ACT,0.00,0,12
08/17/2025,RB522,DOH/DAM,Y,148,0,0,0,0,0,91,0.00,0 %,0.00,ACT,0.00,0,148
08/17/2025,RB505,DAM/SHJ,C,12,0,0,0,0,0,12,0.00,0 %,0.00,ACT,0.00,0,12
08/17/2025,RB505,DAM/SHJ,Y,138,0,0,0,0,0,0,0.00,0 %,0.00,ACT,0.00,0,138
08/17/2025,RB381,DAM/JED,C,12,0,0,0,0,0,6,0.00,0 %,0.00,ACT,0.00,0,12
08/17/2025,RB381,DAM/JED,Y,148,0,0,0,0,0,16,0.00,0 %,0.00,ACT,0.00,0,148
08/17/2025,RB382,JED/DAM,C,12,0,0,0,0,0,6,0.00,0 %,0.00,ACT,0.00,0,12
08/17/2025,RB382,JED/DAM,Y,148,0,0,0,0,0,119,0.00,0 %,0.00,ACT,0.00,0,148
08/17/2025,RB506,SHJ/DAM,C,12,0,0,0,0,0,11,0.00,0 %,0.00,ACT,0.00,0,12
08/17/2025,RB506,SHJ/DAM,Y,138,0,0,0,0,0,73,0.00,0 %,0.00,ACT,0.00,0,138
08/17/2025,RB443,DAM/IST,C,12,0,0,0,0,0,0,0.00,0 %,0.00,ACT,0.00,0,12
08/17/2025,RB443,DAM/IST,Y,141,0,0,0,0,0,5,0.00,0 %,0.00,ACT,0.00,0,141
08/17/2025,RB501,DAM/SHJ,C,12,0,0,0,0,0,4,0.00,0 %,0.00,ACT,0.00,0,12
08/17/2025,RB501,DAM/SHJ,Y,145,0,0,0,0,0,1,0.00,0 %,0.00,ACT,0.00,0,145
08/17/2025,RB444,IST/DAM,C,12,0,0,0,0,0,10,0.00,0 %,0.00,ACT,0.00,0,12
08/17/2025,RB444,IST/DAM,Y,141,0,0,0,0,0,41,0.00,0 %,0.00,ACT,0.00,0,141
08/17/2025,RB515,DAM/DXB,C,12,0,0,0,0,0,6,0.00,0 %,0.00,ACT,0.00,0,12
08/17/2025,RB515,DAM/DXB,Y,145,0,0,0,0,0,4,0.00,0 %,0.00,ACT,0.00,0,145
08/17/2025,RB502,SHJ/DAM,C,12,0,0,0,0,0,12,0.00,0 %,0.00,ACT,0.00,0,12
08/17/2025,RB502,SHJ/DAM,Y,145,0,0,0,0,0,110,0.00,0 %,0.00,ACT,0.00,0,145
08/17/2025,RB357,DAM/MJI,C,12,0,0,0,0,0,12,0.00,0 %,0.00,ACT,0.00,0,12
08/17/2025,RB357,DAM/MJI,Y,148,0,0,0,0,0,141,0.00,0 %,0.00,ACT,0.00,0,148
08/17/2025,RB516,DXB/DAM,C,12,0,0,0,0,0,9,0.00,0 %,0.00,ACT,0.00,0,12
08/17/2025,RB516,DXB/DAM,Y,145,0,0,0,0,0,98,0.00,0 %,0.00,ACT,0.00,0,145
08/18/2025,RB358,MJI/DAM,C,12,0,0,0,0,0,12,0.00,0 %,0.00,ACT,0.00,0,12
08/18/2025,RB358,MJI/DAM,Y,148,0,0,0,0,0,90,0.00,0 %,0.00,ACT,0.00,0,148
08/18/2025,RB389,DAM/RUH,C,12,0,0,0,0,0,0,0.00,0 %,0.00,ACT,0.00,0,12
08/18/2025,RB389,DAM/RUH,Y,148,0,0,0,0,0,0,0.00,0 %,0.00,ACT,0.00,0,148
08/18/2025,RB443,DAM/IST,C,12,0,0,0,0,0,11,0.00,0 %,0.00,ACT,0.00,0,12
08/18/2025,RB443,DAM/IST,Y,141,0,0,0,0,0,69,0.00,0 %,0.00,ACT,0.00,0,141
08/18/2025,RB515,DAM/DXB,C,12,0,0,0,0,0,3,0.00,0 %,0.00,ACT,0.00,0,12
08/18/2025,RB515,DAM/DXB,Y,145,0,0,0,0,0,5,0.00,0 %,0.00,ACT,0.00,0,145
08/18/2025,RB390,RUH/DAM,C,12,0,0,0,0,0,10,0.00,0 %,0.00,ACT,0.00,0,12
08/18/2025,RB390,RUH/DAM,Y,148,0,0,0,0,0,98,0.00,0 %,0.00,ACT,0.00,0,148
08/18/2025,RB444,IST/ALP,C,12,0,0,0,0,0,11,0.00,0 %,0.00,ACT,0.00,0,12
08/18/2025,RB444,IST/ALP,Y,141,0,0,0,0,0,36,0.00,0 %,0.00,ACT,0.00,0,141
08/18/2025,RB517,ALP/DXB,C,12,0,0,0,0,0,2,0.00,0 %,0.00,ACT,0.00,0,12
08/18/2025,RB517,ALP/DXB,Y,141,0,0,0,0,0,0,0.00,0 %,0.00,ACT,0.00,0,141
08/18/2025,RB516,DXB/DAM,C,12,0,0,0,0,0,7,0.00,0 %,0.00,ACT,0.00,0,12
08/18/2025,RB516,DXB/DAM,Y,145,0,0,0,0,0,88,0.00,0 %,0.00,ACT,0.00,0,145
08/18/2025,RB501,DAM/SHJ,C,12,0,0,0,0,0,10,0.00,0 %,0.00,ACT,0.00,0,12
08/18/2025,RB501,DAM/SHJ,Y,145,0,0,0,0,0,4,0.00,0 %,0.00,ACT,0.00,0,145
08/18/2025,RB521,DAM/DOH,C,12,0,0,0,0,0,1,0.00,0 %,0.00,ACT,0.00,0,12
08/18/2025,RB521,DAM/DOH,Y,148,0,0,0,0,0,2,0.00,0 %,0.00,ACT,0.00,0,148
08/18/2025,RB518,DXB/ALP,C,12,0,0,0,0,0,9,0.00,0 %,0.00,ACT,0.00,0,12
08/18/2025,RB518,DXB/ALP,Y,141,0,0,0,0,0,74,0.00,0 %,0.00,ACT,0.00,0,141
08/18/2025,RB522,DOH/DAM,C,12,0,0,0,0,0,10,0.00,0 %,0.00,ACT,0.00,0,12
08/18/2025,RB522,DOH/DAM,Y,148,0,0,0,0,0,127,0.00,0 %,0.00,ACT,0.00,0,148
08/18/2025,RB502,SHJ/DAM,C,12,0,0,0,0,0,12,0.00,0 %,0.00,ACT,0.00,0,12
08/18/2025,RB502,SHJ/DAM,Y,145,0,0,0,0,0,98,0.00,0 %,0.00,ACT,0.00,0,145
08/18/2025,RB445,ALP/IST,C,12,0,0,0,0,0,12,0.00,0 %,0.00,ACT,0.00,0,12
08/18/2025,RB445,ALP/IST,Y,141,0,0,0,0,0,45,0.00,0 %,0.00,ACT,0.00,0,141
08/19/2025,RB446,IST/DAM,C,12,0,0,0,0,0,12,0.00,0 %,0.00,ACT,0.00,0,12
08/19/2025,RB446,IST/DAM,Y,138,0,0,0,0,0,93,0.00,0 %,0.00,ACT,0.00,0,138
08/19/2025,RB515,DAM/DXB,C,12,0,0,0,0,0,8,0.00,0 %,0.00,ACT,0.00,0,12
08/19/2025,RB515,DAM/DXB,Y,145,0,0,0,0,0,11,0.00,0 %,0.00,ACT,0.00,0,145
08/19/2025,RB341,DAM/KWI,C,12,0,0,0,0,0,10,0.00,0 %,0.00,ACT,0.00,0,12
08/19/2025,RB341,DAM/KWI,Y,148,0,0,0,0,0,19,0.00,0 %,0.00,ACT,0.00,0,148
08/19/2025,RB342,KWI/DAM,C,12,0,0,0,0,0,12,0.00,0 %,0.00,ACT,0.00,0,12
08/19/2025,RB342,KWI/DAM,Y,148,0,0,0,0,0,37,0.00,0 %,0.00,ACT,0.00,0,148
08/19/2025,RB516,DXB/DAM,C,12,0,0,0,0,0,11,0.00,0 %,0.00,ACT,0.00,0,12
08/19/2025,RB516,DXB/DAM,Y,145,0,0,0,0,0,107,0.00,0 %,0.00,ACT,0.00,0,145
08/19/2025,RB503,DAM/AUH,C,12,0,0,0,0,0,0,0.00,0 %,0.00,ACT,0.00,0,12
08/19/2025,RB503,DAM/AUH,Y,148,0,0,0,0,0,3,0.00,0 %,0.00,ACT,0.00,0,148
08/19/2025,RB501,DAM/SHJ,C,12,0,0,0,0,0,0,0.00,0 %,0.00,ACT,0.00,0,12
08/19/2025,RB501,DAM/SHJ,Y,145,0,0,0,0,0,0,0.00,0 %,0.00,ACT,0.00,0,145
08/19/2025,RB443,DAM/IST,C,12,0,0,0,0,0,4,0.00,0 %,0.00,ACT,0.00,0,12
08/19/2025,RB443,DAM/IST,Y,141,0,0,0,0,0,48,0.00,0 %,0.00,ACT,0.00,0,141
08/19/2025,RB504,AUH/DAM,C,12,0,0,0,0,0,11,0.00,0 %,0.00,ACT,0.00,0,12
08/19/2025,RB504,AUH/DAM,Y,148,0,0,0,0,0,98,0.00,0 %,0.00,ACT,0.00,0,148
08/19/2025,RB444,IST/DAM,C,12,0,0,0,0,0,7,0.00,0 %,0.00,ACT,0.00,0,12
08/19/2025,RB444,IST/DAM,Y,141,0,0,0,0,0,60,0.00,0 %,0.00,ACT,0.00,0,141
08/19/2025,RB502,SHJ/DAM,C,12,0,0,0,0,0,12,0.00,0 %,0.00,ACT,0.00,0,12
08/19/2025,RB502,SHJ/DAM,Y,145,0,0,0,0,0,111,0.00,0 %,0.00,ACT,0.00,0,145
08/20/2025,RB505,DAM/SHJ,C,12,0,0,0,0,0,5,0.00,0 %,0.00,ACT,0.00,0,12
08/20/2025,RB505,DAM/SHJ,Y,145,0,0,0,0,0,13,0.00,0 %,0.00,ACT,0.00,0,145
08/20/2025,RB515,DAM/DXB,C,12,0,0,0,0,0,11,0.00,0 %,0.00,ACT,0.00,0,12
08/20/2025,RB515,DAM/DXB,Y,145,0,0,0,0,0,2,0.00,0 %,0.00,ACT,0.00,0,145
08/20/2025,RB389,DAM/RUH,C,12,0,0,0,0,0,1,0.00,0 %,0.00,ACT,0.00,0,12
08/20/2025,RB389,DAM/RUH,Y,148,0,0,0,0,0,9,0.00,0 %,0.00,ACT,0.00,0,148
08/20/2025,RB390,RUH/DAM,C,12,0,0,0,0,0,12,0.00,0 %,0.00,ACT,0.00,0,12
08/20/2025,RB390,RUH/DAM,Y,148,0,0,0,0,0,109,0.00,0 %,0.00,ACT,0.00,0,148
08/20/2025,RB506,SHJ/DAM,C,12,0,0,0,0,0,8,0.00,0 %,0.00,ACT,0.00,0,12
08/20/2025,RB506,SHJ/DAM,Y,145,0,0,0,0,0,64,0.00,0 %,0.00,ACT,0.00,0,145
08/20/2025,RB516,DXB/DAM,C,12,0,0,0,0,0,8,0.00,0 %,0.00,ACT,0.00,0,12
08/20/2025,RB516,DXB/DAM,Y,145,0,0,0,0,0,86,0.00,0 %,0.00,ACT,0.00,0,145
08/20/2025,RB521,DAM/DOH,C,12,0,0,0,0,0,0,0.00,0 %,0.00,ACT,0.00,0,12
08/20/2025,RB521,DAM/DOH,Y,148,0,0,0,0,0,0,0.00,0 %,0.00,ACT,0.00,0,148
08/20/2025,RB501,DAM/SHJ,C,12,0,0,0,0,0,5,0.00,0 %,0.00,ACT,0.00,0,12
08/20/2025,RB501,DAM/SHJ,Y,145,0,0,0,0,0,2,0.00,0 %,0.00,ACT,0.00,0,145
08/20/2025,RB443,DAM/IST,C,12,0,0,0,0,0,8,0.00,0 %,0.00,ACT,0.00,0,12
08/20/2025,RB443,DAM/IST,Y,141,0,0,0,0,0,15,0.00,0 %,0.00,ACT,0.00,0,141
08/20/2025,RB522,DOH/DAM,C,12,0,0,0,0,0,8,0.00,0 %,0.00,ACT,0.00,0,12
08/20/2025,RB522,DOH/DAM,Y,148,0,0,0,0,0,72,0.00,0 %,0.00,ACT,0.00,0,148
08/20/2025,RB444,IST/DAM,C,12,0,0,0,0,0,10,0.00,0 %,0.00,ACT,0.00,0,12
08/20/2025,RB444,IST/DAM,Y,141,0,0,0,0,0,48,0.00,0 %,0.00,ACT,0.00,0,141
08/20/2025,RB502,SHJ/DAM,C,12,0,0,0,0,0,11,0.00,0 %,0.00,ACT,0.00,0,12
08/20/2025,RB502,SHJ/DAM,Y,145,0,0,0,0,0,118,0.00,0 %,0.00,ACT,0.00,0,145
08/21/2025,RB505,DAM/SHJ,C,12,0,0,0,0,0,12,0.00,0 %,0.00,ACT,0.00,0,12
08/21/2025,RB505,DAM/SHJ,Y,145,0,0,0,0,0,13,0.00,0 %,0.00,ACT,0.00,0,145
08/21/2025,RB515,DAM/DXB,C,12,0,0,0,0,0,3,0.00,0 %,0.00,ACT,0.00,0,12
08/21/2025,RB515,DAM/DXB,Y,145,0,0,0,0,0,2,0.00,0 %,0.00,ACT,0.00,0,145
08/21/2025,RB527,DAM/DMM,C,12,0,0,0,0,0,1,0.00,0 %,0.00,ACT,0.00,0,12
08/21/2025,RB527,DAM/DMM,Y,148,0,0,0,0,0,1,0.00,0 %,0.00,ACT,0.00,0,148
08/21/2025,RB528,DMM/DAM,C,12,0,0,0,0,0,11,0.00,0 %,0.00,ACT,0.00,0,12
08/21/2025,RB528,DMM/DAM,Y,148,0,0,0,0,0,103,0.00,0 %,0.00,ACT,0.00,0,148
08/21/2025,RB506,SHJ/DAM,C,12,0,0,0,0,0,12,0.00,0 %,0.00,ACT,0.00,0,12
08/21/2025,RB506,SHJ/DAM,Y,145,0,0,0,0,0,102,0.00,0 %,0.00,ACT,0.00,0,145
08/21/2025,RB516,DXB/DAM,C,12,0,0,0,0,0,12,0.00,0 %,0.00,ACT,0.00,0,12
08/21/2025,RB516,DXB/DAM,Y,145,0,0,0,0,0,104,0.00,0 %,0.00,ACT,0.00,0,145
08/21/2025,RB381,DAM/JED,C,12,0,0,0,0,0,5,0.00,0 %,0.00,ACT,0.00,0,12
08/21/2025,RB381,DAM/JED,Y,148,0,0,0,0,0,0,0.00,0 %,0.00,ACT,0.00,0,148
08/21/2025,RB501,DAM/SHJ,C,12,0,0,0,0,0,0,0.00,0 %,0.00,ACT,0.00,0,12
08/21/2025,RB501,DAM/SHJ,Y,145,0,0,0,0,0,2,0.00,0 %,0.00,ACT,0.00,0,145
08/21/2025,RB341,DAM/KWI,C,12,0,0,0,0,0,1,0.00,0 %,0.00,ACT,0.00,0,12
08/21/2025,RB341,DAM/KWI,Y,141,0,0,0,0,0,1,0.00,0 %,0.00,ACT,0.00,0,141
08/21/2025,RB382,JED/DAM,C,12,0,0,0,0,0,10,0.00,0 %,0.00,ACT,0.00,0,12
08/21/2025,RB382,JED/DAM,Y,148,0,0,0,0,0,132,0.00,0 %,0.00,ACT,0.00,0,148
08/21/2025,RB342,KWI/DAM,C,12,0,0,0,0,0,11,0.00,0 %,0.00,ACT,0.00,0,12
08/21/2025,RB342,KWI/DAM,Y,141,0,0,0,0,0,46,0.00,0 %,0.00,ACT,0.00,0,141
08/21/2025,RB502,SHJ/DAM,C,12,0,0,0,0,0,12,0.00,0 %,0.00,ACT,0.00,0,12
08/21/2025,RB502,SHJ/DAM,Y,145,0,0,0,0,0,116,0.00,0 %,0.00,ACT,0.00,0,145
08/21/2025,RB445,DAM/IST,C,12,0,0,0,0,0,6,0.00,0 %,0.00,ACT,0.00,0,12
08/21/2025,RB445,DAM/IST,Y,141,0,0,0,0,0,71,0.00,0 %,0.00,ACT,0.00,0,141
08/22/2025,RB446,IST/DAM,C,12,0,0,0,0,0,1,0.00,0 %,0.00,ACT,0.00,0,12
08/22/2025,RB446,IST/DAM,Y,141,0,0,0,0,0,104,0.00,0 %,0.00,ACT,0.00,0,141
08/22/2025,RB505,DAM/SHJ,C,12,0,0,0,0,0,8,0.00,0 %,0.00,ACT,0.00,0,12
08/22/2025,RB505,DAM/SHJ,Y,145,0,0,0,0,0,4,0.00,0 %,0.00,ACT,0.00,0,145
08/22/2025,RB503,DAM/AUH,C,12,0,0,0,0,0,7,0.00,0 %,0.00,ACT,0.00,0,12
08/22/2025,RB503,DAM/AUH,Y,148,0,0,0,0,0,8,0.00,0 %,0.00,ACT,0.00,0,148
08/22/2025,RB515,DAM/DXB,C,12,0,0,0,0,0,1,0.00,0 %,0.00,ACT,0.00,0,12
08/22/2025,RB515,DAM/DXB,Y,145,0,0,0,0,0,3,0.00,0 %,0.00,ACT,0.00,0,145
08/22/2025,RB506,SHJ/DAM,C,12,0,0,0,0,0,11,0.00,0 %,0.00,ACT,0.00,0,12
08/22/2025,RB506,SHJ/DAM,Y,145,0,0,0,0,0,79,0.00,0 %,0.00,ACT,0.00,0,145
08/22/2025,RB504,AUH/DAM,C,12,0,0,0,0,0,11,0.00,0 %,0.00,ACT,0.00,0,12
08/22/2025,RB504,AUH/DAM,Y,148,0,0,0,0,0,53,0.00,0 %,0.00,ACT,0.00,0,148
08/22/2025,RB516,DXB/DAM,C,12,0,0,0,0,0,7,0.00,0 %,0.00,ACT,0.00,0,12
08/22/2025,RB516,DXB/DAM,Y,145,0,0,0,0,0,90,0.00,0 %,0.00,ACT,0.00,0,145
08/22/2025,RB501,DAM/SHJ,C,12,0,0,0,0,0,4,0.00,0 %,0.00,ACT,0.00,0,12
08/22/2025,RB501,DAM/SHJ,Y,145,0,0,0,0,0,6,0.00,0 %,0.00,ACT,0.00,0,145
08/22/2025,RB443,DAM/IST,C,12,0,0,0,0,0,6,0.00,0 %,0.00,ACT,0.00,0,12
08/22/2025,RB443,DAM/IST,Y,141,0,0,0,0,0,57,0.00,0 %,0.00,ACT,0.00,0,141
08/22/2025,RB389,DAM/RUH,C,12,0,0,0,0,0,0,0.00,0 %,0.00,ACT,0.00,0,12
08/22/2025,RB389,DAM/RUH,Y,148,0,0,0,0,0,1,0.00,0 %,0.00,ACT,0.00,0,148
08/22/2025,RB444,IST/DAM,C,12,0,0,0,0,0,10,0.00,0 %,0.00,ACT,0.00,0,12
08/22/2025,RB444,IST/DAM,Y,141,0,0,0,0,0,67,0.00,0 %,0.00,ACT,0.00,0,141
08/22/2025,RB502,SHJ/DAM,C,12,0,0,0,0,0,12,0.00,0 %,0.00,ACT,0.00,0,12
08/22/2025,RB502,SHJ/DAM,Y,145,0,0,0,0,0,112,0.00,0 %,0.00,ACT,0.00,0,145
08/22/2025,RB390,RUH/DAM,C,12,0,0,0,0,0,11,0.00,0 %,0.00,ACT,0.00,0,12
08/22/2025,RB390,RUH/DAM,Y,148,0,0,0,0,0,124,0.00,0 %,0.00,ACT,0.00,0,148
08/23/2025,RB505,DAM/SHJ,C,12,0,0,0,0,0,9,0.00,0 %,0.00,ACT,0.00,0,12
08/23/2025,RB505,DAM/SHJ,Y,145,0,0,0,0,0,3,0.00,0 %,0.00,ACT,0.00,0,145
08/23/2025,RB515,DAM/DXB,C,12,0,0,0,0,0,2,0.00,0 %,0.00,ACT,0.00,0,12
08/23/2025,RB515,DAM/DXB,Y,145,0,0,0,0,0,4,0.00,0 %,0.00,ACT,0.00,0,145
08/23/2025,RB389,DAM/RUH,C,12,0,0,0,0,0,2,0.00,0 %,0.00,ACT,0.00,0,12
08/23/2025,RB389,DAM/RUH,Y,148,0,0,0,0,0,1,0.00,0 %,0.00,ACT,0.00,0,148
08/23/2025,RB390,RUH/DAM,C,12,0,0,0,0,0,10,0.00,0 %,0.00,ACT,0.00,0,12
08/23/2025,RB390,RUH/DAM,Y,148,0,0,0,0,0,115,0.00,0 %,0.00,ACT,0.00,0,148
08/23/2025,RB506,SHJ/DAM,C,12,0,0,0,0,0,12,0.00,0 %,0.00,ACT,0.00,0,12
08/23/2025,RB506,SHJ/DAM,Y,145,0,0,0,0,0,100,0.00,0 %,0.00,ACT,0.00,0,145
08/23/2025,RB516,DXB/DAM,C,12,0,0,0,0,0,5,0.00,0 %,0.00,ACT,0.00,0,12
08/23/2025,RB516,DXB/DAM,Y,145,0,0,0,0,0,86,0.00,0 %,0.00,ACT,0.00,0,145
08/23/2025,RB521,DAM/DOH,C,12,0,0,0,0,0,0,0.00,0 %,0.00,ACT,0.00,0,12
08/23/2025,RB521,DAM/DOH,Y,148,0,0,0,0,0,1,0.00,0 %,0.00,ACT,0.00,0,148
08/23/2025,RB501,DAM/SHJ,C,12,0,0,0,0,0,1,0.00,0 %,0.00,ACT,0.00,0,12
08/23/2025,RB501,DAM/SHJ,Y,145,0,0,0,0,0,5,0.00,0 %,0.00,ACT,0.00,0,145
08/23/2025,RB341,DAM/KWI,C,12,0,0,0,0,0,1,0.00,0 %,0.00,ACT,0.00,0,12
08/23/2025,RB341,DAM/KWI,Y,141,0,0,0,0,0,0,0.00,0 %,0.00,ACT,0.00,0,141
08/23/2025,RB522,DOH/DAM,C,12,0,0,0,0,0,12,0.00,0 %,0.00,ACT,0.00,0,12
08/23/2025,RB522,DOH/DAM,Y,148,0,0,0,0,0,108,0.00,0 %,0.00,ACT,0.00,0,148
08/23/2025,RB342,KWI/DAM,C,12,0,0,0,0,0,11,0.00,0 %,0.00,ACT,0.00,0,12
08/23/2025,RB342,KWI/DAM,Y,141,0,0,0,0,0,84,0.00,0 %,0.00,ACT,0.00,0,141
08/23/2025,RB502,SHJ/DAM,C,12,0,0,0,0,0,9,0.00,0 %,0.00,ACT,0.00,0,12
08/23/2025,RB502,SHJ/DAM,Y,145,0,0,0,0,0,135,0.00,0 %,0.00,ACT,0.00,0,145
08/23/2025,RB445,DAM/IST,C,12,0,0,0,0,0,12,0.00,0 %,0.00,ACT,0.00,0,12
08/23/2025,RB445,DAM/IST,Y,141,0,0,0,0,0,54,0.00,0 %,0.00,ACT,0.00,0,141
08/24/2025,RB446,IST/DAM,C,12,0,0,0,0,0,12,0.00,0 %,0.00,ACT,0.00,0,12
08/24/2025,RB446,IST/DAM,Y,141,0,0,0,0,0,96,0.00,0 %,0.00,ACT,0.00,0,141
08/24/2025,RB505,DAM/SHJ,C,12,0,0,0,0,0,12,0.00,0 %,0.00,ACT,0.00,0,12
08/24/2025,RB505,DAM/SHJ,Y,138,0,0,0,0,0,0,0.00,0 %,0.00,ACT,0.00,0,138
08/24/2025,RB381,DAM/JED,C,12,0,0,0,0,0,3,0.00,0 %,0.00,ACT,0.00,0,12
08/24/2025,RB381,DAM/JED,Y,148,0,0,0,0,0,37,0.00,0 %,0.00,ACT,0.00,0,148
08/24/2025,RB515,DAM/DXB,C,12,0,0,0,0,0,0,0.00,0 %,0.00,ACT,0.00,0,12
08/24/2025,RB515,DAM/DXB,Y,145,0,0,0,0,0,1,0.00,0 %,0.00,ACT,0.00,0,145
08/24/2025,RB382,JED/DAM,C,12,0,0,0,0,0,10,0.00,0 %,0.00,ACT,0.00,0,12
08/24/2025,RB382,JED/DAM,Y,148,0,0,0,0,0,127,0.00,0 %,0.00,ACT,0.00,0,148
08/24/2025,RB506,SHJ/DAM,C,12,0,0,0,0,0,12,0.00,0 %,0.00,ACT,0.00,0,12
08/24/2025,RB506,SHJ/DAM,Y,138,0,0,0,0,0,95,0.00,0 %,0.00,ACT,0.00,0,138
08/24/2025,RB516,DXB/DAM,C,12,0,0,0,0,0,3,0.00,0 %,0.00,ACT,0.00,0,12
08/24/2025,RB516,DXB/DAM,Y,145,0,0,0,0,0,131,0.00,0 %,0.00,ACT,0.00,0,145
08/24/2025,RB443,DAM/IST,C,12,0,0,0,0,0,10,0.00,0 %,0.00,ACT,0.00,0,12
08/24/2025,RB443,DAM/IST,Y,141,0,0,0,0,0,23,0.00,0 %,0.00,ACT,0.00,0,141
08/24/2025,RB501,DAM/SHJ,C,12,0,0,0,0,0,0,0.00,0 %,0.00,ACT,0.00,0,12
08/24/2025,RB501,DAM/SHJ,Y,145,0,0,0,0,0,6,0.00,0 %,0.00,ACT,0.00,0,145
08/24/2025,RB444,IST/DAM,C,12,0,0,0,0,0,10,0.00,0 %,0.00,ACT,0.00,0,12
08/24/2025,RB444,IST/DAM,Y,141,0,0,0,0,0,67,0.00,0 %,0.00,ACT,0.00,0,141
08/24/2025,RB502,SHJ/DAM,C,12,0,0,0,0,0,12,0.00,0 %,0.00,ACT,0.00,0,12
08/24/2025,RB502,SHJ/DAM,Y,145,0,0,0,0,0,134,0.00,0 %,0.00,ACT,0.00,0,145
08/25/2025,RB389,DAM/RUH,C,12,0,0,0,0,0,0,0.00,0 %,0.00,ACT,0.00,0,12
08/25/2025,RB389,DAM/RUH,Y,148,0,0,0,0,0,5,0.00,0 %,0.00,ACT,0.00,0,148
08/25/2025,RB443,DAM/IST,C,12,0,0,0,0,0,11,0.00,0 %,0.00,ACT,0.00,0,12
08/25/2025,RB443,DAM/IST,Y,141,0,0,0,0,0,9,0.00,0 %,0.00,ACT,0.00,0,141
08/25/2025,RB515,DAM/DXB,C,12,0,0,0,0,0,9,0.00,0 %,0.00,ACT,0.00,0,12
08/25/2025,RB515,DAM/DXB,Y,145,0,0,0,0,0,3,0.00,0 %,0.00,ACT,0.00,0,145
08/25/2025,RB390,RUH/DAM,C,12,0,0,0,0,0,11,0.00,0 %,0.00,ACT,0.00,0,12
08/25/2025,RB390,RUH/DAM,Y,148,0,0,0,0,0,111,0.00,0 %,0.00,ACT,0.00,0,148
08/25/2025,RB444,IST/ALP,C,12,0,0,0,0,0,9,0.00,0 %,0.00,ACT,0.00,0,12
08/25/2025,RB444,IST/ALP,Y,141,0,0,0,0,0,47,0.00,0 %,0.00,ACT,0.00,0,141
08/25/2025,RB517,ALP/DXB,C,12,0,0,0,0,0,0,0.00,0 %,0.00,ACT,0.00,0,12
08/25/2025,RB517,ALP/DXB,Y,141,0,0,0,0,0,4,0.00,0 %,0.00,ACT,0.00,0,141
08/25/2025,RB516,DXB/DAM,C,12,0,0,0,0,0,0,0.00,0 %,0.00,ACT,0.00,0,12
08/25/2025,RB516,DXB/DAM,Y,145,0,0,0,0,0,96,0.00,0 %,0.00,ACT,0.00,0,145
08/25/2025,RB501,DAM/SHJ,C,12,0,0,0,0,0,2,0.00,0 %,0.00,ACT,0.00,0,12
08/25/2025,RB501,DAM/SHJ,Y,145,0,0,0,0,0,0,0.00,0 %,0.00,ACT,0.00,0,145
08/25/2025,RB521,DAM/DOH,C,12,0,0,0,0,0,1,0.00,0 %,0.00,ACT,0.00,0,12
08/25/2025,RB521,DAM/DOH,Y,148,0,0,0,0,0,0,0.00,0 %,0.00,ACT,0.00,0,148
08/25/2025,RB518,DXB/ALP,C,12,0,0,0,0,0,8,0.00,0 %,0.00,ACT,0.00,0,12
08/25/2025,RB518,DXB/ALP,Y,141,0,0,0,0,0,93,0.00,0 %,0.00,ACT,0.00,0,141
08/25/2025,RB522,DOH/DAM,C,12,0,0,0,0,0,11,0.00,0 %,0.00,ACT,0.00,0,12
08/25/2025,RB522,DOH/DAM,Y,148,0,0,0,0,0,112,0.00,0 %,0.00,ACT,0.00,0,148
08/25/2025,RB502,SHJ/DAM,C,12,0,0,0,0,0,12,0.00,0 %,0.00,ACT,0.00,0,12
08/25/2025,RB502,SHJ/DAM,Y,145,0,0,0,0,0,110,0.00,0 %,0.00,ACT,0.00,0,145
08/25/2025,RB445,ALP/IST,C,12,0,0,0,0,0,12,0.00,0 %,0.00,ACT,0.00,0,12
08/25/2025,RB445,ALP/IST,Y,141,0,0,0,0,0,39,0.00,0 %,0.00,ACT,0.00,0,141
08/26/2025,RB446,IST/DAM,C,12,0,0,0,0,0,5,0.00,0 %,0.00,ACT,0.00,0,12
08/26/2025,RB446,IST/DAM,Y,138,0,0,0,0,0,76,0.00,0 %,0.00,ACT,0.00,0,138
08/26/2025,RB515,DAM/DXB,C,12,0,0,0,0,0,9,0.00,0 %,0.00,ACT,0.00,0,12
08/26/2025,RB515,DAM/DXB,Y,145,0,0,0,0,0,7,0.00,0 %,0.00,ACT,0.00,0,145
08/26/2025,RB341,DAM/KWI,C,12,0,0,0,0,0,3,0.00,0 %,0.00,ACT,0.00,0,12
08/26/2025,RB341,DAM/KWI,Y,148,0,0,0,0,0,5,0.00,0 %,0.00,ACT,0.00,0,148
08/26/2025,RB342,KWI/DAM,C,12,0,0,0,0,0,12,0.00,0 %,0.00,ACT,0.00,0,12
08/26/2025,RB342,KWI/DAM,Y,148,0,0,0,0,0,86,0.00,0 %,0.00,ACT,0.00,0,148
08/26/2025,RB516,DXB/DAM,C,12,0,0,0,0,0,11,0.00,0 %,0.00,ACT,0.00,0,12
08/26/2025,RB516,DXB/DAM,Y,145,0,0,0,0,0,106,0.00,0 %,0.00,ACT,0.00,0,145
08/26/2025,RB503,DAM/AUH,C,12,0,0,0,0,0,3,0.00,0 %,0.00,ACT,0.00,0,12
08/26/2025,RB503,DAM/AUH,Y,148,0,0,0,0,0,6,0.00,0 %,0.00,ACT,0.00,0,148
08/26/2025,RB501,DAM/SHJ,C,12,0,0,0,0,0,1,0.00,0 %,0.00,ACT,0.00,0,12
08/26/2025,RB501,DAM/SHJ,Y,141,0,0,0,0,0,2,0.00,0 %,0.00,ACT,0.00,0,141
08/26/2025,RB504,AUH/DAM,C,12,0,0,0,0,0,11,0.00,0 %,0.00,ACT,0.00,0,12
08/26/2025,RB504,AUH/DAM,Y,148,0,0,0,0,0,115,0.00,0 %,0.00,ACT,0.00,0,148
08/26/2025,RB502,SHJ/DAM,C,12,0,0,0,0,0,11,0.00,0 %,0.00,ACT,0.00,0,12
08/26/2025,RB502,SHJ/DAM,Y,141,0,0,0,0,0,125,0.00,0 %,0.00,ACT,0.00,0,141
08/27/2025,RB515,DAM/DXB,C,12,0,0,0,0,0,6,0.00,0 %,0.00,ACT,0.00,0,12
08/27/2025,RB515,DAM/DXB,Y,145,0,0,0,0,0,4,0.00,0 %,0.00,ACT,0.00,0,145
08/27/2025,RB389,DAM/RUH,C,12,0,0,0,0,0,2,0.00,0 %,0.00,ACT,0.00,0,12
08/27/2025,RB389,DAM/RUH,Y,148,0,0,0,0,0,6,0.00,0 %,0.00,ACT,0.00,0,148
08/27/2025,RB390,RUH/DAM,C,12,0,0,0,0,0,7,0.00,0 %,0.00,ACT,0.00,0,12
08/27/2025,RB390,RUH/DAM,Y,148,0,0,0,0,0,104,0.00,0 %,0.00,ACT,0.00,0,148
08/27/2025,RB516,DXB/DAM,C,12,0,0,0,0,0,9,0.00,0 %,0.00,ACT,0.00,0,12
08/27/2025,RB516,DXB/DAM,Y,145,0,0,0,0,0,91,0.00,0 %,0.00,ACT,0.00,0,145
08/27/2025,RB501,DAM/SHJ,C,12,0,0,0,0,0,2,0.00,0 %,0.00,ACT,0.00,0,12
08/27/2025,RB501,DAM/SHJ,Y,145,0,0,0,0,0,0,0.00,0 %,0.00,ACT,0.00,0,145
08/27/2025,RB443,DAM/IST,C,12,0,0,0,0,0,4,0.00,0 %,0.00,ACT,0.00,0,12
08/27/2025,RB443,DAM/IST,Y,141,0,0,0,0,0,0,0.00,0 %,0.00,ACT,0.00,0,141
08/27/2025,RB444,IST/DAM,C,12,0,0,0,0,0,6,0.00,0 %,0.00,ACT,0.00,0,12
08/27/2025,RB444,IST/DAM,Y,141,0,0,0,0,0,47,0.00,0 %,0.00,ACT,0.00,0,141
08/27/2025,RB502,SHJ/DAM,C,12,0,0,0,0,0,12,0.00,0 %,0.00,ACT,0.00,0,12
08/27/2025,RB502,SHJ/DAM,Y,145,0,0,0,0,0,130,0.00,0 %,0.00,ACT,0.00,0,145
08/27/2025,RB505,DAM/SHJ,C,12,0,0,0,0,0,12,0.00,0 %,0.00,ACT,0.00,0,12
08/27/2025,RB505,DAM/SHJ,Y,145,0,0,0,0,0,24,0.00,0 %,0.00,ACT,0.00,0,145
08/27/2025,RB521,DAM/DOH,C,12,0,0,0,0,0,1,0.00,0 %,0.00,ACT,0.00,0,12
08/27/2025,RB521,DAM/DOH,Y,148,0,0,0,0,0,1,0.00,0 %,0.00,ACT,0.00,0,148
08/28/2025,RB522,DOH/DAM,C,12,0,0,0,0,0,11,0.00,0 %,0.00,ACT,0.00,0,12
08/28/2025,RB522,DOH/DAM,Y,148,0,0,0,0,0,74,0.00,0 %,0.00,ACT,0.00,0,148
08/28/2025,RB506,SHJ/DAM,C,12,0,0,0,0,0,12,0.00,0 %,0.00,ACT,0.00,0,12
08/28/2025,RB506,SHJ/DAM,Y,148,0,0,0,0,0,126,0.00,0 %,0.00,ACT,0.00,0,148
08/28/2025,RB515,DAM/DXB,C,12,0,0,0,0,0,7,0.00,0 %,0.00,ACT,0.00,0,12
08/28/2025,RB515,DAM/DXB,Y,145,0,0,0,0,0,10,0.00,0 %,0.00,ACT,0.00,0,145
08/28/2025,RB527,DAM/DMM,C,12,0,0,0,0,0,0,0.00,0 %,0.00,ACT,0.00,0,12
08/28/2025,RB527,DAM/DMM,Y,148,0,0,0,0,0,3,0.00,0 %,0.00,ACT,0.00,0,148
08/28/2025,RB528,DMM/DAM,C,12,0,0,0,0,0,12,0.00,0 %,0.00,ACT,0.00,0,12
08/28/2025,RB528,DMM/DAM,Y,148,0,0,0,0,0,111,0.00,0 %,0.00,ACT,0.00,0,148
08/28/2025,RB516,DXB/DAM,C,12,0,0,0,0,0,8,0.00,0 %,0.00,ACT,0.00,0,12
08/28/2025,RB516,DXB/DAM,Y,145,0,0,0,0,0,81,0.00,0 %,0.00,ACT,0.00,0,145
08/28/2025,RB381,DAM/JED,C,12,0,0,0,0,0,0,0.00,0 %,0.00,ACT,0.00,0,12
08/28/2025,RB381,DAM/JED,Y,148,0,0,0,0,0,7,0.00,0 %,0.00,ACT,0.00,0,148
08/28/2025,RB341,DAM/KWI,C,12,0,0,0,0,0,0,0.00,0 %,0.00,ACT,0.00,0,12
08/28/2025,RB341,DAM/KWI,Y,141,0,0,0,0,0,0,0.00,0 %,0.00,ACT,0.00,0,141
08/28/2025,RB382,JED/DAM,C,12,0,0,0,0,0,8,0.00,0 %,0.00,ACT,0.00,0,12
08/28/2025,RB382,JED/DAM,Y,148,0,0,0,0,0,25,0.00,0 %,0.00,ACT,0.00,0,148
08/28/2025,RB342,KWI/DAM,C,12,0,0,0,0,0,12,0.00,0 %,0.00,ACT,0.00,0,12
08/28/2025,RB342,KWI/DAM,Y,141,0,0,0,0,0,74,0.00,0 %,0.00,ACT,0.00,0,141
08/28/2025,RB509,DAM/SHJ,C,12,0,0,0,0,0,11,0.00,0 %,0.00,ACT,0.00,0,12
08/28/2025,RB509,DAM/SHJ,Y,145,0,0,0,0,0,9,0.00,0 %,0.00,ACT,0.00,0,145
08/28/2025,RB507,DAM/SHJ,C,12,0,0,0,0,0,12,0.00,0 %,0.00,ACT,0.00,0,12
08/28/2025,RB507,DAM/SHJ,Y,145,0,0,0,0,0,27,0.00,0 %,0.00,ACT,0.00,0,145
08/29/2025,RB505,DAM/SHJ,C,12,0,0,0,0,0,12,0.00,0 %,0.00,ACT,0.00,0,12
08/29/2025,RB505,DAM/SHJ,Y,145,0,0,0,0,0,34,0.00,0 %,0.00,ACT,0.00,0,145
08/29/2025,RB515,DAM/DXB,C,12,0,0,0,0,0,5,0.00,0 %,0.00,ACT,0.00,0,12
08/29/2025,RB515,DAM/DXB,Y,145,0,0,0,0,0,16,0.00,0 %,0.00,ACT,0.00,0,145
08/29/2025,RB506,SHJ/DAM,C,12,0,0,0,0,0,10,0.00,0 %,0.00,ACT,0.00,0,12
08/29/2025,RB506,SHJ/DAM,Y,145,0,0,0,0,0,72,0.00,0 %,0.00,ACT,0.00,0,145
08/29/2025,RB516,DXB/DAM,C,12,0,0,0,0,0,10,0.00,0 %,0.00,ACT,0.00,0,12
08/29/2025,RB516,DXB/DAM,Y,145,0,0,0,0,0,95,0.00,0 %,0.00,ACT,0.00,0,145
08/29/2025,RB501,DAM/SHJ,C,12,0,0,0,0,0,8,0.00,0 %,0.00,ACT,0.00,0,12
08/29/2025,RB501,DAM/SHJ,Y,145,0,0,0,0,0,0,0.00,0 %,0.00,ACT,0.00,0,145
08/29/2025,RB443,DAM/IST,C,12,0,0,0,0,0,0,0.00,0 %,0.00,ACT,0.00,0,12
08/29/2025,RB443,DAM/IST,Y,141,0,0,0,0,0,7,0.00,0 %,0.00,ACT,0.00,0,141
08/29/2025,RB444,IST/DAM,C,12,0,0,0,0,0,11,0.00,0 %,0.00,ACT,0.00,0,12
08/29/2025,RB444,IST/DAM,Y,141,0,0,0,0,0,60,0.00,0 %,0.00,ACT,0.00,0,141
08/29/2025,RB503,DAM/AUH,C,12,0,0,0,0,0,11,0.00,0 %,0.00,ACT,0.00,0,12
08/29/2025,RB503,DAM/AUH,Y,148,0,0,0,0,0,0,0.00,0 %,0.00,ACT,0.00,0,148
08/29/2025,RB389,DAM/RUH,C,12,0,0,0,0,0,1,0.00,0 %,0.00,ACT,0.00,0,12
08/29/2025,RB389,DAM/RUH,Y,148,0,0,0,0,0,6,0.00,0 %,0.00,ACT,0.00,0,148
08/30/2025,RB390,RUH/DAM,C,12,0,0,0,0,0,12,0.00,0 %,0.00,ACT,0.00,0,12
08/30/2025,RB390,RUH/DAM,Y,148,0,0,0,0,0,118,0.00,0 %,0.00,ACT,0.00,0,148
08/30/2025,RB504,AUH/DAM,C,12,0,0,0,0,0,8,0.00,0 %,0.00,ACT,0.00,0,12
08/30/2025,RB504,AUH/DAM,Y,148,0,0,0,0,0,80,0.00,0 %,0.00,ACT,0.00,0,148
08/30/2025,RB505,DAM/SHJ,C,12,0,0,0,0,0,12,0.00,0 %,0.00,ACT,0.00,0,12
08/30/2025,RB505,DAM/SHJ,Y,145,0,0,0,0,0,9,0.00,0 %,0.00,ACT,0.00,0,145
08/30/2025,RB515,DAM/DXB,C,12,0,0,0,0,0,4,0.00,0 %,0.00,ACT,0.00,0,12
08/30/2025,RB515,DAM/DXB,Y,145,0,0,0,0,0,2,0.00,0 %,0.00,ACT,0.00,0,145
08/30/2025,RB506,SHJ/DAM,C,12,0,0,0,0,0,12,0.00,0 %,0.00,ACT,0.00,0,12
08/30/2025,RB506,SHJ/DAM,Y,145,0,0,0,0,0,74,0.00,0 %,0.00,ACT,0.00,0,145
08/30/2025,RB516,DXB/DAM,C,12,0,0,0,0,0,4,0.00,0 %,0.00,ACT,0.00,0,12
08/30/2025,RB516,DXB/DAM,Y,145,0,0,0,0,0,73,0.00,0 %,0.00,ACT,0.00,0,145
08/30/2025,RB391,DAM/RUH,C,12,0,0,0,0,0,4,0.00,0 %,0.00,ACT,0.00,0,12
08/30/2025,RB391,DAM/RUH,Y,148,0,0,0,0,0,0,0.00,0 %,0.00,ACT,0.00,0,148
08/30/2025,RB341,DAM/KWI,C,12,0,0,0,0,0,4,0.00,0 %,0.00,ACT,0.00,0,12
08/30/2025,RB341,DAM/KWI,Y,141,0,0,0,0,0,13,0.00,0 %,0.00,ACT,0.00,0,141
08/30/2025,RB392,RUH/DAM,C,12,0,0,0,0,0,12,0.00,0 %,0.00,ACT,0.00,0,12
08/30/2025,RB392,RUH/DAM,Y,148,0,0,0,0,0,119,0.00,0 %,0.00,ACT,0.00,0,148
08/30/2025,RB342,KWI/DAM,C,12,0,0,0,0,0,11,0.00,0 %,0.00,ACT,0.00,0,12
08/30/2025,RB342,KWI/DAM,Y,141,0,0,0,0,0,86,0.00,0 %,0.00,ACT,0.00,0,141
08/30/2025,RB507,DAM/SHJ,C,12,0,0,0,0,0,3,0.00,0 %,0.00,ACT,0.00,0,12
08/30/2025,RB507,DAM/SHJ,Y,145,0,0,0,0,0,1,0.00,0 %,0.00,ACT,0.00,0,145
08/30/2025,RB521,DAM/DOH,C,12,0,0,0,0,0,0,0.00,0 %,0.00,ACT,0.00,0,12
08/30/2025,RB521,DAM/DOH,Y,148,0,0,0,0,0,1,0.00,0 %,0.00,ACT,0.00,0,148
08/31/2025,RB508,SHJ/DAM,C,12,0,0,0,0,0,11,0.00,0 %,0.00,ACT,0.00,0,12
08/31/2025,RB508,SHJ/DAM,Y,145,0,0,0,0,0,122,0.00,0 %,0.00,ACT,0.00,0,145
08/31/2025,RB522,DOH/DAM,C,12,0,0,0,0,0,12,0.00,0 %,0.00,ACT,0.00,0,12
08/31/2025,RB522,DOH/DAM,Y,148,0,0,0,0,0,79,0.00,0 %,0.00,ACT,0.00,0,148
08/31/2025,RB505,DAM/SHJ,C,12,0,0,0,0,0,11,0.00,0 %,0.00,ACT,0.00,0,12
08/31/2025,RB505,DAM/SHJ,Y,138,0,0,0,0,0,9,0.00,0 %,0.00,ACT,0.00,0,138
08/31/2025,RB515,DAM/DXB,C,12,0,0,0,0,0,5,0.00,0 %,0.00,ACT,0.00,0,12
08/31/2025,RB515,DAM/DXB,Y,145,0,0,0,0,0,5,0.00,0 %,0.00,ACT,0.00,0,145
08/31/2025,RB506,SHJ/DAM,C,12,0,0,0,0,0,11,0.00,0 %,0.00,ACT,0.00,0,12
08/31/2025,RB506,SHJ/DAM,Y,138,0,0,0,0,0,73,0.00,0 %,0.00,ACT,0.00,0,138
08/31/2025,RB516,DXB/DAM,C,12,0,0,0,0,0,11,0.00,0 %,0.00,ACT,0.00,0,12
08/31/2025,RB516,DXB/DAM,Y,145,0,0,0,0,0,124,0.00,0 %,0.00,ACT,0.00,0,145
08/31/2025,RB443,DAM/IST,C,12,0,0,0,0,0,6,0.00,0 %,0.00,ACT,0.00,0,12
08/31/2025,RB443,DAM/IST,Y,141,0,0,0,0,0,0,0.00,0 %,0.00,ACT,0.00,0,141
08/31/2025,RB501,DAM/SHJ,C,12,0,0,0,0,0,8,0.00,0 %,0.00,ACT,0.00,0,12
08/31/2025,RB501,DAM/SHJ,Y,145,0,0,0,0,0,0,0.00,0 %,0.00,ACT,0.00,0,145
08/31/2025,RB444,IST/DAM,C,12,0,0,0,0,0,11,0.00,0 %,0.00,ACT,0.00,0,12
08/31/2025,RB444,IST/DAM,Y,141,0,0,0,0,0,46,0.00,0 %,0.00,ACT,0.00,0,141
08/31/2025,RB502,SHJ/DAM,C,12,0,0,0,0,0,12,0.00,0 %,0.00,ACT,0.00,0,12
08/31/2025,RB502,SHJ/DAM,Y,145,0,0,0,0,0,135,0.00,0 %,0.00,ACT,0.00,0,145
09/01/2025,RB443,DAM/IST,C,12,0,0,9,0,0,3,"2,119.50",75 %,0.00,ACT,0.00,9,3
09/01/2025,RB443,DAM/IST,Y,141,0,0,139,0,0,2,"17,614.39",99 %,0.00,ACT,0.00,139,2
09/01/2025,RB515,DAM/DXB,C,12,0,0,6,0,0,6,"2,237.21",50 %,0.00,ACT,0.00,6,6
09/01/2025,RB515,DAM/DXB,Y,145,0,0,142,0,0,3,"16,738.49",98 %,0.00,ACT,0.00,142,3
09/01/2025,RB444,IST/ALP,C,12,0,0,0,0,0,12,0.00,0 %,0.00,ACT,0.00,0,12
09/01/2025,RB444,IST/ALP,Y,141,0,0,55,0,0,86,"5,930.65",39 %,0.00,ACT,0.00,55,86
09/01/2025,RB517,ALP/DXB,C,12,0,0,8,0,0,4,"3,245.04",67 %,0.00,ACT,0.00,8,4
09/01/2025,RB517,ALP/DXB,Y,141,0,0,141,0,0,0,"21,776.28",100 %,0.00,ACT,0.00,141,0
09/01/2025,RB516,DXB/DAM,C,12,0,0,0,0,0,12,0.00,0 %,0.00,ACT,0.00,0,12
09/01/2025,RB516,DXB/DAM,Y,145,0,0,81,0,0,64,"5,817.87",56 %,0.00,ACT,0.00,81,64
09/01/2025,RB521,DAM/DOH,C,12,0,0,11,0,0,1,"3,127.96",92 %,0.00,ACT,0.00,11,1
09/01/2025,RB521,DAM/DOH,Y,148,0,0,147,0,0,1,"26,123.50",99 %,0.00,ACT,0.00,147,1
09/01/2025,RB518,DXB/ALP,C,12,0,0,0,0,0,12,0.00,0 %,0.00,ACT,0.00,0,12
09/01/2025,RB518,DXB/ALP,Y,138,0,0,50,0,0,88,"5,593.92",36 %,0.00,ACT,0.00,50,88
09/01/2025,RB522,DOH/DAM,C,12,0,0,3,0,0,9,911.04,25 %,0.00,ACT,0.00,3,9
09/01/2025,RB522,DOH/DAM,Y,148,0,0,65,0,0,83,"8,162.70",44 %,0.00,ACT,0.00,65,83
09/01/2025,RB445,ALP/IST,C,12,0,0,0,0,0,12,0.00,0 %,0.00,ACT,0.00,0,12
09/01/2025,RB445,ALP/IST,Y,141,0,0,122,0,0,19,"12,549.55",87 %,0.00,ACT,0.00,122,19
09/01/2025,RB389,DAM/RUH,C,12,0,0,6,0,0,6,"1,896.57",50 %,0.00,ACT,0.00,6,6
09/01/2025,RB389,DAM/RUH,Y,148,0,0,144,0,0,4,"22,064.87",97 %,0.00,ACT,0.00,144,4
09/02/2025,RB446,IST/DAM,C,12,0,0,1,0,0,11,250.00,8 %,0.00,ACT,0.00,1,11
09/02/2025,RB446,IST/DAM,Y,138,0,0,62,0,0,76,"6,643.50",45 %,0.00,ACT,0.00,62,76
09/02/2025,RB390,RUH/DAM,C,12,0,0,1,0,0,11,363.75,8 %,0.00,ACT,0.00,1,11
09/02/2025,RB390,RUH/DAM,Y,148,0,0,24,0,0,124,"1,250.20",16 %,0.00,ACT,0.00,24,124
09/02/2025,RB515,DAM/DXB,C,12,0,0,3,0,0,9,871.26,25 %,0.00,ACT,0.00,3,9
09/02/2025,RB515,DAM/DXB,Y,145,0,0,93,0,0,52,"9,546.55",64 %,0.00,ACT,0.00,93,52
09/02/2025,RB341,DAM/KWI,C,12,0,0,10,0,0,2,"2,177.18",83 %,0.00,ACT,0.00,10,2
09/02/2025,RB341,DAM/KWI,Y,148,0,0,145,0,0,3,"13,103.80",98 %,0.00,ACT,0.00,145,3
09/02/2025,RB342,KWI/DAM,C,12,0,0,1,0,0,11,227.25,8 %,0.00,ACT,0.00,1,11
09/02/2025,RB342,KWI/DAM,Y,148,0,0,89,0,0,59,"8,388.54",60 %,0.00,ACT,0.00,89,59
09/02/2025,RB516,DXB/DAM,C,12,0,0,8,0,0,4,"2,893.83",67 %,0.00,ACT,0.00,8,4
09/02/2025,RB516,DXB/DAM,Y,145,0,0,36,0,0,109,"1,728.63",25 %,0.00,ACT,0.00,36,109
09/02/2025,RB503,DAM/AUH,C,12,0,0,4,0,0,8,"1,126.26",33 %,0.00,ACT,0.00,4,8
09/02/2025,RB503,DAM/AUH,Y,148,0,0,125,0,0,23,"19,550.43",84 %,0.00,ACT,0.00,125,23
09/02/2025,RB501,DAM/SHJ,C,12,0,0,0,0,0,12,0.00,0 %,0.00,ACT,0.00,0,12
09/02/2025,RB501,DAM/SHJ,Y,145,0,0,117,0,0,28,"13,391.39",81 %,0.00,ACT,0.00,117,28
09/02/2025,RB504,AUH/DAM,C,12,0,0,0,0,0,12,0.00,0 %,0.00,ACT,0.00,0,12
09/02/2025,RB504,AUH/DAM,Y,148,0,0,78,0,0,70,"4,803.76",53 %,0.00,ACT,0.00,78,70
09/02/2025,RB507,DAM/SHJ,C,12,0,0,3,0,0,9,"1,325.98",25 %,0.00,ACT,0.00,3,9
09/02/2025,RB507,DAM/SHJ,Y,148,0,0,107,0,0,41,"11,962.33",72 %,0.00,ACT,0.00,107,41
09/03/2025,RB508,SHJ/DAM,C,12,0,0,7,0,0,5,"2,062.25",58 %,0.00,ACT,0.00,7,5
09/03/2025,RB508,SHJ/DAM,Y,148,0,0,46,0,0,102,"2,349.61",31 %,0.00,ACT,0.00,46,102
09/03/2025,RB515,DAM/DXB,C,12,0,0,2,0,0,10,510.00,17 %,0.00,ACT,0.00,2,10
09/03/2025,RB515,DAM/DXB,Y,145,0,0,67,0,0,78,"7,492.36",46 %,0.00,ACT,0.00,67,78
09/03/2025,RB389,DAM/RUH,C,12,0,0,6,0,0,6,"2,044.25",50 %,0.00,ACT,0.00,6,6
09/03/2025,RB389,DAM/RUH,Y,148,0,0,114,0,0,34,"16,289.34",77 %,0.00,ACT,0.00,114,34
09/03/2025,RB390,RUH/DAM,C,12,0,0,3,0,0,9,953.35,25 %,0.00,ACT,0.00,3,9
09/03/2025,RB390,RUH/DAM,Y,148,0,0,37,0,0,111,"2,400.48",25 %,0.00,ACT,0.00,37,111
09/03/2025,RB516,DXB/DAM,C,12,0,0,2,0,0,10,616.27,17 %,0.00,ACT,0.00,2,10
09/03/2025,RB516,DXB/DAM,Y,145,0,0,34,0,0,111,"2,350.21",23 %,0.00,ACT,0.00,34,111
09/03/2025,RB501,DAM/SHJ,C,12,0,0,1,0,0,11,255.00,8 %,0.00,ACT,0.00,1,11
09/03/2025,RB501,DAM/SHJ,Y,145,0,0,145,0,0,0,"16,377.04",100 %,0.00,ACT,0.00,145,0
09/03/2025,RB443,DAM/IST,C,12,0,0,11,0,0,1,"2,931.25",92 %,0.00,ACT,0.00,11,1
09/03/2025,RB443,DAM/IST,Y,141,0,0,145,0,0,0,"15,726.64",103 %,0.00,ACT,0.00,145,0
09/03/2025,RB444,IST/DAM,C,12,0,0,1,0,0,11,207.75,8 %,0.00,ACT,0.00,1,11
09/03/2025,RB444,IST/DAM,Y,141,0,0,96,0,0,45,"10,068.10",68 %,0.00,ACT,0.00,96,45
09/03/2025,RB521,DAM/DOH,C,12,0,0,6,0,0,6,"1,774.97",50 %,0.00,ACT,0.00,6,6
09/03/2025,RB521,DAM/DOH,Y,148,0,0,141,0,0,7,"23,147.64",95 %,0.00,ACT,0.00,141,7
09/04/2025,RB522,DOH/DAM,C,12,0,0,1,0,0,11,328.77,8 %,0.00,ACT,0.00,1,11
09/04/2025,RB522,DOH/DAM,Y,148,0,0,79,0,0,69,"10,158.30",53 %,0.00,ACT,0.00,79,69
09/04/2025,RB515,DAM/DXB,C,12,0,0,0,0,0,12,0.00,0 %,0.00,ACT,0.00,0,12
09/04/2025,RB515,DAM/DXB,Y,145,0,0,89,0,0,56,"8,759.14",61 %,0.00,ACT,0.00,89,56
09/04/2025,RB527,DAM/DMM,C,12,0,0,12,0,0,0,"3,842.51",100 %,0.00,ACT,0.00,12,0
09/04/2025,RB527,DAM/DMM,Y,148,0,0,93,0,0,55,"14,057.71",63 %,0.00,ACT,0.00,93,55
09/04/2025,RB528,DMM/DAM,C,12,0,0,1,0,0,11,520.00,8 %,0.00,ACT,0.00,1,11
09/04/2025,RB528,DMM/DAM,Y,148,0,0,39,0,0,109,"3,944.35",26 %,0.00,ACT,0.00,39,109
09/04/2025,RB516,DXB/DAM,C,12,0,0,6,0,0,6,"2,175.38",50 %,0.00,ACT,0.00,6,6
09/04/2025,RB516,DXB/DAM,Y,145,0,0,57,0,0,88,"3,638.94",39 %,0.00,ACT,0.00,57,88
09/04/2025,RB381,DAM/JED,C,12,0,0,12,0,0,0,"3,886.13",100 %,0.00,ACT,0.00,12,0
09/04/2025,RB381,DAM/JED,Y,148,0,0,143,0,0,5,"20,101.23",97 %,0.00,ACT,0.00,143,5
09/04/2025,RB341,DAM/KWI,C,12,0,0,9,0,0,3,"2,170.65",75 %,0.00,ACT,0.00,9,3
09/04/2025,RB341,DAM/KWI,Y,141,0,0,139,0,0,2,"12,831.30",99 %,0.00,ACT,0.00,139,2
09/04/2025,RB382,JED/DAM,C,12,0,0,1,0,0,11,256.75,8 %,0.00,ACT,0.00,1,11
09/04/2025,RB382,JED/DAM,Y,148,0,0,76,0,0,72,"7,490.35",51 %,0.00,ACT,0.00,76,72
09/04/2025,RB342,KWI/DAM,C,12,0,0,0,0,0,12,0.00,0 %,0.00,ACT,0.00,0,12
09/04/2025,RB342,KWI/DAM,Y,141,0,0,48,0,0,93,"3,832.53",34 %,0.00,ACT,0.00,48,93
09/04/2025,RB509,DAM/SHJ,C,12,0,0,0,0,0,12,0.00,0 %,0.00,ACT,0.00,0,12
09/04/2025,RB509,DAM/SHJ,Y,145,0,0,147,0,0,0,"16,567.50",101 %,0.00,ACT,0.00,147,0
09/05/2025,RB510,SHJ/DAM,C,12,0,0,0,0,0,12,0.00,0 %,0.00,ACT,0.00,0,12
09/05/2025,RB510,SHJ/DAM,Y,145,0,0,47,0,0,98,"2,773.23",32 %,0.00,ACT,0.00,47,98
09/05/2025,RB505,DAM/SHJ,C,12,0,0,0,0,0,12,0.00,0 %,0.00,ACT,0.00,0,12
09/05/2025,RB505,DAM/SHJ,Y,145,0,0,116,0,0,29,"11,578.00",80 %,0.00,ACT,0.00,116,29
09/05/2025,RB515,DAM/DXB,C,12,0,0,2,0,0,10,680.98,17 %,0.00,ACT,0.00,2,10
09/05/2025,RB515,DAM/DXB,Y,145,0,0,100,0,0,45,"10,156.59",69 %,0.00,ACT,0.00,100,45
09/05/2025,RB506,SHJ/DAM,C,12,0,0,0,0,0,12,0.00,0 %,0.00,ACT,0.00,0,12
09/05/2025,RB506,SHJ/DAM,Y,145,0,0,88,0,0,57,"4,266.25",61 %,0.00,ACT,0.00,88,57
09/05/2025,RB516,DXB/DAM,C,12,0,0,6,0,0,6,"1,848.81",50 %,0.00,ACT,0.00,6,6
09/05/2025,RB516,DXB/DAM,Y,145,0,0,41,0,0,104,"2,013.03",28 %,0.00,ACT,0.00,41,104
09/05/2025,RB501,DAM/SHJ,C,12,0,0,8,0,0,4,"3,067.24",67 %,0.00,ACT,0.00,8,4
09/05/2025,RB501,DAM/SHJ,Y,145,0,0,145,0,0,0,"16,397.03",100 %,0.00,ACT,0.00,145,0
09/05/2025,RB443,DAM/IST,C,12,0,0,9,0,0,3,"2,390.25",75 %,0.00,ACT,0.00,9,3
09/05/2025,RB443,DAM/IST,Y,141,0,0,132,0,0,9,"14,288.30",94 %,0.00,ACT,0.00,132,9
09/05/2025,RB444,IST/DAM,C,12,0,0,11,0,0,1,"3,449.00",92 %,0.00,ACT,0.00,11,1
09/05/2025,RB444,IST/DAM,Y,141,0,0,74,0,0,67,"8,287.25",52 %,0.00,ACT,0.00,74,67
09/05/2025,RB503,DAM/AUH,C,12,0,0,1,0,0,11,255.00,8 %,0.00,ACT,0.00,1,11
09/05/2025,RB503,DAM/AUH,Y,148,0,0,106,0,0,42,"15,999.54",72 %,0.00,ACT,0.00,106,42
09/05/2025,RB391,DAM/RUH,C,12,0,0,12,0,0,0,"4,072.73",100 %,0.00,ACT,0.00,12,0
09/05/2025,RB391,DAM/RUH,Y,148,0,0,143,0,0,5,"25,086.74",97 %,0.00,ACT,0.00,143,5
09/06/2025,RB392,RUH/DAM,C,12,0,0,5,0,0,7,"1,143.50",42 %,0.00,ACT,0.00,5,7
09/06/2025,RB392,RUH/DAM,Y,148,0,0,22,0,0,126,"1,507.93",15 %,0.00,ACT,0.00,22,126
09/06/2025,RB504,AUH/DAM,C,12,0,0,0,0,0,12,0.00,0 %,0.00,ACT,0.00,0,12
09/06/2025,RB504,AUH/DAM,Y,148,0,0,94,0,0,54,"6,140.96",64 %,0.00,ACT,0.00,94,54
09/06/2025,RB505,DAM/SHJ,C,12,0,0,0,0,0,12,0.00,0 %,0.00,ACT,0.00,0,12
09/06/2025,RB505,DAM/SHJ,Y,145,0,0,88,0,0,57,"8,290.93",61 %,0.00,ACT,0.00,88,57
09/06/2025,RB515,DAM/DXB,C,12,0,0,12,0,0,0,"4,013.76",100 %,0.00,ACT,0.00,12,0
09/06/2025,RB515,DAM/DXB,Y,145,0,0,80,0,0,65,"7,063.63",55 %,0.00,ACT,0.00,80,65
09/06/2025,RB506,SHJ/DAM,C,12,0,0,0,0,0,12,0.00,0 %,0.00,ACT,0.00,0,12
09/06/2025,RB506,SHJ/DAM,Y,145,0,0,35,0,0,110,"1,993.97",24 %,0.00,ACT,0.00,35,110
09/06/2025,RB516,DXB/DAM,C,12,0,0,2,0,0,10,510.00,17 %,0.00,ACT,0.00,2,10
09/06/2025,RB516,DXB/DAM,Y,145,0,0,33,0,0,112,"2,036.91",23 %,0.00,ACT,0.00,33,112
09/06/2025,RB389,DAM/RUH,C,12,0,0,1,0,0,11,344.25,8 %,0.00,ACT,0.00,1,11
09/06/2025,RB389,DAM/RUH,Y,148,0,0,119,0,0,29,"17,860.60",80 %,0.00,ACT,0.00,119,29
09/06/2025,RB341,DAM/KWI,C,12,0,0,12,0,0,0,"2,852.40",100 %,0.00,ACT,0.00,12,0
09/06/2025,RB341,DAM/KWI,Y,141,0,0,141,0,0,0,"12,856.40",100 %,0.00,ACT,0.00,141,0
09/06/2025,RB390,RUH/DAM,C,12,0,0,4,0,0,8,"1,442.84",33 %,0.00,ACT,0.00,4,8
09/06/2025,RB390,RUH/DAM,Y,148,0,0,32,0,0,116,"2,577.46",22 %,0.00,ACT,0.00,32,116
09/06/2025,RB342,KWI/DAM,C,12,0,0,0,0,0,12,0.00,0 %,0.00,ACT,0.00,0,12
09/06/2025,RB342,KWI/DAM,Y,141,0,0,25,0,0,116,"2,134.33",18 %,0.00,ACT,0.00,25,116
09/06/2025,RB507,DAM/SHJ,C,12,0,0,7,0,0,5,"2,257.50",58 %,0.00,ACT,0.00,7,5
09/06/2025,RB507,DAM/SHJ,Y,145,0,0,146,0,0,0,"15,845.92",101 %,0.00,ACT,0.00,146,0
09/06/2025,RB521,DAM/DOH,C,12,0,0,7,0,0,5,"2,278.34",58 %,0.00,ACT,0.00,7,5
09/06/2025,RB521,DAM/DOH,Y,148,0,0,134,0,0,14,"22,276.24",91 %,0.00,ACT,0.00,134,14
09/07/2025,RB522,DOH/DAM,C,12,0,0,4,0,0,8,"1,069.20",33 %,0.00,ACT,0.00,4,8
09/07/2025,RB522,DOH/DAM,Y,148,0,0,56,0,0,92,"6,800.71",38 %,0.00,ACT,0.00,56,92
09/07/2025,RB505,DAM/SHJ,C,12,0,0,2,0,0,10,510.00,17 %,0.00,ACT,0.00,2,10
09/07/2025,RB505,DAM/SHJ,Y,138,0,0,132,0,0,6,"12,492.66",96 %,0.00,ACT,0.00,132,6
09/07/2025,RB515,DAM/DXB,C,12,0,0,5,0,0,7,"1,593.78",42 %,0.00,ACT,0.00,5,7
09/07/2025,RB515,DAM/DXB,Y,145,0,0,103,0,0,42,"8,962.12",71 %,0.00,ACT,0.00,103,42
09/07/2025,RB506,SHJ/DAM,C,12,0,0,1,0,0,11,255.00,8 %,0.00,ACT,0.00,1,11
09/07/2025,RB506,SHJ/DAM,Y,138,0,0,40,0,0,98,"1,936.84",29 %,0.00,ACT,0.00,40,98
09/07/2025,RB516,DXB/DAM,C,12,0,0,0,0,0,12,0.00,0 %,0.00,ACT,0.00,0,12
09/07/2025,RB516,DXB/DAM,Y,145,0,0,41,0,0,104,"2,559.71",28 %,0.00,ACT,0.00,41,104
09/07/2025,RB443,DAM/IST,C,12,0,0,11,0,0,1,"2,692.00",92 %,0.00,ACT,0.00,11,1
09/07/2025,RB443,DAM/IST,Y,141,0,0,136,0,0,5,"14,431.74",96 %,0.00,ACT,0.00,136,5
09/07/2025,RB444,IST/DAM,C,12,0,0,2,0,0,10,748.00,17 %,0.00,ACT,0.00,2,10
09/07/2025,RB444,IST/DAM,Y,141,0,0,103,0,0,38,"10,357.78",73 %,0.00,ACT,0.00,103,38
09/08/2025,RB443,DAM/IST,C,12,0,0,0,0,0,12,0.00,0 %,0.00,ACT,0.00,0,12
09/08/2025,RB443,DAM/IST,Y,141,0,0,123,0,0,18,"13,044.35",87 %,0.00,ACT,0.00,123,18
09/08/2025,RB515,DAM/DXB,C,12,0,0,1,0,0,11,255.00,8 %,0.00,ACT,0.00,1,11
09/08/2025,RB515,DAM/DXB,Y,145,0,0,74,0,0,71,"5,209.46",51 %,0.00,ACT,0.00,74,71
09/08/2025,RB444,IST/ALP,C,12,0,0,0,0,0,12,0.00,0 %,0.00,ACT,0.00,0,12
09/08/2025,RB444,IST/ALP,Y,141,0,0,38,0,0,103,"2,909.98",27 %,0.00,ACT,0.00,38,103
09/08/2025,RB517,ALP/DXB,C,12,0,0,1,0,0,11,450.00,8 %,0.00,ACT,0.00,1,11
09/08/2025,RB517,ALP/DXB,Y,141,0,0,122,0,0,19,"17,956.73",87 %,0.00,ACT,0.00,122,19
09/08/2025,RB516,DXB/DAM,C,12,0,0,3,0,0,9,"1,197.84",25 %,0.00,ACT,0.00,3,9
09/08/2025,RB516,DXB/DAM,Y,145,0,0,37,0,0,108,"1,573.13",26 %,0.00,ACT,0.00,37,108
09/08/2025,RB521,DAM/DOH,C,12,0,0,8,0,0,4,"2,664.28",67 %,0.00,ACT,0.00,8,4
09/08/2025,RB521,DAM/DOH,Y,148,0,0,134,0,0,14,"23,468.59",91 %,0.00,ACT,0.00,134,14
09/08/2025,RB518,DXB/ALP,C,12,0,0,0,0,0,12,0.00,0 %,0.00,ACT,0.00,0,12
09/08/2025,RB518,DXB/ALP,Y,138,0,0,46,0,0,92,"5,149.34",33 %,0.00,ACT,0.00,46,92
09/08/2025,RB522,DOH/DAM,C,12,0,0,0,0,0,12,0.00,0 %,0.00,ACT,0.00,0,12
09/08/2025,RB522,DOH/DAM,Y,148,0,0,45,0,0,103,"5,644.57",30 %,0.00,ACT,0.00,45,103
09/08/2025,RB445,ALP/IST,C,12,0,0,0,0,0,12,0.00,0 %,0.00,ACT,0.00,0,12
09/08/2025,RB445,ALP/IST,Y,141,0,0,104,0,0,37,"9,418.81",74 %,0.00,ACT,0.00,104,37
09/08/2025,RB389,DAM/RUH,C,12,0,0,2,0,0,10,629.50,17 %,0.00,ACT,0.00,2,10
09/08/2025,RB389,DAM/RUH,Y,148,0,0,63,0,0,85,"8,087.83",43 %,0.00,ACT,0.00,63,85
09/08/2025,RB446,IST/DAM,C,12,0,0,2,0,0,10,415.50,17 %,0.00,ACT,0.00,2,10
09/08/2025,RB446,IST/DAM,Y,138,0,0,43,0,0,95,"3,652.64",31 %,0.00,ACT,0.00,43,95
09/09/2025,RB390,RUH/DAM,C,12,0,0,0,0,0,12,0.00,0 %,0.00,ACT,0.00,0,12
09/09/2025,RB390,RUH/DAM,Y,148,0,0,43,0,0,105,"2,075.70",29 %,0.00,ACT,0.00,43,105
09/09/2025,RB515,DAM/DXB,C,12,0,0,1,0,0,11,255.00,8 %,0.00,ACT,0.00,1,11
09/09/2025,RB515,DAM/DXB,Y,145,0,0,56,0,0,89,"4,648.85",39 %,0.00,ACT,0.00,56,89
09/09/2025,RB341,DAM/KWI,C,12,0,0,6,0,0,6,"1,287.75",50 %,0.00,ACT,0.00,6,6
09/09/2025,RB341,DAM/KWI,Y,148,0,0,137,0,0,11,"12,918.88",93 %,0.00,ACT,0.00,137,11
09/09/2025,RB342,KWI/DAM,C,12,0,0,2,0,0,10,454.50,17 %,0.00,ACT,0.00,2,10
09/09/2025,RB342,KWI/DAM,Y,148,0,0,50,0,0,98,"4,018.95",34 %,0.00,ACT,0.00,50,98
09/09/2025,RB516,DXB/DAM,C,12,0,0,8,0,0,4,"2,863.03",67 %,0.00,ACT,0.00,8,4
09/09/2025,RB516,DXB/DAM,Y,145,0,0,27,0,0,118,"1,532.39",19 %,0.00,ACT,0.00,27,118
09/09/2025,RB503,DAM/AUH,C,12,0,0,1,0,0,11,361.26,8 %,0.00,ACT,0.00,1,11
09/09/2025,RB503,DAM/AUH,Y,148,0,0,100,0,0,48,"14,894.90",68 %,0.00,ACT,0.00,100,48
09/09/2025,RB501,DAM/SHJ,C,12,0,0,0,0,0,12,0.00,0 %,0.00,ACT,0.00,0,12
09/09/2025,RB501,DAM/SHJ,Y,145,0,0,118,0,0,27,"10,996.72",81 %,0.00,ACT,0.00,118,27
09/09/2025,RB504,AUH/DAM,C,12,0,0,3,0,0,9,"1,304.11",25 %,0.00,ACT,0.00,3,9
09/09/2025,RB504,AUH/DAM,Y,148,0,0,48,0,0,100,"1,844.35",32 %,0.00,ACT,0.00,48,100
09/09/2025,RB502,SHJ/DAM,C,12,0,0,1,0,0,11,471.42,8 %,0.00,ACT,0.00,1,11
09/09/2025,RB502,SHJ/DAM,Y,145,0,0,18,0,0,127,571.85,12 %,0.00,ACT,0.00,18,127
09/10/2025,RB505,DAM/SHJ,C,12,0,0,0,0,0,12,0.00,0 %,0.00,ACT,0.00,0,12
09/10/2025,RB505,DAM/SHJ,Y,148,0,0,80,0,0,68,"6,829.56",54 %,0.00,ACT,0.00,80,68
09/10/2025,RB515,DAM/DXB,C,12,0,0,4,0,0,8,"1,126.26",33 %,0.00,ACT,0.00,4,8
09/10/2025,RB515,DAM/DXB,Y,145,0,0,51,0,0,94,"4,559.34",35 %,0.00,ACT,0.00,51,94
09/10/2025,RB506,SHJ/DAM,C,12,0,0,5,0,0,7,"1,275.00",42 %,0.00,ACT,0.00,5,7
09/10/2025,RB506,SHJ/DAM,Y,148,0,0,37,0,0,111,"2,337.76",25 %,0.00,ACT,0.00,37,111
09/10/2025,RB516,DXB/DAM,C,12,0,0,7,0,0,5,"2,532.83",58 %,0.00,ACT,0.00,7,5
09/10/2025,RB516,DXB/DAM,Y,145,0,0,48,0,0,97,"2,964.72",33 %,0.00,ACT,0.00,48,97
09/10/2025,RB521,DAM/DOH,C,12,0,0,0,0,0,12,0.00,0 %,0.00,ACT,0.00,0,12
09/10/2025,RB521,DAM/DOH,Y,148,0,0,124,0,0,24,"20,237.19",84 %,0.00,ACT,0.00,124,24
09/10/2025,RB443,DAM/IST,C,12,0,0,7,0,0,5,"1,496.50",58 %,0.00,ACT,0.00,7,5
09/10/2025,RB443,DAM/IST,Y,141,0,0,140,0,0,1,"14,754.57",99 %,0.00,ACT,0.00,140,1
09/10/2025,RB522,DOH/DAM,C,12,0,0,3,0,0,9,966.24,25 %,0.00,ACT,0.00,3,9
09/10/2025,RB522,DOH/DAM,Y,148,0,0,74,0,0,74,"9,573.07",50 %,0.00,ACT,0.00,74,74
09/10/2025,RB444,IST/DAM,C,12,0,0,0,0,0,12,0.00,0 %,0.00,ACT,0.00,0,12
09/10/2025,RB444,IST/DAM,Y,141,0,0,99,0,0,42,"9,288.58",70 %,0.00,ACT,0.00,99,42
09/11/2025,RB515,DAM/DXB,C,12,0,0,5,0,0,7,"1,895.04",42 %,0.00,ACT,0.00,5,7
09/11/2025,RB515,DAM/DXB,Y,145,0,0,36,0,0,109,"2,872.33",25 %,0.00,ACT,0.00,36,109
09/11/2025,RB527,DAM/DMM,C,12,0,0,2,0,0,10,688.50,17 %,0.00,ACT,0.00,2,10
09/11/2025,RB527,DAM/DMM,Y,148,0,0,66,0,0,82,"10,308.77",45 %,0.00,ACT,0.00,66,82
09/11/2025,RB528,DMM/DAM,C,12,0,0,3,0,0,9,"1,386.67",25 %,0.00,ACT,0.00,3,9
09/11/2025,RB528,DMM/DAM,Y,148,0,0,61,0,0,87,"4,944.31",41 %,0.00,ACT,0.00,61,87
09/11/2025,RB516,DXB/DAM,C,12,0,0,1,0,0,11,255.00,8 %,0.00,ACT,0.00,1,11
09/11/2025,RB516,DXB/DAM,Y,145,0,0,36,0,0,109,"2,099.76",25 %,0.00,ACT,0.00,36,109
09/11/2025,RB381,DAM/JED,C,12,0,0,6,0,0,6,"1,556.74",50 %,0.00,ACT,0.00,6,6
09/11/2025,RB381,DAM/JED,Y,148,0,0,87,0,0,61,"10,627.54",59 %,0.00,ACT,0.00,87,61
09/11/2025,RB341,DAM/KWI,C,12,0,0,12,0,0,0,"2,697.12",100 %,0.00,ACT,0.00,12,0
09/11/2025,RB341,DAM/KWI,Y,141,0,0,138,0,0,3,"12,938.98",98 %,0.00,ACT,0.00,138,3
09/11/2025,RB382,JED/DAM,C,12,0,0,1,0,0,11,520.00,8 %,0.00,ACT,0.00,1,11
09/11/2025,RB382,JED/DAM,Y,148,0,0,61,0,0,87,"5,702.59",41 %,0.00,ACT,0.00,61,87
09/11/2025,RB342,KWI/DAM,C,12,0,0,1,0,0,11,271.60,8 %,0.00,ACT,0.00,1,11
09/11/2025,RB342,KWI/DAM,Y,141,0,0,32,0,0,109,"2,637.26",23 %,0.00,ACT,0.00,32,109
09/11/2025,RB507,DAM/SHJ,C,12,0,0,0,0,0,12,0.00,0 %,0.00,ACT,0.00,0,12
09/11/2025,RB507,DAM/SHJ,Y,148,0,0,119,0,0,29,"10,676.94",80 %,0.00,ACT,0.00,119,29
09/12/2025,RB508,SHJ/DAM,C,12,0,0,0,0,0,12,0.00,0 %,0.00,ACT,0.00,0,12
09/12/2025,RB508,SHJ/DAM,Y,148,0,0,40,0,0,108,"1,816.89",27 %,0.00,ACT,0.00,40,108
09/12/2025,RB515,DAM/DXB,C,12,0,0,2,0,0,10,616.26,17 %,0.00,ACT,0.00,2,10
09/12/2025,RB515,DAM/DXB,Y,145,0,0,50,0,0,95,"3,675.08",34 %,0.00,ACT,0.00,50,95
09/12/2025,RB516,DXB/DAM,C,12,0,0,6,0,0,6,"2,179.26",50 %,0.00,ACT,0.00,6,6
09/12/2025,RB516,DXB/DAM,Y,145,0,0,52,0,0,93,"2,967.16",36 %,0.00,ACT,0.00,52,93
09/12/2025,RB443,DAM/IST,C,12,0,0,4,0,0,8,"1,164.00",33 %,0.00,ACT,0.00,4,8
09/12/2025,RB443,DAM/IST,Y,141,0,0,98,0,0,43,"9,335.90",70 %,0.00,ACT,0.00,98,43
09/12/2025,RB389,DAM/RUH,C,12,0,0,7,0,0,5,"2,307.05",58 %,0.00,ACT,0.00,7,5
09/12/2025,RB389,DAM/RUH,Y,148,0,0,134,0,0,14,"18,654.19",91 %,0.00,ACT,0.00,134,14
09/12/2025,RB444,IST/DAM,C,12,0,0,0,0,0,12,0.00,0 %,0.00,ACT,0.00,0,12
09/12/2025,RB444,IST/DAM,Y,141,0,0,116,0,0,25,"11,879.29",82 %,0.00,ACT,0.00,116,25
09/12/2025,RB390,RUH/DAM,C,12,0,0,4,0,0,8,"1,386.68",33 %,0.00,ACT,0.00,4,8
09/12/2025,RB390,RUH/DAM,Y,148,0,0,55,0,0,93,"4,159.04",37 %,0.00,ACT,0.00,55,93
09/12/2025,RB503,DAM/AUH,C,12,0,0,0,0,0,12,0.00,0 %,0.00,ACT,0.00,0,12
09/12/2025,RB503,DAM/AUH,Y,120,0,0,65,0,0,55,"6,895.93",54 %,0.00,ACT,0.00,65,55
09/13/2025,RB504,AUH/DAM,C,12,0,0,0,0,0,12,0.00,0 %,0.00,ACT,0.00,0,12
09/13/2025,RB504,AUH/DAM,Y,148,0,0,116,0,0,32,"7,728.83",78 %,0.00,ACT,0.00,116,32
09/13/2025,RB515,DAM/DXB,C,12,0,0,10,0,0,2,"3,046.26",83 %,0.00,ACT,0.00,10,2
09/13/2025,RB515,DAM/DXB,Y,145,0,0,65,0,0,80,"6,348.12",45 %,0.00,ACT,0.00,65,80
09/13/2025,RB516,DXB/DAM,C,12,0,0,6,0,0,6,"1,746.42",50 %,0.00,ACT,0.00,6,6
09/13/2025,RB516,DXB/DAM,Y,145,0,0,46,0,0,99,"2,444.93",32 %,0.00,ACT,0.00,46,99
09/13/2025,RB501,DAM/SHJ,C,12,0,0,6,0,0,6,"2,297.00",50 %,0.00,ACT,0.00,6,6
09/13/2025,RB501,DAM/SHJ,Y,145,0,0,139,0,0,6,"12,037.12",96 %,0.00,ACT,0.00,139,6
09/13/2025,RB341,DAM/KWI,C,12,0,0,12,0,0,0,"2,526.27",100 %,0.00,ACT,0.00,12,0
09/13/2025,RB341,DAM/KWI,Y,141,0,0,142,0,0,0,"12,927.53",101 %,0.00,ACT,0.00,142,0
09/13/2025,RB342,KWI/DAM,C,12,0,0,1,0,0,11,271.60,8 %,0.00,ACT,0.00,1,11
09/13/2025,RB342,KWI/DAM,Y,141,0,0,19,0,0,122,"1,565.91",13 %,0.00,ACT,0.00,19,122
09/13/2025,RB502,SHJ/DAM,C,12,0,0,1,0,0,11,255.00,8 %,0.00,ACT,0.00,1,11
09/13/2025,RB502,SHJ/DAM,Y,145,0,0,12,0,0,133,565.85,8 %,0.00,ACT,0.00,12,133
09/13/2025,RB521,DAM/DOH,C,12,0,0,2,0,0,10,507.00,17 %,0.00,ACT,0.00,2,10
09/13/2025,RB521,DAM/DOH,Y,120,0,0,102,0,0,18,"15,939.55",85 %,0.00,ACT,0.00,102,18
09/14/2025,RB522,DOH/DAM,C,12,0,0,0,0,0,12,0.00,0 %,0.00,ACT,0.00,0,12
09/14/2025,RB522,DOH/DAM,Y,148,0,0,64,0,0,84,"8,047.19",43 %,0.00,ACT,0.00,64,84
09/14/2025,RB515,DAM/DXB,C,12,0,0,2,0,0,10,510.00,17 %,0.00,ACT,0.00,2,10
09/14/2025,RB515,DAM/DXB,Y,141,0,0,83,0,0,58,"7,256.89",59 %,0.00,ACT,0.00,83,58
09/14/2025,RB381,DAM/JED,C,12,0,0,1,0,0,11,373.61,8 %,0.00,ACT,0.00,1,11
09/14/2025,RB381,DAM/JED,Y,148,0,0,139,0,0,9,"15,208.90",94 %,0.00,ACT,0.00,139,9
09/14/2025,RB382,JED/DAM,C,12,0,0,5,0,0,7,"1,128.51",42 %,0.00,ACT,0.00,5,7
09/14/2025,RB382,JED/DAM,Y,148,0,0,82,0,0,66,"8,096.08",55 %,0.00,ACT,0.00,82,66
09/14/2025,RB516,DXB/DAM,C,12,0,0,4,0,0,8,"1,406.31",33 %,0.00,ACT,0.00,4,8
09/14/2025,RB516,DXB/DAM,Y,141,0,0,51,0,0,90,"3,018.41",36 %,0.00,ACT,0.00,51,90
09/14/2025,RB443,DAM/IST,C,12,0,0,9,0,0,3,"2,223.75",75 %,0.00,ACT,0.00,9,3
09/14/2025,RB443,DAM/IST,Y,141,0,0,93,0,0,48,"8,650.02",66 %,0.00,ACT,0.00,93,48
09/14/2025,RB444,IST/DAM,C,12,0,0,11,0,0,1,"2,732.07",92 %,0.00,ACT,0.00,11,1
09/14/2025,RB444,IST/DAM,Y,141,0,0,77,0,0,64,"7,421.40",55 %,0.00,ACT,0.00,77,64
09/15/2025,RB443,DAM/IST,C,12,0,0,0,0,0,12,0.00,0 %,0.00,ACT,0.00,0,12
09/15/2025,RB443,DAM/IST,Y,141,0,0,79,0,0,62,"7,259.35",56 %,0.00,ACT,0.00,79,62
09/15/2025,RB515,DAM/DXB,C,12,0,0,0,0,0,12,0.00,0 %,0.00,ACT,0.00,0,12
09/15/2025,RB515,DAM/DXB,Y,145,0,0,60,0,0,85,"5,158.84",41 %,0.00,ACT,0.00,60,85
09/15/2025,RB444,IST/ALP,C,12,0,0,0,0,0,12,0.00,0 %,0.00,ACT,0.00,0,12
09/15/2025,RB444,IST/ALP,Y,141,0,0,45,0,0,96,"3,162.92",32 %,0.00,ACT,0.00,45,96
09/15/2025,RB517,ALP/DXB,C,12,0,0,3,0,0,9,"1,237.24",25 %,0.00,ACT,0.00,3,9
09/15/2025,RB517,ALP/DXB,Y,141,0,0,64,0,0,77,"8,236.44",45 %,0.00,ACT,0.00,64,77
09/15/2025,RB516,DXB/DAM,C,12,0,0,4,0,0,8,"1,232.54",33 %,0.00,ACT,0.00,4,8
09/15/2025,RB516,DXB/DAM,Y,145,0,0,54,0,0,91,"3,372.80",37 %,0.00,ACT,0.00,54,91
09/15/2025,RB521,DAM/DOH,C,12,0,0,2,0,0,10,507.00,17 %,0.00,ACT,0.00,2,10
09/15/2025,RB521,DAM/DOH,Y,148,0,0,93,0,0,55,"14,164.14",63 %,0.00,ACT,0.00,93,55
09/15/2025,RB518,DXB/ALP,C,12,0,0,1,0,0,11,361.27,8 %,0.00,ACT,0.00,1,11
09/15/2025,RB518,DXB/ALP,Y,138,0,0,35,0,0,103,"2,938.34",25 %,0.00,ACT,0.00,35,103
09/15/2025,RB522,DOH/DAM,C,12,0,0,1,0,0,11,253.50,8 %,0.00,ACT,0.00,1,11
09/15/2025,RB522,DOH/DAM,Y,148,0,0,56,0,0,92,"7,449.31",38 %,0.00,ACT,0.00,56,92
09/15/2025,RB445,ALP/IST,C,12,0,0,0,0,0,12,0.00,0 %,0.00,ACT,0.00,0,12
09/15/2025,RB445,ALP/IST,Y,141,0,0,43,0,0,98,"3,099.40",30 %,0.00,ACT,0.00,43,98
09/16/2025,RB446,IST/DAM,C,12,0,0,0,0,0,12,0.00,0 %,0.00,ACT,0.00,0,12
09/16/2025,RB446,IST/DAM,Y,138,0,0,29,0,0,109,"2,444.31",21 %,0.00,ACT,0.00,29,109
09/16/2025,RB515,DAM/DXB,C,12,0,0,1,0,0,11,361.26,8 %,0.00,ACT,0.00,1,11
09/16/2025,RB515,DAM/DXB,Y,145,0,0,42,0,0,103,"3,440.95",29 %,0.00,ACT,0.00,42,103
09/16/2025,RB341,DAM/KWI,C,12,0,0,6,0,0,6,"1,060.52",50 %,0.00,ACT,0.00,6,6
09/16/2025,RB341,DAM/KWI,Y,148,0,0,143,0,0,5,"13,772.40",97 %,0.00,ACT,0.00,143,5
09/16/2025,RB342,KWI/DAM,C,12,0,0,1,0,0,11,227.25,8 %,0.00,ACT,0.00,1,11
09/16/2025,RB342,KWI/DAM,Y,148,0,0,41,0,0,107,"3,638.04",28 %,0.00,ACT,0.00,41,107
09/16/2025,RB516,DXB/DAM,C,12,0,0,4,0,0,8,"1,337.18",33 %,0.00,ACT,0.00,4,8
09/16/2025,RB516,DXB/DAM,Y,145,0,0,40,0,0,105,"1,975.99",28 %,0.00,ACT,0.00,40,105
09/16/2025,RB503,DAM/AUH,C,12,0,0,0,0,0,12,0.00,0 %,0.00,ACT,0.00,0,12
09/16/2025,RB503,DAM/AUH,Y,148,0,0,102,0,0,46,"9,112.18",69 %,0.00,ACT,0.00,102,46
09/16/2025,RB501,DAM/SHJ,C,12,0,0,2,0,0,10,811.26,17 %,0.00,ACT,0.00,2,10
09/16/2025,RB501,DAM/SHJ,Y,141,0,0,127,0,0,14,"11,626.36",90 %,0.00,ACT,0.00,127,14
09/16/2025,RB504,AUH/DAM,C,12,0,0,2,0,0,10,722.54,17 %,0.00,ACT,0.00,2,10
09/16/2025,RB504,AUH/DAM,Y,148,0,0,59,0,0,89,"3,521.69",40 %,0.00,ACT,0.00,59,89
09/16/2025,RB502,SHJ/DAM,C,12,0,0,0,0,0,12,0.00,0 %,0.00,ACT,0.00,0,12
09/16/2025,RB502,SHJ/DAM,Y,141,0,0,28,0,0,113,"1,472.53",20 %,0.00,ACT,0.00,28,113
09/17/2025,RB515,DAM/DXB,C,12,0,0,1,0,0,11,361.26,8 %,0.00,ACT,0.00,1,11
09/17/2025,RB515,DAM/DXB,Y,145,0,0,25,0,0,120,"1,788.01",17 %,0.00,ACT,0.00,25,120
09/17/2025,RB389,DAM/RUH,C,12,0,0,2,0,0,10,573.75,17 %,0.00,ACT,0.00,2,10
09/17/2025,RB389,DAM/RUH,Y,148,0,0,25,0,0,123,"3,162.93",17 %,0.00,ACT,0.00,25,123
09/17/2025,RB390,RUH/DAM,C,12,0,0,9,0,0,3,"2,998.01",75 %,0.00,ACT,0.00,9,3
09/17/2025,RB390,RUH/DAM,Y,148,0,0,57,0,0,91,"4,090.46",39 %,0.00,ACT,0.00,57,91
09/17/2025,RB516,DXB/DAM,C,12,0,0,9,0,0,3,"2,601.69",75 %,0.00,ACT,0.00,9,3
09/17/2025,RB516,DXB/DAM,Y,145,0,0,42,0,0,103,"2,047.84",29 %,0.00,ACT,0.00,42,103
09/17/2025,RB521,DAM/DOH,C,12,0,0,1,0,0,11,253.50,8 %,0.00,ACT,0.00,1,11
09/17/2025,RB521,DAM/DOH,Y,145,0,0,104,0,0,41,"15,305.78",72 %,0.00,ACT,0.00,104,41
09/17/2025,RB501,DAM/SHJ,C,12,0,0,1,0,0,11,255.00,8 %,0.00,ACT,0.00,1,11
09/17/2025,RB501,DAM/SHJ,Y,145,0,0,73,0,0,72,"6,492.93",50 %,0.00,ACT,0.00,73,72
09/17/2025,RB443,DAM/IST,C,12,0,0,2,0,0,10,415.50,17 %,0.00,ACT,0.00,2,10
09/17/2025,RB443,DAM/IST,Y,141,0,0,66,0,0,75,"5,575.74",47 %,0.00,ACT,0.00,66,75
09/17/2025,RB522,DOH/DAM,C,8,0,0,2,0,0,6,507.00,25 %,0.00,ACT,0.00,2,6
09/17/2025,RB522,DOH/DAM,Y,102,0,0,65,0,0,37,"9,580.48",64 %,0.00,ACT,0.00,65,37
09/17/2025,RB444,IST/DAM,C,12,0,0,7,0,0,5,"1,038.75",58 %,0.00,ACT,0.00,7,5
09/17/2025,RB444,IST/DAM,Y,141,0,0,96,0,0,45,"8,831.13",68 %,0.00,ACT,0.00,96,45
09/17/2025,RB502,SHJ/DAM,C,12,0,0,0,0,0,12,0.00,0 %,0.00,ACT,0.00,0,12
09/17/2025,RB502,SHJ/DAM,Y,145,0,0,22,0,0,123,"1,575.93",15 %,0.00,ACT,0.00,22,123
09/18/2025,RB527,DAM/DMM,C,12,0,0,0,0,0,12,0.00,0 %,0.00,ACT,0.00,0,12
09/18/2025,RB527,DAM/DMM,Y,148,0,0,57,0,0,91,"7,757.67",39 %,0.00,ACT,0.00,57,91
09/18/2025,RB528,DMM/DAM,C,12,0,0,4,0,0,8,"2,080.00",33 %,0.00,ACT,0.00,4,8
09/18/2025,RB528,DMM/DAM,Y,148,0,0,80,0,0,68,"7,194.17",54 %,0.00,ACT,0.00,80,68
09/18/2025,RB381,DAM/JED,C,8,0,0,2,0,0,6,622.69,25 %,0.00,ACT,0.00,2,6
09/18/2025,RB381,DAM/JED,Y,103,0,0,30,0,0,73,"3,402.98",29 %,0.00,ACT,0.00,30,73
09/18/2025,RB501,DAM/SHJ,C,12,0,0,1,0,0,11,376.00,8 %,0.00,ACT,0.00,1,11
09/18/2025,RB501,DAM/SHJ,Y,120,0,0,53,0,0,67,"4,647.06",44 %,0.00,ACT,0.00,53,67
09/18/2025,RB341,DAM/KWI,C,12,0,0,8,0,0,4,"1,931.55",67 %,0.00,ACT,0.00,8,4
09/18/2025,RB341,DAM/KWI,Y,141,0,0,142,0,0,0,"14,482.23",101 %,0.00,ACT,0.00,142,0
09/18/2025,RB382,JED/DAM,C,8,0,0,6,0,0,2,"2,253.35",75 %,0.00,ACT,0.00,6,2
09/18/2025,RB382,JED/DAM,Y,103,0,0,50,0,0,53,"4,327.50",49 %,0.00,ACT,0.00,50,53
09/18/2025,RB342,KWI/DAM,C,12,0,0,2,0,0,10,648.70,17 %,0.00,ACT,0.00,2,10
09/18/2025,RB342,KWI/DAM,Y,141,0,0,28,0,0,113,"1,977.70",20 %,0.00,ACT,0.00,28,113
09/18/2025,RB502,SHJ/DAM,C,12,0,0,2,0,0,10,773.00,17 %,0.00,ACT,0.00,2,10
09/18/2025,RB502,SHJ/DAM,Y,145,0,0,27,0,0,118,"1,661.25",19 %,0.00,ACT,0.00,27,118
09/19/2025,RB515,DAM/DXB,C,12,0,0,1,0,0,11,295.50,8 %,0.00,ACT,0.00,1,11
09/19/2025,RB515,DAM/DXB,Y,145,0,0,37,0,0,108,"3,482.45",26 %,0.00,ACT,0.00,37,108
09/19/2025,RB503,DAM/AUH,C,12,0,0,0,0,0,12,0.00,0 %,0.00,ACT,0.00,0,12
09/19/2025,RB503,DAM/AUH,Y,120,0,0,79,0,0,41,"7,064.50",66 %,0.00,ACT,0.00,79,41
09/19/2025,RB504,AUH/DAM,C,12,0,0,0,0,0,12,0.00,0 %,0.00,ACT,0.00,0,12
09/19/2025,RB504,AUH/DAM,Y,120,0,0,86,0,0,34,"6,805.73",72 %,0.00,ACT,0.00,86,34
09/19/2025,RB516,DXB/DAM,C,12,0,0,3,0,0,9,815.38,25 %,0.00,ACT,0.00,3,9
09/19/2025,RB516,DXB/DAM,Y,145,0,0,104,0,0,41,"7,629.58",72 %,0.00,ACT,0.00,104,41
09/19/2025,RB501,DAM/SHJ,C,12,0,0,4,0,0,8,"1,474.52",33 %,0.00,ACT,0.00,4,8
09/19/2025,RB501,DAM/SHJ,Y,145,0,0,52,0,0,93,"4,734.77",36 %,0.00,ACT,0.00,52,93
09/19/2025,RB443,DAM/IST,C,12,0,0,1,0,0,11,291.00,8 %,0.00,ACT,0.00,1,11
09/19/2025,RB443,DAM/IST,Y,141,0,0,78,0,0,63,"7,284.43",55 %,0.00,ACT,0.00,78,63
09/19/2025,RB389,DAM/RUH,C,8,0,0,2,0,0,6,746.66,25 %,0.00,ACT,0.00,2,6
09/19/2025,RB389,DAM/RUH,Y,103,0,0,62,0,0,41,"6,915.87",60 %,0.00,ACT,0.00,62,41
09/19/2025,RB444,IST/DAM,C,12,0,0,0,0,0,12,0.00,0 %,0.00,ACT,0.00,0,12
09/19/2025,RB444,IST/DAM,Y,141,0,0,73,0,0,68,"6,791.77",52 %,0.00,ACT,0.00,73,68
09/19/2025,RB502,SHJ/DAM,C,12,0,0,0,0,0,12,0.00,0 %,0.00,ACT,0.00,0,12
09/19/2025,RB502,SHJ/DAM,Y,145,0,0,30,0,0,115,"1,853.60",21 %,0.00,ACT,0.00,30,115
09/19/2025,RB390,RUH/DAM,C,8,0,0,0,0,0,8,0.00,0 %,0.00,ACT,0.00,0,8
09/19/2025,RB390,RUH/DAM,Y,103,0,0,47,0,0,56,"2,326.82",46 %,0.00,ACT,0.00,47,56
09/20/2025,RB515,DAM/DXB,C,12,0,0,2,0,0,10,610.74,17 %,0.00,ACT,0.00,2,10
09/20/2025,RB515,DAM/DXB,Y,145,0,0,53,0,0,92,"4,508.03",37 %,0.00,ACT,0.00,53,92
09/20/2025,RB389,DAM/RUH,C,8,0,0,0,0,0,8,0.00,0 %,0.00,ACT,0.00,0,8
09/20/2025,RB389,DAM/RUH,Y,103,0,0,21,0,0,82,"2,047.41",20 %,0.00,ACT,0.00,21,82
09/20/2025,RB390,RUH/DAM,C,8,0,0,2,0,0,6,459.00,25 %,0.00,ACT,0.00,2,6
09/20/2025,RB390,RUH/DAM,Y,103,0,0,60,0,0,43,"4,322.66",58 %,0.00,ACT,0.00,60,43
09/20/2025,RB516,DXB/DAM,C,12,0,0,9,0,0,3,"2,678.52",75 %,0.00,ACT,0.00,9,3
09/20/2025,RB516,DXB/DAM,Y,145,0,0,57,0,0,88,"4,410.62",39 %,0.00,ACT,0.00,57,88
09/20/2025,RB521,DAM/DOH,C,8,0,0,0,0,0,8,0.00,0 %,0.00,ACT,0.00,0,8
09/20/2025,RB521,DAM/DOH,Y,103,0,0,78,0,0,25,"11,746.49",76 %,0.00,ACT,0.00,78,25
09/20/2025,RB501,DAM/SHJ,C,12,0,0,1,0,0,11,361.26,8 %,0.00,ACT,0.00,1,11
09/20/2025,RB501,DAM/SHJ,Y,145,0,0,101,0,0,44,"9,107.73",70 %,0.00,ACT,0.00,101,44
09/20/2025,RB341,DAM/KWI,C,12,0,0,4,0,0,8,"1,133.95",33 %,0.00,ACT,0.00,4,8
09/20/2025,RB341,DAM/KWI,Y,141,0,0,141,0,0,0,"13,906.86",100 %,0.00,ACT,0.00,141,0
09/20/2025,RB522,DOH/DAM,C,8,0,0,0,0,0,8,0.00,0 %,0.00,ACT,0.00,0,8
09/20/2025,RB522,DOH/DAM,Y,103,0,0,53,0,0,50,"7,132.04",51 %,0.00,ACT,0.00,53,50
09/20/2025,RB342,KWI/DAM,C,12,0,0,0,0,0,12,0.00,0 %,0.00,ACT,0.00,0,12
09/20/2025,RB342,KWI/DAM,Y,141,0,0,39,0,0,102,"2,634.01",28 %,0.00,ACT,0.00,39,102
09/20/2025,RB502,SHJ/DAM,C,12,0,0,4,0,0,8,"1,151.50",33 %,0.00,ACT,0.00,4,8
09/20/2025,RB502,SHJ/DAM,Y,145,0,0,38,0,0,107,"2,887.22",26 %,0.00,ACT,0.00,38,107
09/21/2025,RB381,DAM/JED,C,12,0,0,0,0,0,12,0.00,0 %,0.00,ACT,0.00,0,12
09/21/2025,RB381,DAM/JED,Y,148,0,0,30,0,0,118,"2,093.95",20 %,0.00,ACT,0.00,30,118
09/21/2025,RB382,JED/DAM,C,12,0,0,1,0,0,11,249.07,8 %,0.00,ACT,0.00,1,11
09/21/2025,RB382,JED/DAM,Y,148,0,0,67,0,0,81,"6,471.78",45 %,0.00,ACT,0.00,67,81
09/21/2025,RB443,DAM/IST,C,12,0,0,0,0,0,12,0.00,0 %,0.00,ACT,0.00,0,12
09/21/2025,RB443,DAM/IST,Y,141,0,0,80,0,0,61,"7,714.96",57 %,0.00,ACT,0.00,80,61
09/21/2025,RB501,DAM/SHJ,C,12,0,0,12,0,0,0,"4,280.28",100 %,0.00,ACT,0.00,12,0
09/21/2025,RB501,DAM/SHJ,Y,145,0,0,106,0,0,39,"9,406.72",73 %,0.00,ACT,0.00,106,39
09/21/2025,RB444,IST/DAM,C,12,0,0,3,0,0,9,623.25,25 %,0.00,ACT,0.00,3,9
09/21/2025,RB444,IST/DAM,Y,141,0,0,50,0,0,91,"4,644.46",35 %,0.00,ACT,0.00,50,91
09/21/2025,RB502,SHJ/DAM,C,12,0,0,0,0,0,12,0.00,0 %,0.00,ACT,0.00,0,12
09/21/2025,RB502,SHJ/DAM,Y,145,0,0,33,0,0,112,"2,237.75",23 %,0.00,ACT,0.00,33,112
09/22/2025,RB389,DAM/RUH,C,8,0,0,0,0,0,8,0.00,0 %,0.00,ACT,0.00,0,8
09/22/2025,RB389,DAM/RUH,Y,103,0,0,32,0,0,71,"3,090.26",31 %,0.00,ACT,0.00,32,71
09/22/2025,RB443,DAM/IST,C,12,0,0,0,0,0,12,0.00,0 %,0.00,ACT,0.00,0,12
09/22/2025,RB443,DAM/IST,Y,141,0,0,41,0,0,100,"3,305.46",29 %,0.00,ACT,0.00,41,100
09/22/2025,RB390,RUH/DAM,C,8,0,0,4,0,0,4,"1,240.00",50 %,0.00,ACT,0.00,4,4
09/22/2025,RB390,RUH/DAM,Y,103,0,0,58,1,0,44,"3,079.00",57 %,0.00,ACT,0.00,58,44
09/22/2025,RB444,IST/ALP,C,12,0,0,0,0,0,12,0.00,0 %,0.00,ACT,0.00,0,12
09/22/2025,RB444,IST/ALP,Y,141,0,0,43,0,0,98,"3,294.25",30 %,0.00,ACT,0.00,43,98
09/22/2025,RB517,ALP/DXB,C,12,0,0,0,0,0,12,0.00,0 %,0.00,ACT,0.00,0,12
09/22/2025,RB517,ALP/DXB,Y,141,0,0,63,0,0,78,"6,564.79",45 %,0.00,ACT,0.00,63,78
09/22/2025,RB501,DAM/SHJ,C,12,0,0,4,0,0,8,"1,247.76",33 %,0.00,ACT,0.00,4,8
09/22/2025,RB501,DAM/SHJ,Y,120,0,0,50,0,0,70,"4,914.19",42 %,0.00,ACT,0.00,50,70
09/22/2025,RB521,DAM/DOH,C,8,0,0,3,0,0,5,835.76,38 %,0.00,ACT,0.00,3,5
09/22/2025,RB521,DAM/DOH,Y,103,0,0,41,0,0,62,"5,374.13",40 %,0.00,ACT,0.00,41,62
09/22/2025,RB518,DXB/ALP,C,12,0,0,2,0,0,10,510.00,17 %,0.00,ACT,0.00,2,10
09/22/2025,RB518,DXB/ALP,Y,138,0,0,53,0,0,85,"4,298.90",38 %,0.00,ACT,0.00,53,85
09/22/2025,RB522,DOH/DAM,C,8,0,0,1,0,0,7,253.50,13 %,0.00,ACT,0.00,1,7
09/22/2025,RB522,DOH/DAM,Y,103,0,0,42,4,0,57,"5,885.35",45 %,0.00,ACT,0.00,42,57
09/22/2025,RB502,SHJ/DAM,C,12,0,0,0,0,0,12,0.00,0 %,0.00,ACT,0.00,0,12
09/22/2025,RB502,SHJ/DAM,Y,120,0,0,7,0,0,113,573.00,6 %,0.00,ACT,0.00,7,113
09/22/2025,RB445,ALP/IST,C,12,0,0,0,0,0,12,0.00,0 %,0.00,ACT,0.00,0,12
09/22/2025,RB445,ALP/IST,Y,141,0,0,36,0,0,105,"2,473.20",26 %,0.00,ACT,0.00,36,105
09/23/2025,RB446,IST/DAM,C,12,0,0,0,0,0,12,0.00,0 %,0.00,ACT,0.00,0,12
09/23/2025,RB446,IST/DAM,Y,138,0,0,24,0,0,114,"1,957.17",17 %,0.00,ACT,0.00,24,114
09/23/2025,RB515,DAM/DXB,C,12,0,0,7,0,0,5,"2,086.65",58 %,0.00,ACT,0.00,7,5
09/23/2025,RB515,DAM/DXB,Y,145,0,0,46,21,0,78,"6,103.88",46 %,0.00,ACT,0.00,46,78
09/23/2025,RB341,DAM/KWI,C,12,0,0,2,0,0,10,439.35,17 %,0.00,ACT,0.00,2,10
09/23/2025,RB341,DAM/KWI,Y,148,0,0,148,0,0,0,"13,016.77",100 %,0.00,ACT,0.00,148,0
09/23/2025,RB342,KWI/DAM,C,12,0,0,1,0,0,11,324.35,8 %,0.00,ACT,0.00,1,11
09/23/2025,RB342,KWI/DAM,Y,148,0,0,31,0,0,117,"2,032.72",21 %,0.00,ACT,0.00,31,117
09/23/2025,RB516,DXB/DAM,C,12,0,0,2,0,0,10,616.27,17 %,0.00,ACT,0.00,2,10
09/23/2025,RB516,DXB/DAM,Y,145,0,0,43,0,0,102,"3,555.76",30 %,0.00,ACT,0.00,43,102
09/23/2025,RB503,DAM/AUH,C,12,0,0,3,0,0,9,"1,083.78",25 %,0.00,ACT,0.00,3,9
09/23/2025,RB503,DAM/AUH,Y,148,0,0,96,0,0,52,"8,305.07",65 %,0.00,ACT,0.00,96,52
09/23/2025,RB501,DAM/SHJ,C,12,0,0,0,0,0,12,0.00,0 %,0.00,ACT,0.00,0,12
09/23/2025,RB501,DAM/SHJ,Y,120,0,0,49,0,0,71,"4,167.93",41 %,0.00,ACT,0.00,49,71
09/23/2025,RB504,AUH/DAM,C,12,0,0,0,0,0,12,0.00,0 %,0.00,ACT,0.00,0,12
09/23/2025,RB504,AUH/DAM,Y,148,0,0,17,0,0,131,"1,259.53",11 %,0.00,ACT,0.00,17,131
09/23/2025,RB502,SHJ/DAM,C,12,0,0,0,0,0,12,0.00,0 %,0.00,ACT,0.00,0,12
09/23/2025,RB502,SHJ/DAM,Y,120,0,0,3,0,0,117,127.19,3 %,0.00,ACT,0.00,3,117
09/24/2025,RB515,DAM/DXB,C,12,0,0,5,0,0,7,"1,924.52",42 %,0.00,ACT,0.00,5,7
09/24/2025,RB515,DAM/DXB,Y,145,0,0,10,0,0,135,909.14,7 %,0.00,ACT,0.00,10,135
09/24/2025,RB389,DAM/RUH,C,12,0,0,4,0,0,8,"1,152.32",33 %,0.00,ACT,0.00,4,8
09/24/2025,RB389,DAM/RUH,Y,148,0,0,14,1,0,133,970.15,10 %,0.00,ACT,0.00,14,133
09/24/2025,RB390,RUH/DAM,C,12,0,0,5,0,0,7,"1,644.50",42 %,0.00,ACT,0.00,5,7
09/24/2025,RB390,RUH/DAM,Y,148,0,0,48,0,0,100,"2,266.65",32 %,0.00,ACT,0.00,48,100
09/24/2025,RB516,DXB/DAM,C,12,0,0,1,0,0,11,305.38,8 %,0.00,ACT,0.00,1,11
09/24/2025,RB516,DXB/DAM,Y,145,0,0,14,0,0,131,"1,342.45",10 %,0.00,ACT,0.00,14,131
09/24/2025,RB521,DAM/DOH,C,8,0,0,2,2,0,4,"1,292.06",50 %,0.00,ACT,0.00,2,4
09/24/2025,RB521,DAM/DOH,Y,103,0,0,47,5,0,51,"7,430.69",50 %,0.00,ACT,0.00,47,51
09/24/2025,RB501,DAM/SHJ,C,12,0,0,0,0,0,12,0.00,0 %,0.00,ACT,0.00,0,12
09/24/2025,RB501,DAM/SHJ,Y,145,0,0,39,0,0,106,"3,089.38",27 %,0.00,ACT,0.00,39,106
09/24/2025,RB443,DAM/IST,C,12,0,0,1,0,0,11,291.00,8 %,0.00,ACT,0.00,1,11
09/24/2025,RB443,DAM/IST,Y,141,0,0,43,0,0,98,"3,454.00",30 %,0.00,ACT,0.00,43,98
09/24/2025,RB522,DOH/DAM,C,8,0,0,0,2,0,6,986.30,25 %,0.00,ACT,0.00,0,6
09/24/2025,RB522,DOH/DAM,Y,103,0,0,49,5,0,49,"7,447.73",52 %,0.00,ACT,0.00,49,49
09/24/2025,RB444,IST/DAM,C,12,0,0,11,0,0,1,"3,615.25",92 %,0.00,ACT,0.00,11,1
09/24/2025,RB444,IST/DAM,Y,141,0,0,46,0,0,95,"4,070.50",33 %,0.00,ACT,0.00,46,95
09/24/2025,RB502,SHJ/DAM,C,12,0,0,0,0,0,12,0.00,0 %,0.00,ACT,0.00,0,12
09/24/2025,RB502,SHJ/DAM,Y,145,0,0,8,0,0,137,948.63,6 %,0.00,ACT,0.00,8,137
09/25/2025,RB515,DAM/DXB,C,12,0,0,3,0,0,9,"1,083.78",25 %,0.00,ACT,0.00,3,9
09/25/2025,RB515,DAM/DXB,Y,145,0,0,41,0,0,104,"2,976.75",28 %,0.00,ACT,0.00,41,104
09/25/2025,RB527,DAM/DMM,C,12,0,0,1,0,0,11,346.66,8 %,0.00,ACT,0.00,1,11
09/25/2025,RB527,DAM/DMM,Y,148,0,0,50,1,0,97,"5,133.08",34 %,0.00,ACT,0.00,50,97
09/25/2025,RB528,DMM/DAM,C,12,0,0,0,0,0,12,0.00,0 %,0.00,ACT,0.00,0,12
09/25/2025,RB528,DMM/DAM,Y,148,0,0,60,3,0,85,"3,648.27",43 %,0.00,ACT,0.00,60,85
09/25/2025,RB516,DXB/DAM,C,12,0,0,1,0,0,11,255.00,8 %,0.00,ACT,0.00,1,11
09/25/2025,RB516,DXB/DAM,Y,145,0,0,20,0,0,125,"1,168.20",14 %,0.00,ACT,0.00,20,125
09/25/2025,RB381,DAM/JED,C,12,0,0,11,0,0,1,"2,648.04",92 %,0.00,ACT,0.00,11,1
09/25/2025,RB381,DAM/JED,Y,148,0,0,19,6,0,123,"2,229.58",17 %,0.00,ACT,0.00,19,123
09/25/2025,RB501,DAM/SHJ,C,12,0,0,0,0,0,12,0.00,0 %,0.00,ACT,0.00,0,12
09/25/2025,RB501,DAM/SHJ,Y,145,0,0,54,0,0,91,"4,690.91",37 %,0.00,ACT,0.00,54,91
09/25/2025,RB341,DAM/KWI,C,12,0,0,5,0,0,7,"1,095.33",42 %,0.00,ACT,0.00,5,7
09/25/2025,RB341,DAM/KWI,Y,141,0,0,119,0,0,22,"10,052.50",84 %,0.00,ACT,0.00,119,22
09/25/2025,RB382,JED/DAM,C,12,0,0,5,0,0,7,"1,183.09",42 %,0.00,ACT,0.00,5,7
09/25/2025,RB382,JED/DAM,Y,148,0,0,145,0,0,3,"16,629.19",98 %,0.00,ACT,0.00,145,3
09/25/2025,RB342,KWI/DAM,C,12,0,0,0,0,0,12,0.00,0 %,0.00,ACT,0.00,0,12
09/25/2025,RB342,KWI/DAM,Y,141,0,0,22,0,0,119,"1,348.90",16 %,0.00,ACT,0.00,22,119
09/25/2025,RB502,SHJ/DAM,C,12,0,0,0,0,0,12,0.00,0 %,0.00,ACT,0.00,0,12
09/25/2025,RB502,SHJ/DAM,Y,145,0,0,10,0,0,135,803.27,7 %,0.00,ACT,0.00,10,135
09/26/2025,RB515,DAM/DXB,C,12,0,0,0,0,0,12,0.00,0 %,0.00,ACT,0.00,0,12
09/26/2025,RB515,DAM/DXB,Y,145,0,0,11,0,0,134,785.36,8 %,0.00,ACT,0.00,11,134
09/26/2025,RB503,DAM/AUH,C,12,0,0,0,0,0,12,0.00,0 %,0.00,ACT,0.00,0,12
09/26/2025,RB503,DAM/AUH,Y,148,0,0,76,0,0,72,"6,492.76",51 %,0.00,ACT,0.00,76,72
09/26/2025,RB504,AUH/DAM,C,12,0,0,0,0,0,12,0.00,0 %,0.00,ACT,0.00,0,12
09/26/2025,RB504,AUH/DAM,Y,148,0,0,39,0,0,109,"2,864.98",26 %,0.00,ACT,0.00,39,109
09/26/2025,RB516,DXB/DAM,C,12,0,0,2,0,0,10,510.00,17 %,0.00,ACT,0.00,2,10
09/26/2025,RB516,DXB/DAM,Y,145,0,0,19,0,0,126,"1,334.59",13 %,0.00,ACT,0.00,19,126
09/26/2025,RB501,DAM/SHJ,C,12,0,0,0,0,0,12,0.00,0 %,0.00,ACT,0.00,0,12
09/26/2025,RB501,DAM/SHJ,Y,145,0,0,39,1,0,105,"3,116.31",28 %,0.00,ACT,0.00,39,105
09/26/2025,RB443,DAM/IST,C,12,0,0,0,0,0,12,0.00,0 %,0.00,ACT,0.00,0,12
09/26/2025,RB443,DAM/IST,Y,141,0,0,46,0,0,95,"3,378.98",33 %,0.00,ACT,0.00,46,95
09/26/2025,RB389,DAM/RUH,C,8,0,0,4,0,0,4,"1,152.32",50 %,0.00,ACT,0.00,4,4
09/26/2025,RB389,DAM/RUH,Y,103,0,0,32,0,0,71,"4,279.99",31 %,0.00,ACT,0.00,32,71
09/26/2025,RB444,IST/DAM,C,12,0,0,1,0,0,11,374.00,8 %,0.00,ACT,0.00,1,11
09/26/2025,RB444,IST/DAM,Y,141,0,0,47,0,0,94,"4,245.81",33 %,0.00,ACT,0.00,47,94
09/26/2025,RB502,SHJ/DAM,C,12,0,0,0,0,0,12,0.00,0 %,0.00,ACT,0.00,0,12
09/26/2025,RB502,SHJ/DAM,Y,145,0,0,11,0,0,134,961.20,8 %,0.00,ACT,0.00,11,134
09/26/2025,RB390,RUH/DAM,C,8,0,0,0,0,0,8,0.00,0 %,0.00,ACT,0.00,0,8
09/26/2025,RB390,RUH/DAM,Y,103,0,0,15,0,0,88,909.28,15 %,0.00,ACT,0.00,15,88
09/27/2025,RB515,DAM/DXB,C,12,0,0,4,0,0,8,"1,509.76",33 %,0.00,ACT,0.00,4,8
09/27/2025,RB515,DAM/DXB,Y,145,0,0,31,0,0,114,"2,459.18",21 %,0.00,ACT,0.00,31,114
09/27/2025,RB389,DAM/RUH,C,8,0,0,3,0,0,5,688.50,38 %,0.00,ACT,0.00,3,5
09/27/2025,RB389,DAM/RUH,Y,103,0,0,19,0,0,84,"2,491.63",18 %,0.00,ACT,0.00,19,84
09/27/2025,RB390,RUH/DAM,C,8,0,0,0,0,0,8,0.00,0 %,0.00,ACT,0.00,0,8
09/27/2025,RB390,RUH/DAM,Y,103,0,0,16,2,0,85,742.45,17 %,0.00,ACT,0.00,16,85
09/27/2025,RB516,DXB/DAM,C,12,0,0,3,0,0,9,855.88,25 %,0.00,ACT,0.00,3,9
09/27/2025,RB516,DXB/DAM,Y,145,0,0,24,0,0,121,"1,879.70",17 %,0.00,ACT,0.00,24,121
09/27/2025,RB521,DAM/DOH,C,8,0,0,0,8,0,0,"2,230.80",100 %,0.00,ACT,0.00,0,0
09/27/2025,RB521,DAM/DOH,Y,103,0,0,54,5,0,44,"9,052.49",57 %,0.00,ACT,0.00,54,44
09/27/2025,RB501,DAM/SHJ,C,12,0,0,0,0,0,12,0.00,0 %,0.00,ACT,0.00,0,12
09/27/2025,RB501,DAM/SHJ,Y,145,0,0,58,0,0,87,"4,940.40",40 %,0.00,ACT,0.00,58,87
09/27/2025,RB341,DAM/KWI,C,12,0,0,5,0,0,7,"1,136.25",42 %,0.00,ACT,0.00,5,7
09/27/2025,RB341,DAM/KWI,Y,141,0,0,100,0,0,41,"7,568.69",71 %,0.00,ACT,0.00,100,41
09/27/2025,RB522,DOH/DAM,C,8,0,0,2,2,0,4,"1,493.30",50 %,0.00,ACT,0.00,2,4
09/27/2025,RB522,DOH/DAM,Y,103,0,0,49,6,0,48,"7,629.30",53 %,0.00,ACT,0.00,49,48
09/27/2025,RB342,KWI/DAM,C,12,0,0,0,0,0,12,0.00,0 %,0.00,ACT,0.00,0,12
09/27/2025,RB342,KWI/DAM,Y,141,0,0,16,0,0,125,870.70,11 %,0.00,ACT,0.00,16,125
09/27/2025,RB502,SHJ/DAM,C,12,0,0,0,0,0,12,0.00,0 %,0.00,ACT,0.00,0,12
09/27/2025,RB502,SHJ/DAM,Y,145,0,0,2,0,0,143,176.58,1 %,0.00,ACT,0.00,2,143
09/28/2025,RB515,DAM/DXB,C,12,0,0,6,0,0,6,"2,318.24",50 %,0.00,ACT,0.00,6,6
09/28/2025,RB515,DAM/DXB,Y,145,0,0,43,0,0,102,"3,626.32",30 %,0.00,ACT,0.00,43,102
09/28/2025,RB381,DAM/JED,C,8,0,0,1,0,0,7,346.66,13 %,0.00,ACT,0.00,1,7
09/28/2025,RB381,DAM/JED,Y,103,0,0,3,0,0,100,264.00,3 %,0.00,ACT,0.00,3,100
09/28/2025,RB382,JED/DAM,C,8,0,0,1,0,0,7,241.50,13 %,0.00,ACT,0.00,1,7
09/28/2025,RB382,JED/DAM,Y,103,0,0,45,0,0,58,"3,985.65",44 %,0.00,ACT,0.00,45,58
09/28/2025,RB516,DXB/DAM,C,12,0,0,0,0,0,12,0.00,0 %,0.00,ACT,0.00,0,12
09/28/2025,RB516,DXB/DAM,Y,145,0,0,22,0,0,123,"1,617.00",15 %,0.00,ACT,0.00,22,123
09/28/2025,RB443,DAM/IST,C,12,0,0,0,0,0,12,0.00,0 %,0.00,ACT,0.00,0,12
09/28/2025,RB443,DAM/IST,Y,141,0,0,47,0,0,94,"3,649.62",33 %,0.00,ACT,0.00,47,94
09/28/2025,RB501,DAM/SHJ,C,12,0,0,1,0,0,11,295.50,8 %,0.00,ACT,0.00,1,11
09/28/2025,RB501,DAM/SHJ,Y,145,0,0,41,2,0,102,"3,724.32",30 %,0.00,ACT,0.00,41,102
09/28/2025,RB444,IST/DAM,C,12,0,0,0,0,0,12,0.00,0 %,0.00,ACT,0.00,0,12
09/28/2025,RB444,IST/DAM,Y,141,0,0,44,0,0,97,"3,961.45",31 %,0.00,ACT,0.00,44,97
09/28/2025,RB502,SHJ/DAM,C,12,0,0,0,0,0,12,0.00,0 %,0.00,ACT,0.00,0,12
09/28/2025,RB502,SHJ/DAM,Y,145,0,0,6,0,0,139,456.00,4 %,0.00,ACT,0.00,6,139
09/29/2025,RB389,DAM/RUH,C,8,0,0,2,0,0,6,550.00,25 %,0.00,ACT,0.00,2,6
09/29/2025,RB389,DAM/RUH,Y,103,0,0,21,0,0,82,"2,338.13",20 %,0.00,ACT,0.00,21,82
09/29/2025,RB443,DAM/IST,C,12,0,0,0,0,0,12,0.00,0 %,0.00,ACT,0.00,0,12
09/29/2025,RB443,DAM/IST,Y,141,0,0,12,0,0,129,746.27,9 %,0.00,ACT,0.00,12,129
09/29/2025,RB515,DAM/DXB,C,12,0,0,0,0,0,12,0.00,0 %,0.00,ACT,0.00,0,12
09/29/2025,RB515,DAM/DXB,Y,145,0,0,28,0,0,117,"2,513.72",19 %,0.00,ACT,0.00,28,117
09/29/2025,RB390,RUH/DAM,C,8,0,0,4,0,0,4,"1,499.00",50 %,0.00,ACT,0.00,4,4
09/29/2025,RB390,RUH/DAM,Y,103,0,0,23,0,0,80,"1,189.29",22 %,0.00,ACT,0.00,23,80
09/29/2025,RB444,IST/ALP,C,12,0,0,0,0,0,12,0.00,0 %,0.00,ACT,0.00,0,12
09/29/2025,RB444,IST/ALP,Y,141,0,0,19,0,0,122,"1,256.40",13 %,0.00,ACT,0.00,19,122
09/29/2025,RB517,ALP/DXB,C,12,0,0,1,0,0,11,361.26,8 %,0.00,ACT,0.00,1,11
09/29/2025,RB517,ALP/DXB,Y,141,0,0,54,0,0,87,"5,027.66",38 %,0.00,ACT,0.00,54,87
09/29/2025,RB516,DXB/DAM,C,12,0,0,1,0,0,11,351.70,8 %,0.00,ACT,0.00,1,11
09/29/2025,RB516,DXB/DAM,Y,145,0,0,9,0,0,136,"1,060.81",6 %,0.00,ACT,0.00,9,136
09/29/2025,RB501,DAM/SHJ,C,12,0,0,2,0,0,10,722.52,17 %,0.00,ACT,0.00,2,10
09/29/2025,RB501,DAM/SHJ,Y,145,0,0,40,0,0,105,"3,696.07",28 %,0.00,ACT,0.00,40,105
09/29/2025,RB521,DAM/DOH,C,12,0,0,1,1,0,10,582.26,17 %,0.00,ACT,0.00,1,10
09/29/2025,RB521,DAM/DOH,Y,148,0,0,41,0,0,107,"5,471.60",28 %,0.00,ACT,0.00,41,107
09/29/2025,RB518,DXB/ALP,C,12,0,0,0,0,0,12,0.00,0 %,0.00,ACT,0.00,0,12
09/29/2025,RB518,DXB/ALP,Y,138,0,0,9,0,0,129,730.99,7 %,0.00,ACT,0.00,9,129
09/29/2025,RB522,DOH/DAM,C,12,0,0,6,0,0,6,"1,576.20",50 %,0.00,ACT,0.00,6,6
09/29/2025,RB522,DOH/DAM,Y,148,0,0,44,0,0,104,"5,386.95",30 %,0.00,ACT,0.00,44,104
09/29/2025,RB502,SHJ/DAM,C,12,0,0,0,0,0,12,0.00,0 %,0.00,ACT,0.00,0,12
09/29/2025,RB502,SHJ/DAM,Y,145,0,0,5,0,0,140,568.47,3 %,0.00,ACT,0.00,5,140
09/29/2025,RB445,ALP/IST,C,12,0,0,0,0,0,12,0.00,0 %,0.00,ACT,0.00,0,12
09/29/2025,RB445,ALP/IST,Y,141,0,0,18,0,0,123,"1,177.50",13 %,0.00,ACT,0.00,18,123
09/30/2025,RB446,IST/DAM,C,12,0,0,0,0,0,12,0.00,0 %,0.00,ACT,0.00,0,12
09/30/2025,RB446,IST/DAM,Y,138,0,0,6,0,0,132,556.08,4 %,0.00,ACT,0.00,6,132
09/30/2025,RB515,DAM/DXB,C,12,0,0,0,0,0,12,0.00,0 %,0.00,ACT,0.00,0,12
09/30/2025,RB515,DAM/DXB,Y,145,0,0,31,1,0,113,"2,213.07",22 %,0.00,ACT,0.00,31,113
09/30/2025,RB341,DAM/KWI,C,12,0,0,1,0,0,11,212.10,8 %,0.00,ACT,0.00,1,11
09/30/2025,RB341,DAM/KWI,Y,141,0,0,24,0,0,117,"2,035.20",17 %,0.00,ACT,0.00,24,117
09/30/2025,RB342,KWI/DAM,C,12,0,0,0,0,0,12,0.00,0 %,0.00,ACT,0.00,0,12
09/30/2025,RB342,KWI/DAM,Y,141,0,0,22,0,0,119,"1,366.98",16 %,0.00,ACT,0.00,22,119
09/30/2025,RB516,DXB/DAM,C,12,0,0,2,0,0,10,510.00,17 %,0.00,ACT,0.00,2,10
09/30/2025,RB516,DXB/DAM,Y,145,0,0,29,0,0,116,"2,484.76",20 %,0.00,ACT,0.00,29,116
09/30/2025,RB503,DAM/AUH,C,12,0,0,0,0,0,12,0.00,0 %,0.00,ACT,0.00,0,12
09/30/2025,RB503,DAM/AUH,Y,148,0,0,74,0,0,74,"5,832.47",50 %,0.00,ACT,0.00,74,74
09/30/2025,RB501,DAM/SHJ,C,12,0,0,2,0,0,10,681.37,17 %,0.00,ACT,0.00,2,10
09/30/2025,RB501,DAM/SHJ,Y,145,0,0,67,0,0,78,"6,109.96",46 %,0.00,ACT,0.00,67,78
09/30/2025,RB504,AUH/DAM,C,12,0,0,0,0,0,12,0.00,0 %,0.00,ACT,0.00,0,12
09/30/2025,RB504,AUH/DAM,Y,148,0,0,20,0,0,128,"1,429.78",14 %,0.00,ACT,0.00,20,128
09/30/2025,RB502,SHJ/DAM,C,12,0,0,0,0,0,12,0.00,0 %,0.00,ACT,0.00,0,12
09/30/2025,RB502,SHJ/DAM,Y,145,0,0,9,0,0,136,959.77,6 %,0.00,ACT,0.00,9,136
10/01/2025,RB515,DAM/DXB,C,12,0,0,2,0,0,10,722.52,17 %,0.00,ACT,0.00,2,10
10/01/2025,RB515,DAM/DXB,Y,145,0,0,30,1,0,114,"2,899.49",21 %,0.00,ACT,0.00,30,114
10/01/2025,RB389,DAM/RUH,C,12,0,0,0,0,0,12,0.00,0 %,0.00,ACT,0.00,0,12
10/01/2025,RB389,DAM/RUH,Y,148,0,0,5,0,0,143,936.07,3 %,0.00,ACT,0.00,5,143
10/01/2025,RB390,RUH/DAM,C,12,0,0,1,0,0,11,520.00,8 %,0.00,ACT,0.00,1,11
10/01/2025,RB390,RUH/DAM,Y,148,0,0,31,0,0,117,"4,013.34",21 %,0.00,ACT,0.00,31,117
10/01/2025,RB516,DXB/DAM,C,12,0,0,3,0,0,9,913.50,25 %,0.00,ACT,0.00,3,9
10/01/2025,RB516,DXB/DAM,Y,145,0,0,43,0,0,102,"4,502.37",30 %,0.00,ACT,0.00,43,102
10/01/2025,RB521,DAM/DOH,C,8,0,0,3,2,0,3,"1,659.64",63 %,0.00,ACT,0.00,3,3
10/01/2025,RB521,DAM/DOH,Y,103,0,0,56,6,0,41,"9,112.41",60 %,0.00,ACT,0.00,56,41
10/01/2025,RB501,DAM/SHJ,C,12,0,0,1,0,0,11,361.26,8 %,0.00,ACT,0.00,1,11
10/01/2025,RB501,DAM/SHJ,Y,145,0,0,52,0,0,93,"4,403.26",36 %,0.00,ACT,0.00,52,93
10/01/2025,RB443,DAM/IST,C,12,0,0,3,0,0,9,873.00,25 %,0.00,ACT,0.00,3,9
10/01/2025,RB443,DAM/IST,Y,141,0,0,16,0,0,125,"1,438.32",11 %,0.00,ACT,0.00,16,125
10/01/2025,RB522,DOH/DAM,C,8,0,0,0,8,0,0,"2,507.30",100 %,0.00,ACT,0.00,0,0
10/01/2025,RB522,DOH/DAM,Y,103,0,0,25,5,0,73,"5,520.49",29 %,0.00,ACT,0.00,25,73
10/01/2025,RB444,IST/DAM,C,12,0,0,0,0,0,12,0.00,0 %,0.00,ACT,0.00,0,12
10/01/2025,RB444,IST/DAM,Y,141,0,0,16,0,0,125,"1,307.45",11 %,0.00,ACT,0.00,16,125
10/01/2025,RB502,SHJ/DAM,C,12,0,0,0,0,0,12,0.00,0 %,0.00,ACT,0.00,0,12
10/01/2025,RB502,SHJ/DAM,Y,145,0,0,9,0,0,136,706.82,6 %,0.00,ACT,0.00,9,136
10/02/2025,RB515,DAM/DXB,C,12,0,0,1,0,0,11,305.37,8 %,0.00,ACT,0.00,1,11
10/02/2025,RB515,DAM/DXB,Y,145,0,0,8,0,0,137,607.10,6 %,0.00,ACT,0.00,8,137
10/02/2025,RB527,DAM/DMM,C,12,0,0,0,0,0,12,0.00,0 %,0.00,ACT,0.00,0,12
10/02/2025,RB527,DAM/DMM,Y,148,0,0,19,0,0,129,"2,872.32",13 %,0.00,ACT,0.00,19,129
10/02/2025,RB528,DMM/DAM,C,12,0,0,0,0,0,12,0.00,0 %,0.00,ACT,0.00,0,12
10/02/2025,RB528,DMM/DAM,Y,148,0,0,8,0,0,140,516.00,5 %,0.00,ACT,0.00,8,140
10/02/2025,RB516,DXB/DAM,C,12,0,0,2,0,0,10,787.25,17 %,0.00,ACT,0.00,2,10
10/02/2025,RB516,DXB/DAM,Y,145,0,0,11,0,0,134,"1,485.08",8 %,0.00,ACT,0.00,11,134
10/02/2025,RB381,DAM/JED,C,8,0,0,0,0,0,8,0.00,0 %,0.00,ACT,0.00,0,8
10/02/2025,RB381,DAM/JED,Y,103,0,0,9,0,0,94,"1,449.62",9 %,0.00,ACT,0.00,9,94
10/02/2025,RB501,DAM/SHJ,C,12,0,0,2,0,0,10,900.00,17 %,0.00,ACT,0.00,2,10
10/02/2025,RB501,DAM/SHJ,Y,145,0,0,11,0,0,134,914.43,8 %,0.00,ACT,0.00,11,134
10/02/2025,RB341,DAM/KWI,C,12,0,0,2,0,0,10,424.20,17 %,0.00,ACT,0.00,2,10
10/02/2025,RB341,DAM/KWI,Y,141,0,0,50,0,0,91,"4,286.34",35 %,0.00,ACT,0.00,50,91
10/02/2025,RB382,JED/DAM,C,8,0,0,4,0,0,4,966.00,50 %,0.00,ACT,0.00,4,4
10/02/2025,RB382,JED/DAM,Y,103,0,0,30,0,0,73,"2,987.00",29 %,0.00,ACT,0.00,30,73
10/02/2025,RB342,KWI/DAM,C,12,0,0,0,0,0,12,0.00,0 %,0.00,ACT,0.00,0,12
10/02/2025,RB342,KWI/DAM,Y,141,0,0,9,0,0,132,549.11,6 %,0.00,ACT,0.00,9,132
10/02/2025,RB502,SHJ/DAM,C,12,0,0,0,0,0,12,0.00,0 %,0.00,ACT,0.00,0,12
10/02/2025,RB502,SHJ/DAM,Y,145,0,0,5,0,0,140,393.35,3 %,0.00,ACT,0.00,5,140
10/03/2025,RB515,DAM/DXB,C,12,0,0,0,0,0,12,0.00,0 %,0.00,ACT,0.00,0,12
10/03/2025,RB515,DAM/DXB,Y,145,0,0,15,0,0,130,"1,500.05",10 %,0.00,ACT,0.00,15,130
10/03/2025,RB503,DAM/AUH,C,12,0,0,1,0,0,11,450.00,8 %,0.00,ACT,0.00,1,11
10/03/2025,RB503,DAM/AUH,Y,148,0,0,30,0,0,118,"2,831.52",20 %,0.00,ACT,0.00,30,118
10/03/2025,RB504,AUH/DAM,C,12,0,0,0,0,0,12,0.00,0 %,0.00,ACT,0.00,0,12
10/03/2025,RB504,AUH/DAM,Y,148,0,0,54,0,0,94,"5,007.58",36 %,0.00,ACT,0.00,54,94
10/03/2025,RB516,DXB/DAM,C,12,0,0,0,0,0,12,0.00,0 %,0.00,ACT,0.00,0,12
10/03/2025,RB516,DXB/DAM,Y,145,0,0,31,0,0,114,"1,537.98",21 %,0.00,ACT,0.00,31,114
10/03/2025,RB501,DAM/SHJ,C,12,0,0,0,0,0,12,0.00,0 %,0.00,ACT,0.00,0,12
10/03/2025,RB501,DAM/SHJ,Y,145,0,0,42,0,0,103,"3,783.08",29 %,0.00,ACT,0.00,42,103
10/03/2025,RB443,DAM/IST,C,12,0,0,0,0,0,12,0.00,0 %,0.00,ACT,0.00,0,12
10/03/2025,RB443,DAM/IST,Y,141,0,0,11,0,0,130,776.04,8 %,0.00,ACT,0.00,11,130
10/03/2025,RB389,DAM/RUH,C,8,0,0,2,0,0,6,688.50,25 %,0.00,ACT,0.00,2,6
10/03/2025,RB389,DAM/RUH,Y,103,0,0,18,0,0,85,"1,972.14",17 %,0.00,ACT,0.00,18,85
10/03/2025,RB444,IST/DAM,C,12,0,0,0,0,0,12,0.00,0 %,0.00,ACT,0.00,0,12
10/03/2025,RB444,IST/DAM,Y,141,0,0,10,0,0,131,"1,009.70",7 %,0.00,ACT,0.00,10,131
10/03/2025,RB502,SHJ/DAM,C,12,0,0,0,0,0,12,0.00,0 %,0.00,ACT,0.00,0,12
10/03/2025,RB502,SHJ/DAM,Y,145,0,0,5,0,0,140,312.08,3 %,0.00,ACT,0.00,5,140
10/03/2025,RB390,RUH/DAM,C,8,0,0,5,0,0,3,"1,147.50",63 %,0.00,ACT,0.00,5,3
10/03/2025,RB390,RUH/DAM,Y,103,0,0,20,0,0,83,"2,201.00",19 %,0.00,ACT,0.00,20,83
10/04/2025,RB515,DAM/DXB,C,12,0,0,0,0,0,12,0.00,0 %,0.00,ACT,0.00,0,12
10/04/2025,RB515,DAM/DXB,Y,145,0,0,23,0,0,122,"2,141.29",16 %,0.00,ACT,0.00,23,122
10/04/2025,RB389,DAM/RUH,C,8,0,0,0,0,0,8,0.00,0 %,0.00,ACT,0.00,0,8
10/04/2025,RB389,DAM/RUH,Y,103,0,0,5,0,0,98,580.55,5 %,0.00,ACT,0.00,5,98
10/04/2025,RB390,RUH/DAM,C,8,0,0,0,0,0,8,0.00,0 %,0.00,ACT,0.00,0,8
10/04/2025,RB390,RUH/DAM,Y,103,0,0,6,0,0,97,851.39,6 %,0.00,ACT,0.00,6,97
10/04/2025,RB516,DXB/DAM,C,12,0,0,1,0,0,11,361.27,8 %,0.00,ACT,0.00,1,11
10/04/2025,RB516,DXB/DAM,Y,145,0,0,24,21,0,100,"5,049.11",31 %,0.00,ACT,0.00,24,100
10/04/2025,RB521,DAM/DOH,C,8,0,0,0,2,0,6,709.80,25 %,0.00,ACT,0.00,0,6
10/04/2025,RB521,DAM/DOH,Y,103,0,0,18,5,0,80,"3,491.99",22 %,0.00,ACT,0.00,18,80
10/04/2025,RB501,DAM/SHJ,C,12,0,0,0,0,0,12,0.00,0 %,0.00,ACT,0.00,0,12
10/04/2025,RB501,DAM/SHJ,Y,145,0,0,39,0,0,106,"2,949.24",27 %,0.00,ACT,0.00,39,106
10/04/2025,RB341,DAM/KWI,C,12,0,0,0,0,0,12,0.00,0 %,0.00,ACT,0.00,0,12
10/04/2025,RB341,DAM/KWI,Y,141,0,0,34,0,0,107,"2,724.25",24 %,0.00,ACT,0.00,34,107
10/04/2025,RB522,DOH/DAM,C,8,0,0,0,2,0,6,986.30,25 %,0.00,ACT,0.00,0,6
10/04/2025,RB522,DOH/DAM,Y,103,0,0,31,5,0,67,"6,188.74",35 %,0.00,ACT,0.00,31,67
10/04/2025,RB342,KWI/DAM,C,12,0,0,0,0,0,12,0.00,0 %,0.00,ACT,0.00,0,12
10/04/2025,RB342,KWI/DAM,Y,141,0,0,5,1,0,135,465.23,4 %,0.00,ACT,0.00,5,135
10/04/2025,RB502,SHJ/DAM,C,12,0,0,0,0,0,12,0.00,0 %,0.00,ACT,0.00,0,12
10/04/2025,RB502,SHJ/DAM,Y,145,0,0,2,0,0,143,269.77,1 %,0.00,ACT,0.00,2,143
10/05/2025,RB515,DAM/DXB,C,12,0,0,1,0,0,11,361.26,8 %,0.00,ACT,0.00,1,11
10/05/2025,RB515,DAM/DXB,Y,145,0,0,19,0,0,126,"1,704.39",13 %,0.00,ACT,0.00,19,126
10/05/2025,RB381,DAM/JED,C,8,0,0,0,0,0,8,0.00,0 %,0.00,ACT,0.00,0,8
10/05/2025,RB381,DAM/JED,Y,103,0,0,2,0,0,101,398.66,2 %,0.00,ACT,0.00,2,101
10/05/2025,RB382,JED/DAM,C,8,0,0,0,0,0,8,0.00,0 %,0.00,ACT,0.00,0,8
10/05/2025,RB382,JED/DAM,Y,103,0,0,14,0,0,89,"1,068.17",14 %,0.00,ACT,0.00,14,89
10/05/2025,RB516,DXB/DAM,C,12,0,0,0,0,0,12,0.00,0 %,0.00,ACT,0.00,0,12
10/05/2025,RB516,DXB/DAM,Y,145,0,0,18,0,0,127,"1,250.47",12 %,0.00,ACT,0.00,18,127
10/05/2025,RB443,DAM/IST,C,12,0,0,1,0,0,11,207.75,8 %,0.00,ACT,0.00,1,11
10/05/2025,RB443,DAM/IST,Y,141,0,0,11,0,0,130,739.26,8 %,0.00,ACT,0.00,11,130
10/05/2025,RB501,DAM/SHJ,C,12,0,0,0,0,0,12,0.00,0 %,0.00,ACT,0.00,0,12
10/05/2025,RB501,DAM/SHJ,Y,145,0,0,39,0,0,106,"3,907.07",27 %,0.00,ACT,0.00,39,106
10/05/2025,RB444,IST/DAM,C,12,0,0,6,0,0,6,"1,671.30",50 %,0.00,ACT,0.00,6,6
10/05/2025,RB444,IST/DAM,Y,141,0,0,13,0,0,128,"1,304.80",9 %,0.00,ACT,0.00,13,128
10/05/2025,RB502,SHJ/DAM,C,12,0,0,2,0,0,10,510.00,17 %,0.00,ACT,0.00,2,10
10/05/2025,RB502,SHJ/DAM,Y,145,0,0,9,0,0,136,691.44,6 %,0.00,ACT,0.00,9,136
10/06/2025,RB389,DAM/RUH,C,8,0,0,0,0,0,8,0.00,0 %,0.00,ACT,0.00,0,8
10/06/2025,RB389,DAM/RUH,Y,103,0,0,1,0,0,102,141.00,1 %,0.00,ACT,0.00,1,102
10/06/2025,RB443,DAM/IST,C,12,0,0,0,0,0,12,0.00,0 %,0.00,ACT,0.00,0,12
10/06/2025,RB443,DAM/IST,Y,141,0,0,3,0,0,138,223.80,2 %,0.00,ACT,0.00,3,138
10/06/2025,RB515,DAM/DXB,C,12,0,0,0,0,0,12,0.00,0 %,0.00,ACT,0.00,0,12
10/06/2025,RB515,DAM/DXB,Y,145,0,0,7,0,0,138,620.32,5 %,0.00,ACT,0.00,7,138
10/06/2025,RB390,RUH/DAM,C,8,0,0,0,0,0,8,0.00,0 %,0.00,ACT,0.00,0,8
10/06/2025,RB390,RUH/DAM,Y,103,0,0,7,0,0,96,555.76,7 %,0.00,ACT,0.00,7,96
10/06/2025,RB444,IST/ALP,C,12,0,0,0,0,0,12,0.00,0 %,0.00,ACT,0.00,0,12
10/06/2025,RB444,IST/ALP,Y,141,0,0,5,0,0,136,353.40,4 %,0.00,ACT,0.00,5,136
10/06/2025,RB517,ALP/DXB,C,12,0,0,0,0,0,12,0.00,0 %,0.00,ACT,0.00,0,12
10/06/2025,RB517,ALP/DXB,Y,141,0,0,41,0,0,100,"3,849.77",29 %,0.00,ACT,0.00,41,100
10/06/2025,RB516,DXB/DAM,C,12,0,0,1,0,0,11,255.00,8 %,0.00,ACT,0.00,1,11
10/06/2025,RB516,DXB/DAM,Y,145,0,0,10,0,0,135,807.77,7 %,0.00,ACT,0.00,10,135
10/06/2025,RB501,DAM/SHJ,C,12,0,0,0,0,0,12,0.00,0 %,0.00,ACT,0.00,0,12
10/06/2025,RB501,DAM/SHJ,Y,145,0,0,14,0,0,131,"1,056.16",10 %,0.00,ACT,0.00,14,131
10/06/2025,RB521,DAM/DOH,C,12,0,0,0,0,0,12,0.00,0 %,0.00,ACT,0.00,0,12
10/06/2025,RB521,DAM/DOH,Y,148,0,0,8,3,0,137,"1,386.48",7 %,0.00,ACT,0.00,8,137
10/06/2025,RB518,DXB/ALP,C,12,0,0,0,0,0,12,0.00,0 %,0.00,ACT,0.00,0,12
10/06/2025,RB518,DXB/ALP,Y,138,0,0,21,0,0,117,"1,888.57",15 %,0.00,ACT,0.00,21,117
10/06/2025,RB522,DOH/DAM,C,12,0,0,0,0,0,12,0.00,0 %,0.00,ACT,0.00,0,12
10/06/2025,RB522,DOH/DAM,Y,148,0,0,19,0,0,129,"2,725.58",13 %,0.00,ACT,0.00,19,129
10/06/2025,RB502,SHJ/DAM,C,12,0,0,7,0,0,5,"2,068.50",58 %,0.00,ACT,0.00,7,5
10/06/2025,RB502,SHJ/DAM,Y,145,0,0,2,0,0,143,232.00,1 %,0.00,ACT,0.00,2,143
10/06/2025,RB445,ALP/IST,C,12,0,0,0,0,0,12,0.00,0 %,0.00,ACT,0.00,0,12
10/06/2025,RB445,ALP/IST,Y,141,0,0,8,0,0,133,634.20,6 %,0.00,ACT,0.00,8,133
10/07/2025,RB446,IST/DAM,C,12,0,0,0,0,0,12,0.00,0 %,0.00,ACT,0.00,0,12
10/07/2025,RB446,IST/DAM,Y,138,0,0,1,0,0,137,72.65,1 %,0.00,ACT,0.00,1,137
10/07/2025,RB515,DAM/DXB,C,12,0,0,0,0,0,12,0.00,0 %,0.00,ACT,0.00,0,12
10/07/2025,RB515,DAM/DXB,Y,145,0,0,5,0,0,140,530.38,3 %,0.00,ACT,0.00,5,140
10/07/2025,RB341,DAM/KWI,C,12,0,0,0,0,0,12,0.00,0 %,0.00,ACT,0.00,0,12
10/07/2025,RB341,DAM/KWI,Y,141,0,0,0,0,0,141,0.00,0 %,0.00,ACT,0.00,0,141
10/07/2025,RB342,KWI/DAM,C,12,0,0,0,0,0,12,0.00,0 %,0.00,ACT,0.00,0,12
10/07/2025,RB342,KWI/DAM,Y,141,0,0,5,0,0,136,465.73,4 %,0.00,ACT,0.00,5,136
10/07/2025,RB516,DXB/DAM,C,12,0,0,0,0,0,12,0.00,0 %,0.00,ACT,0.00,0,12
10/07/2025,RB516,DXB/DAM,Y,145,0,0,0,0,0,145,0.00,0 %,0.00,ACT,0.00,0,145
10/07/2025,RB503,DAM/AUH,C,12,0,0,2,0,0,10,722.52,17 %,0.00,ACT,0.00,2,10
10/07/2025,RB503,DAM/AUH,Y,148,0,0,55,0,0,93,"4,192.53",37 %,0.00,ACT,0.00,55,93
10/07/2025,RB501,DAM/SHJ,C,12,0,0,1,0,0,11,376.00,8 %,0.00,ACT,0.00,1,11
10/07/2025,RB501,DAM/SHJ,Y,145,0,0,6,0,0,139,596.20,4 %,0.00,ACT,0.00,6,139
10/07/2025,RB504,AUH/DAM,C,12,0,0,0,0,0,12,0.00,0 %,0.00,ACT,0.00,0,12
10/07/2025,RB504,AUH/DAM,Y,148,0,0,7,0,0,141,698.19,5 %,0.00,ACT,0.00,7,141
10/07/2025,RB502,SHJ/DAM,C,12,0,0,0,0,0,12,0.00,0 %,0.00,ACT,0.00,0,12
10/07/2025,RB502,SHJ/DAM,Y,145,0,0,2,0,0,143,232.00,1 %,0.00,ACT,0.00,2,143
10/08/2025,RB515,DAM/DXB,C,12,0,0,0,0,0,12,0.00,0 %,0.00,ACT,0.00,0,12
10/08/2025,RB515,DAM/DXB,Y,145,0,0,6,0,0,139,481.37,4 %,0.00,ACT,0.00,6,139
10/08/2025,RB389,DAM/RUH,C,12,0,0,0,0,0,12,0.00,0 %,0.00,ACT,0.00,0,12
10/08/2025,RB389,DAM/RUH,Y,148,0,0,3,0,0,145,361.50,2 %,0.00,ACT,0.00,3,145
10/08/2025,RB390,RUH/DAM,C,12,0,0,0,0,0,12,0.00,0 %,0.00,ACT,0.00,0,12
10/08/2025,RB390,RUH/DAM,Y,148,0,0,0,0,0,148,0.00,0 %,0.00,ACT,0.00,0,148
10/08/2025,RB516,DXB/DAM,C,12,0,0,0,0,0,12,0.00,0 %,0.00,ACT,0.00,0,12
10/08/2025,RB516,DXB/DAM,Y,145,0,0,10,0,0,135,844.74,7 %,0.00,ACT,0.00,10,135
10/08/2025,RB521,DAM/DOH,C,8,0,0,0,2,0,6,709.80,25 %,0.00,ACT,0.00,0,6
10/08/2025,RB521,DAM/DOH,Y,103,0,0,14,5,0,84,"2,950.02",18 %,0.00,ACT,0.00,14,84
10/08/2025,RB501,DAM/SHJ,C,12,0,0,1,0,0,11,305.37,8 %,0.00,ACT,0.00,1,11
10/08/2025,RB501,DAM/SHJ,Y,145,0,0,6,0,0,139,630.34,4 %,0.00,ACT,0.00,6,139
10/08/2025,RB443,DAM/IST,C,12,0,0,0,0,0,12,0.00,0 %,0.00,ACT,0.00,0,12
10/08/2025,RB443,DAM/IST,Y,141,0,0,6,0,0,135,447.60,4 %,0.00,ACT,0.00,6,135
10/08/2025,RB522,DOH/DAM,C,8,0,0,1,2,0,5,"1,239.80",38 %,0.00,ACT,0.00,1,5
10/08/2025,RB522,DOH/DAM,Y,103,0,0,20,5,0,78,"4,557.92",24 %,0.00,ACT,0.00,20,78
10/08/2025,RB444,IST/DAM,C,12,0,0,0,0,0,12,0.00,0 %,0.00,ACT,0.00,0,12
10/08/2025,RB444,IST/DAM,Y,141,0,0,4,0,0,137,402.10,3 %,0.00,ACT,0.00,4,137
10/08/2025,RB502,SHJ/DAM,C,12,0,0,0,0,0,12,0.00,0 %,0.00,ACT,0.00,0,12
10/08/2025,RB502,SHJ/DAM,Y,145,0,0,0,0,0,145,0.00,0 %,0.00,ACT,0.00,0,145
10/09/2025,RB515,DAM/DXB,C,12,0,0,1,0,0,11,255.00,8 %,0.00,ACT,0.00,1,11
10/09/2025,RB515,DAM/DXB,Y,145,0,0,8,0,0,137,457.53,6 %,0.00,ACT,0.00,8,137
10/09/2025,RB527,DAM/DMM,C,12,0,0,0,0,0,12,0.00,0 %,0.00,ACT,0.00,0,12
10/09/2025,RB527,DAM/DMM,Y,148,0,0,6,0,0,142,"1,036.35",4 %,0.00,ACT,0.00,6,142
10/09/2025,RB528,DMM/DAM,C,12,0,0,0,0,0,12,0.00,0 %,0.00,ACT,0.00,0,12
10/09/2025,RB528,DMM/DAM,Y,148,0,0,6,0,0,142,624.00,4 %,0.00,ACT,0.00,6,142
10/09/2025,RB516,DXB/DAM,C,12,0,0,1,0,0,11,471.42,8 %,0.00,ACT,0.00,1,11
10/09/2025,RB516,DXB/DAM,Y,145,0,0,9,0,0,136,811.19,6 %,0.00,ACT,0.00,9,136
10/09/2025,RB381,DAM/JED,C,8,0,0,0,0,0,8,0.00,0 %,0.00,ACT,0.00,0,8
10/09/2025,RB381,DAM/JED,Y,103,0,0,1,0,0,102,132.00,1 %,0.00,ACT,0.00,1,102
10/09/2025,RB501,DAM/SHJ,C,12,0,0,1,0,0,11,361.26,8 %,0.00,ACT,0.00,1,11
10/09/2025,RB501,DAM/SHJ,Y,145,0,0,3,0,0,142,195.30,2 %,0.00,ACT,0.00,3,142
10/09/2025,RB341,DAM/KWI,C,12,0,0,0,0,0,12,0.00,0 %,0.00,ACT,0.00,0,12
10/09/2025,RB341,DAM/KWI,Y,141,0,0,21,0,0,120,"1,801.76",15 %,0.00,ACT,0.00,21,120
10/09/2025,RB382,JED/DAM,C,8,0,0,0,0,0,8,0.00,0 %,0.00,ACT,0.00,0,8
10/09/2025,RB382,JED/DAM,Y,103,0,0,12,0,0,91,868.68,12 %,0.00,ACT,0.00,12,91
10/09/2025,RB342,KWI/DAM,C,12,0,0,1,0,0,11,227.25,8 %,0.00,ACT,0.00,1,11
10/09/2025,RB342,KWI/DAM,Y,141,0,0,9,0,0,132,482.30,6 %,0.00,ACT,0.00,9,132
10/09/2025,RB502,SHJ/DAM,C,12,0,0,0,0,0,12,0.00,0 %,0.00,ACT,0.00,0,12
10/09/2025,RB502,SHJ/DAM,Y,145,0,0,9,0,0,136,766.59,6 %,0.00,ACT,0.00,9,136
10/10/2025,RB515,DAM/DXB,C,12,0,0,2,0,0,10,510.00,17 %,0.00,ACT,0.00,2,10
10/10/2025,RB515,DAM/DXB,Y,145,0,0,15,0,0,130,"1,232.91",10 %,0.00,ACT,0.00,15,130
10/10/2025,RB503,DAM/AUH,C,12,0,0,0,0,0,12,0.00,0 %,0.00,ACT,0.00,0,12
10/10/2025,RB503,DAM/AUH,Y,148,0,0,20,0,0,128,"1,852.92",14 %,0.00,ACT,0.00,20,128
10/10/2025,RB504,AUH/DAM,C,12,0,0,1,0,0,11,305.38,8 %,0.00,ACT,0.00,1,11
10/10/2025,RB504,AUH/DAM,Y,148,0,0,47,0,0,101,"3,716.87",32 %,0.00,ACT,0.00,47,101
10/10/2025,RB516,DXB/DAM,C,12,0,0,0,0,0,12,0.00,0 %,0.00,ACT,0.00,0,12
10/10/2025,RB516,DXB/DAM,Y,145,0,0,19,0,0,126,"1,774.18",13 %,0.00,ACT,0.00,19,126
10/10/2025,RB501,DAM/SHJ,C,12,0,0,0,0,0,12,0.00,0 %,0.00,ACT,0.00,0,12
10/10/2025,RB501,DAM/SHJ,Y,145,0,0,28,0,0,117,"2,883.58",19 %,0.00,ACT,0.00,28,117
10/10/2025,RB443,DAM/IST,C,12,0,0,0,0,0,12,0.00,0 %,0.00,ACT,0.00,0,12
10/10/2025,RB443,DAM/IST,Y,141,0,0,6,0,0,135,507.07,4 %,0.00,ACT,0.00,6,135
10/10/2025,RB389,DAM/RUH,C,8,0,0,0,0,0,8,0.00,0 %,0.00,ACT,0.00,0,8
10/10/2025,RB389,DAM/RUH,Y,103,0,0,11,0,0,92,"2,195.29",11 %,0.00,ACT,0.00,11,92
10/10/2025,RB444,IST/DAM,C,12,0,0,0,0,0,12,0.00,0 %,0.00,ACT,0.00,0,12
10/10/2025,RB444,IST/DAM,Y,141,0,0,2,0,0,139,213.00,1 %,0.00,ACT,0.00,2,139
10/10/2025,RB502,SHJ/DAM,C,12,0,0,0,0,0,12,0.00,0 %,0.00,ACT,0.00,0,12
10/10/2025,RB502,SHJ/DAM,Y,145,0,0,11,0,0,134,"1,228.93",8 %,0.00,ACT,0.00,11,134
10/10/2025,RB390,RUH/DAM,C,8,0,0,2,0,0,6,459.00,25 %,0.00,ACT,0.00,2,6
10/10/2025,RB390,RUH/DAM,Y,103,0,0,3,0,0,100,197.15,3 %,0.00,ACT,0.00,3,100
10/11/2025,RB515,DAM/DXB,C,12,0,0,2,0,0,10,681.37,17 %,0.00,ACT,0.00,2,10
10/11/2025,RB515,DAM/DXB,Y,145,0,0,13,0,0,132,876.80,9 %,0.00,ACT,0.00,13,132
10/11/2025,RB389,DAM/RUH,C,8,0,0,0,0,0,8,0.00,0 %,0.00,ACT,0.00,0,8
10/11/2025,RB389,DAM/RUH,Y,103,0,0,5,0,0,98,774.47,5 %,0.00,ACT,0.00,5,98
10/11/2025,RB390,RUH/DAM,C,8,0,0,0,0,0,8,0.00,0 %,0.00,ACT,0.00,0,8
10/11/2025,RB390,RUH/DAM,Y,103,0,0,3,0,0,100,606.84,3 %,0.00,ACT,0.00,3,100
10/11/2025,RB516,DXB/DAM,C,12,0,0,1,0,0,11,361.27,8 %,0.00,ACT,0.00,1,11
10/11/2025,RB516,DXB/DAM,Y,145,0,0,22,0,0,123,"2,362.27",15 %,0.00,ACT,0.00,22,123
10/11/2025,RB521,DAM/DOH,C,8,0,0,2,2,0,4,"1,216.80",50 %,0.00,ACT,0.00,2,4
10/11/2025,RB521,DAM/DOH,Y,103,0,0,26,5,0,72,"4,525.22",30 %,0.00,ACT,0.00,26,72
10/11/2025,RB501,DAM/SHJ,C,12,0,0,0,0,0,12,0.00,0 %,0.00,ACT,0.00,0,12
10/11/2025,RB501,DAM/SHJ,Y,145,0,0,14,0,0,131,970.09,10 %,0.00,ACT,0.00,14,131
10/11/2025,RB341,DAM/KWI,C,12,0,0,3,0,0,9,666.60,25 %,0.00,ACT,0.00,3,9
10/11/2025,RB341,DAM/KWI,Y,141,0,0,15,0,0,126,"1,239.00",11 %,0.00,ACT,0.00,15,126
10/11/2025,RB522,DOH/DAM,C,8,0,0,0,2,0,6,986.30,25 %,0.00,ACT,0.00,0,6
10/11/2025,RB522,DOH/DAM,Y,103,0,0,42,5,0,56,"8,071.12",46 %,0.00,ACT,0.00,42,56
10/11/2025,RB342,KWI/DAM,C,12,0,0,0,0,0,12,0.00,0 %,0.00,ACT,0.00,0,12
10/11/2025,RB342,KWI/DAM,Y,141,0,0,2,0,0,139,142.11,1 %,0.00,ACT,0.00,2,139
10/11/2025,RB502,SHJ/DAM,C,12,0,0,0,0,0,12,0.00,0 %,0.00,ACT,0.00,0,12
10/11/2025,RB502,SHJ/DAM,Y,145,0,0,0,0,0,145,0.00,0 %,0.00,ACT,0.00,0,145
10/12/2025,RB515,DAM/DXB,C,12,0,0,0,0,0,12,0.00,0 %,0.00,ACT,0.00,0,12
10/12/2025,RB515,DAM/DXB,Y,145,0,0,5,0,0,140,337.30,3 %,0.00,ACT,0.00,5,140
10/12/2025,RB381,DAM/JED,C,8,0,0,0,0,0,8,0.00,0 %,0.00,ACT,0.00,0,8
10/12/2025,RB381,DAM/JED,Y,103,0,0,3,0,0,100,242.00,3 %,0.00,ACT,0.00,3,100
10/12/2025,RB382,JED/DAM,C,8,0,0,0,0,0,8,0.00,0 %,0.00,ACT,0.00,0,8
10/12/2025,RB382,JED/DAM,Y,103,0,0,12,0,0,91,851.00,12 %,0.00,ACT,0.00,12,91
10/12/2025,RB516,DXB/DAM,C,12,0,0,0,0,0,12,0.00,0 %,0.00,ACT,0.00,0,12
10/12/2025,RB516,DXB/DAM,Y,145,0,0,11,0,0,134,"1,067.04",8 %,0.00,ACT,0.00,11,134
10/12/2025,RB443,DAM/IST,C,12,0,0,0,0,0,12,0.00,0 %,0.00,ACT,0.00,0,12
10/12/2025,RB443,DAM/IST,Y,141,0,0,8,0,0,133,522.58,6 %,0.00,ACT,0.00,8,133
10/12/2025,RB501,DAM/SHJ,C,12,0,0,0,0,0,12,0.00,0 %,0.00,ACT,0.00,0,12
10/12/2025,RB501,DAM/SHJ,Y,145,0,0,18,0,0,127,"1,416.32",12 %,0.00,ACT,0.00,18,127
10/12/2025,RB444,IST/DAM,C,12,0,0,0,0,0,12,0.00,0 %,0.00,ACT,0.00,0,12
10/12/2025,RB444,IST/DAM,Y,141,0,0,3,0,0,138,247.50,2 %,0.00,ACT,0.00,3,138
10/12/2025,RB502,SHJ/DAM,C,12,0,0,1,0,0,11,295.50,8 %,0.00,ACT,0.00,1,11
10/12/2025,RB502,SHJ/DAM,Y,145,0,0,1,0,0,144,81.00,1 %,0.00,ACT,0.00,1,144
10/13/2025,RB389,DAM/RUH,C,8,0,0,0,0,0,8,0.00,0 %,0.00,ACT,0.00,0,8
10/13/2025,RB389,DAM/RUH,Y,103,0,0,2,0,0,101,287.48,2 %,0.00,ACT,0.00,2,101
10/13/2025,RB443,DAM/IST,C,12,0,0,0,0,0,12,0.00,0 %,0.00,ACT,0.00,0,12
10/13/2025,RB443,DAM/IST,Y,141,0,0,4,0,0,137,276.01,3 %,0.00,ACT,0.00,4,137
10/13/2025,RB515,DAM/DXB,C,12,0,0,1,0,0,11,450.00,8 %,0.00,ACT,0.00,1,11
10/13/2025,RB515,DAM/DXB,Y,145,0,0,10,0,0,135,843.70,7 %,0.00,ACT,0.00,10,135
10/13/2025,RB390,RUH/DAM,C,8,0,0,0,0,0,8,0.00,0 %,0.00,ACT,0.00,0,8
10/13/2025,RB390,RUH/DAM,Y,103,0,0,9,0,0,94,"1,011.10",9 %,0.00,ACT,0.00,9,94
10/13/2025,RB444,IST/ALP,C,12,0,0,0,0,0,12,0.00,0 %,0.00,ACT,0.00,0,12
10/13/2025,RB444,IST/ALP,Y,141,0,0,4,0,0,137,304.60,3 %,0.00,ACT,0.00,4,137
10/13/2025,RB517,ALP/DXB,C,12,0,0,0,0,0,12,0.00,0 %,0.00,ACT,0.00,0,12
10/13/2025,RB517,ALP/DXB,Y,141,0,0,23,0,0,118,"2,309.08",16 %,0.00,ACT,0.00,23,118
10/13/2025,RB516,DXB/DAM,C,12,0,0,0,0,0,12,0.00,0 %,0.00,ACT,0.00,0,12
10/13/2025,RB516,DXB/DAM,Y,145,0,0,5,0,0,140,655.31,3 %,0.00,ACT,0.00,5,140
10/13/2025,RB501,DAM/SHJ,C,12,0,0,0,0,0,12,0.00,0 %,0.00,ACT,0.00,0,12
10/13/2025,RB501,DAM/SHJ,Y,145,0,0,12,0,0,133,998.76,8 %,0.00,ACT,0.00,12,133
10/13/2025,RB521,DAM/DOH,C,12,0,0,2,0,0,10,507.00,17 %,0.00,ACT,0.00,2,10
10/13/2025,RB521,DAM/DOH,Y,148,0,0,2,0,0,146,381.08,1 %,0.00,ACT,0.00,2,146
10/13/2025,RB518,DXB/ALP,C,12,0,0,1,0,0,11,361.27,8 %,0.00,ACT,0.00,1,11
10/13/2025,RB518,DXB/ALP,Y,138,0,0,8,0,0,130,"1,175.83",6 %,0.00,ACT,0.00,8,130
10/13/2025,RB522,DOH/DAM,C,12,0,0,0,0,0,12,0.00,0 %,0.00,ACT,0.00,0,12
10/13/2025,RB522,DOH/DAM,Y,148,0,0,24,0,0,124,"3,401.70",16 %,0.00,ACT,0.00,24,124
10/13/2025,RB502,SHJ/DAM,C,12,0,0,0,0,0,12,0.00,0 %,0.00,ACT,0.00,0,12
10/13/2025,RB502,SHJ/DAM,Y,145,0,0,4,0,0,141,439.57,3 %,0.00,ACT,0.00,4,141
10/13/2025,RB445,ALP/IST,C,12,0,0,0,0,0,12,0.00,0 %,0.00,ACT,0.00,0,12
10/13/2025,RB445,ALP/IST,Y,141,0,0,2,0,0,139,128.10,1 %,0.00,ACT,0.00,2,139
10/14/2025,RB446,IST/DAM,C,12,0,0,0,0,0,12,0.00,0 %,0.00,ACT,0.00,0,12
10/14/2025,RB446,IST/DAM,Y,138,0,0,0,0,0,138,0.00,0 %,0.00,ACT,0.00,0,138
10/14/2025,RB515,DAM/DXB,C,12,0,0,0,0,0,12,0.00,0 %,0.00,ACT,0.00,0,12
10/14/2025,RB515,DAM/DXB,Y,145,0,0,3,0,0,142,208.65,2 %,0.00,ACT,0.00,3,142
10/14/2025,RB341,DAM/KWI,C,12,0,0,0,0,0,12,0.00,0 %,0.00,ACT,0.00,0,12
10/14/2025,RB341,DAM/KWI,Y,141,0,0,1,0,0,140,151.50,1 %,0.00,ACT,0.00,1,140
10/14/2025,RB342,KWI/DAM,C,12,0,0,0,0,0,12,0.00,0 %,0.00,ACT,0.00,0,12
10/14/2025,RB342,KWI/DAM,Y,141,0,0,6,0,0,135,504.25,4 %,0.00,ACT,0.00,6,135
10/14/2025,RB516,DXB/DAM,C,12,0,0,0,0,0,12,0.00,0 %,0.00,ACT,0.00,0,12
10/14/2025,RB516,DXB/DAM,Y,145,0,0,5,0,0,140,505.19,3 %,0.00,ACT,0.00,5,140
10/14/2025,RB503,DAM/AUH,C,12,0,0,0,0,0,12,0.00,0 %,0.00,ACT,0.00,0,12
10/14/2025,RB503,DAM/AUH,Y,148,0,0,34,0,0,114,"2,476.28",23 %,0.00,ACT,0.00,34,114
10/14/2025,RB501,DAM/SHJ,C,12,0,0,0,0,0,12,0.00,0 %,0.00,ACT,0.00,0,12
10/14/2025,RB501,DAM/SHJ,Y,145,0,0,5,0,0,140,486.82,3 %,0.00,ACT,0.00,5,140
10/14/2025,RB504,AUH/DAM,C,12,0,0,1,0,0,11,361.27,8 %,0.00,ACT,0.00,1,11
10/14/2025,RB504,AUH/DAM,Y,148,0,0,13,0,0,135,"1,338.32",9 %,0.00,ACT,0.00,13,135
10/14/2025,RB502,SHJ/DAM,C,12,0,0,1,0,0,11,361.27,8 %,0.00,ACT,0.00,1,11
10/14/2025,RB502,SHJ/DAM,Y,145,0,0,6,0,0,139,353.63,4 %,0.00,ACT,0.00,6,139
10/15/2025,RB515,DAM/DXB,C,12,0,0,3,0,0,9,"1,083.78",25 %,0.00,ACT,0.00,3,9
10/15/2025,RB515,DAM/DXB,Y,145,0,0,33,0,0,112,"3,318.48",23 %,0.00,ACT,0.00,33,112
10/15/2025,RB389,DAM/RUH,C,12,0,0,0,0,0,12,0.00,0 %,0.00,ACT,0.00,0,12
10/15/2025,RB389,DAM/RUH,Y,148,0,0,9,0,0,139,"1,374.39",6 %,0.00,ACT,0.00,9,139
10/15/2025,RB390,RUH/DAM,C,12,0,0,2,0,0,10,629.50,17 %,0.00,ACT,0.00,2,10
10/15/2025,RB390,RUH/DAM,Y,148,0,0,9,0,0,139,619.78,6 %,0.00,ACT,0.00,9,139
10/15/2025,RB516,DXB/DAM,C,12,0,0,0,0,0,12,0.00,0 %,0.00,ACT,0.00,0,12
10/15/2025,RB516,DXB/DAM,Y,145,0,0,16,0,0,129,"1,268.90",11 %,0.00,ACT,0.00,16,129
10/15/2025,RB521,DAM/DOH,C,8,0,0,0,2,0,6,709.80,25 %,0.00,ACT,0.00,0,6
10/15/2025,RB521,DAM/DOH,Y,103,0,0,23,5,0,75,"4,607.80",27 %,0.00,ACT,0.00,23,75
10/15/2025,RB501,DAM/SHJ,C,12,0,0,2,0,0,10,616.26,17 %,0.00,ACT,0.00,2,10
10/15/2025,RB501,DAM/SHJ,Y,145,0,0,41,0,0,104,"3,409.53",28 %,0.00,ACT,0.00,41,104
10/15/2025,RB443,DAM/IST,C,12,0,0,0,0,0,12,0.00,0 %,0.00,ACT,0.00,0,12
10/15/2025,RB443,DAM/IST,Y,141,0,0,2,0,0,139,201.87,1 %,0.00,ACT,0.00,2,139
10/15/2025,RB522,DOH/DAM,C,8,0,0,1,2,0,5,"1,239.80",38 %,0.00,ACT,0.00,1,5
10/15/2025,RB522,DOH/DAM,Y,103,0,0,45,6,0,52,"8,714.84",50 %,0.00,ACT,0.00,45,52
10/15/2025,RB444,IST/DAM,C,12,0,0,3,0,0,9,707.75,25 %,0.00,ACT,0.00,3,9
10/15/2025,RB444,IST/DAM,Y,141,0,0,1,1,0,139,189.10,1 %,0.00,ACT,0.00,1,139
10/15/2025,RB502,SHJ/DAM,C,12,0,0,1,0,0,11,361.27,8 %,0.00,ACT,0.00,1,11
10/15/2025,RB502,SHJ/DAM,Y,145,0,0,2,0,0,143,552.24,1 %,0.00,ACT,0.00,2,143
10/16/2025,RB515,DAM/DXB,C,12,0,0,0,0,0,12,0.00,0 %,0.00,ACT,0.00,0,12
10/16/2025,RB515,DAM/DXB,Y,145,0,0,5,0,0,140,484.76,3 %,0.00,ACT,0.00,5,140
10/16/2025,RB527,DAM/DMM,C,12,0,0,1,0,0,11,229.50,8 %,0.00,ACT,0.00,1,11
10/16/2025,RB527,DAM/DMM,Y,148,0,0,4,0,0,144,571.50,3 %,0.00,ACT,0.00,4,144
10/16/2025,RB528,DMM/DAM,C,12,0,0,1,0,0,11,346.67,8 %,0.00,ACT,0.00,1,11
10/16/2025,RB528,DMM/DAM,Y,148,0,0,11,0,0,137,928.50,7 %,0.00,ACT,0.00,11,137
10/16/2025,RB516,DXB/DAM,C,12,0,0,0,0,0,12,0.00,0 %,0.00,ACT,0.00,0,12
10/16/2025,RB516,DXB/DAM,Y,145,0,0,6,0,0,139,728.30,4 %,0.00,ACT,0.00,6,139
10/16/2025,RB381,DAM/JED,C,8,0,0,3,0,0,5,770.25,38 %,0.00,ACT,0.00,3,5
10/16/2025,RB381,DAM/JED,Y,103,0,0,6,0,0,97,772.00,6 %,0.00,ACT,0.00,6,97
10/16/2025,RB501,DAM/SHJ,C,12,0,0,0,0,0,12,0.00,0 %,0.00,ACT,0.00,0,12
10/16/2025,RB501,DAM/SHJ,Y,145,0,0,8,0,0,137,708.79,6 %,0.00,ACT,0.00,8,137
10/16/2025,RB341,DAM/KWI,C,12,0,0,0,0,0,12,0.00,0 %,0.00,ACT,0.00,0,12
10/16/2025,RB341,DAM/KWI,Y,141,0,0,13,0,0,128,"1,062.50",9 %,0.00,ACT,0.00,13,128
10/16/2025,RB382,JED/DAM,C,8,0,0,0,0,0,8,0.00,0 %,0.00,ACT,0.00,0,8
10/16/2025,RB382,JED/DAM,Y,103,0,0,7,0,0,96,945.88,7 %,0.00,ACT,0.00,7,96
10/16/2025,RB342,KWI/DAM,C,12,0,0,0,0,0,12,0.00,0 %,0.00,ACT,0.00,0,12
10/16/2025,RB342,KWI/DAM,Y,141,0,0,3,0,0,138,217.00,2 %,0.00,ACT,0.00,3,138
10/16/2025,RB502,SHJ/DAM,C,12,0,0,0,0,0,12,0.00,0 %,0.00,ACT,0.00,0,12
10/16/2025,RB502,SHJ/DAM,Y,145,0,0,2,0,0,143,197.00,1 %,0.00,ACT,0.00,2,143
10/17/2025,RB515,DAM/DXB,C,12,0,0,1,0,0,11,255.00,8 %,0.00,ACT,0.00,1,11
10/17/2025,RB515,DAM/DXB,Y,145,0,0,10,0,0,135,"1,042.77",7 %,0.00,ACT,0.00,10,135
10/17/2025,RB503,DAM/AUH,C,12,0,0,0,0,0,12,0.00,0 %,0.00,ACT,0.00,0,12
10/17/2025,RB503,DAM/AUH,Y,148,0,0,34,0,0,114,"3,315.73",23 %,0.00,ACT,0.00,34,114
10/17/2025,RB504,AUH/DAM,C,12,0,0,2,0,0,10,"1,147.20",17 %,0.00,ACT,0.00,2,10
10/17/2025,RB504,AUH/DAM,Y,148,0,0,40,0,0,108,"4,790.77",27 %,0.00,ACT,0.00,40,108
10/17/2025,RB516,DXB/DAM,C,12,0,0,1,0,0,11,361.27,8 %,0.00,ACT,0.00,1,11
10/17/2025,RB516,DXB/DAM,Y,145,0,0,20,0,0,125,"3,234.38",14 %,0.00,ACT,0.00,20,125
10/17/2025,RB501,DAM/SHJ,C,12,0,0,0,0,0,12,0.00,0 %,0.00,ACT,0.00,0,12
10/17/2025,RB501,DAM/SHJ,Y,145,0,0,15,0,0,130,"1,375.36",10 %,0.00,ACT,0.00,15,130
10/17/2025,RB443,DAM/IST,C,12,0,0,0,0,0,12,0.00,0 %,0.00,ACT,0.00,0,12
10/17/2025,RB443,DAM/IST,Y,141,0,0,1,0,0,140,61.90,1 %,0.00,ACT,0.00,1,140
10/17/2025,RB389,DAM/RUH,C,8,0,0,2,0,0,6,800.00,25 %,0.00,ACT,0.00,2,6
10/17/2025,RB389,DAM/RUH,Y,103,0,0,7,0,0,96,"1,343.61",7 %,0.00,ACT,0.00,7,96
10/17/2025,RB444,IST/DAM,C,12,0,0,0,0,0,12,0.00,0 %,0.00,ACT,0.00,0,12
10/17/2025,RB444,IST/DAM,Y,141,0,0,2,0,0,139,213.00,1 %,0.00,ACT,0.00,2,139
10/17/2025,RB502,SHJ/DAM,C,12,0,0,0,0,0,12,0.00,0 %,0.00,ACT,0.00,0,12
10/17/2025,RB502,SHJ/DAM,Y,145,0,0,5,0,0,140,503.38,3 %,0.00,ACT,0.00,5,140
10/17/2025,RB390,RUH/DAM,C,8,0,0,0,0,0,8,0.00,0 %,0.00,ACT,0.00,0,8
10/17/2025,RB390,RUH/DAM,Y,103,0,0,4,0,0,99,426.00,4 %,0.00,ACT,0.00,4,99
10/18/2025,RB515,DAM/DXB,C,12,0,0,0,0,0,12,0.00,0 %,0.00,ACT,0.00,0,12
10/18/2025,RB515,DAM/DXB,Y,145,0,0,11,0,0,134,"1,135.50",8 %,0.00,ACT,0.00,11,134
10/18/2025,RB389,DAM/RUH,C,8,0,0,0,0,0,8,0.00,0 %,0.00,ACT,0.00,0,8
10/18/2025,RB389,DAM/RUH,Y,103,0,0,10,0,0,93,"1,272.00",10 %,0.00,ACT,0.00,10,93
10/18/2025,RB390,RUH/DAM,C,8,0,0,0,0,0,8,0.00,0 %,0.00,ACT,0.00,0,8
10/18/2025,RB390,RUH/DAM,Y,103,0,0,9,0,0,94,794.58,9 %,0.00,ACT,0.00,9,94
10/18/2025,RB516,DXB/DAM,C,12,0,0,0,0,0,12,0.00,0 %,0.00,ACT,0.00,0,12
10/18/2025,RB516,DXB/DAM,Y,145,0,0,16,0,0,129,"1,664.42",11 %,0.00,ACT,0.00,16,129
10/18/2025,RB521,DAM/DOH,C,8,0,0,0,2,0,6,709.80,25 %,0.00,ACT,0.00,0,6
10/18/2025,RB521,DAM/DOH,Y,103,0,0,18,5,0,80,"3,852.75",22 %,0.00,ACT,0.00,18,80
10/18/2025,RB501,DAM/SHJ,C,12,0,0,1,0,0,11,361.26,8 %,0.00,ACT,0.00,1,11
10/18/2025,RB501,DAM/SHJ,Y,145,0,0,11,0,0,134,978.84,8 %,0.00,ACT,0.00,11,134
10/18/2025,RB341,DAM/KWI,C,12,0,0,0,0,0,12,0.00,0 %,0.00,ACT,0.00,0,12
10/18/2025,RB341,DAM/KWI,Y,141,0,0,6,0,0,135,387.50,4 %,0.00,ACT,0.00,6,135
10/18/2025,RB522,DOH/DAM,C,8,0,0,1,3,0,4,"1,568.57",50 %,0.00,ACT,0.00,1,4
10/18/2025,RB522,DOH/DAM,Y,103,0,0,49,0,0,54,"8,155.49",48 %,0.00,ACT,0.00,49,54
10/18/2025,RB342,KWI/DAM,C,12,0,0,2,0,0,10,498.85,17 %,0.00,ACT,0.00,2,10
10/18/2025,RB342,KWI/DAM,Y,141,0,0,3,0,0,138,317.60,2 %,0.00,ACT,0.00,3,138
10/18/2025,RB502,SHJ/DAM,C,12,0,0,0,0,0,12,0.00,0 %,0.00,ACT,0.00,0,12
10/18/2025,RB502,SHJ/DAM,Y,145,0,0,6,0,0,139,600.70,4 %,0.00,ACT,0.00,6,139
10/19/2025,RB515,DAM/DXB,C,12,0,0,0,0,0,12,0.00,0 %,0.00,ACT,0.00,0,12
10/19/2025,RB515,DAM/DXB,Y,145,0,0,11,0,0,134,"1,035.96",8 %,0.00,ACT,0.00,11,134
10/19/2025,RB381,DAM/JED,C,8,0,0,1,0,0,7,256.75,13 %,0.00,ACT,0.00,1,7
10/19/2025,RB381,DAM/JED,Y,103,0,0,3,0,0,100,370.00,3 %,0.00,ACT,0.00,3,100
10/19/2025,RB382,JED/DAM,C,8,0,0,0,0,0,8,0.00,0 %,0.00,ACT,0.00,0,8
10/19/2025,RB382,JED/DAM,Y,103,0,0,14,0,0,89,"1,270.50",14 %,0.00,ACT,0.00,14,89
10/19/2025,RB516,DXB/DAM,C,12,0,0,1,0,0,11,255.00,8 %,0.00,ACT,0.00,1,11
10/19/2025,RB516,DXB/DAM,Y,145,0,0,12,0,0,133,"1,493.20",8 %,0.00,ACT,0.00,12,133
10/19/2025,RB443,DAM/IST,C,12,0,0,0,0,0,12,0.00,0 %,0.00,ACT,0.00,0,12
10/19/2025,RB443,DAM/IST,Y,141,0,0,9,0,0,132,614.14,6 %,0.00,ACT,0.00,9,132
10/19/2025,RB501,DAM/SHJ,C,12,0,0,5,0,0,7,"1,796.74",42 %,0.00,ACT,0.00,5,7
10/19/2025,RB501,DAM/SHJ,Y,145,0,0,12,0,0,133,"1,067.44",8 %,0.00,ACT,0.00,12,133
10/19/2025,RB444,IST/DAM,C,12,0,0,0,0,0,12,0.00,0 %,0.00,ACT,0.00,0,12
10/19/2025,RB444,IST/DAM,Y,141,0,0,1,0,0,140,106.50,1 %,0.00,ACT,0.00,1,140
10/19/2025,RB502,SHJ/DAM,C,12,0,0,0,0,0,12,0.00,0 %,0.00,ACT,0.00,0,12
10/19/2025,RB502,SHJ/DAM,Y,145,0,0,3,0,0,142,221.00,2 %,0.00,ACT,0.00,3,142
10/20/2025,RB389,DAM/RUH,C,8,0,0,1,0,0,7,346.66,13 %,0.00,ACT,0.00,1,7
10/20/2025,RB389,DAM/RUH,Y,103,0,0,6,0,0,97,"1,155.48",6 %,0.00,ACT,0.00,6,97
10/20/2025,RB443,DAM/IST,C,12,0,0,0,0,0,12,0.00,0 %,0.00,ACT,0.00,0,12
10/20/2025,RB443,DAM/IST,Y,141,0,0,3,0,0,138,297.87,2 %,0.00,ACT,0.00,3,138
10/20/2025,RB515,DAM/DXB,C,12,0,0,1,0,0,11,361.26,8 %,0.00,ACT,0.00,1,11
10/20/2025,RB515,DAM/DXB,Y,145,0,0,30,0,0,115,"3,861.19",21 %,0.00,ACT,0.00,30,115
10/20/2025,RB390,RUH/DAM,C,8,0,0,0,0,0,8,0.00,0 %,0.00,ACT,0.00,0,8
10/20/2025,RB390,RUH/DAM,Y,103,0,0,15,0,0,88,985.75,15 %,0.00,ACT,0.00,15,88
10/20/2025,RB444,IST/ALP,C,12,0,0,0,0,0,12,0.00,0 %,0.00,ACT,0.00,0,12
10/20/2025,RB444,IST/ALP,Y,141,0,0,2,0,0,139,358.00,1 %,0.00,ACT,0.00,2,139
10/20/2025,RB517,ALP/DXB,C,12,0,0,3,0,0,9,"1,083.78",25 %,0.00,ACT,0.00,3,9
10/20/2025,RB517,ALP/DXB,Y,141,0,0,37,0,0,104,"3,436.10",26 %,0.00,ACT,0.00,37,104
10/20/2025,RB516,DXB/DAM,C,12,0,0,2,0,0,10,712.97,17 %,0.00,ACT,0.00,2,10
10/20/2025,RB516,DXB/DAM,Y,145,0,0,30,0,0,115,"2,825.43",21 %,0.00,ACT,0.00,30,115
10/20/2025,RB501,DAM/SHJ,C,12,0,0,3,0,0,9,977.52,25 %,0.00,ACT,0.00,3,9
10/20/2025,RB501,DAM/SHJ,Y,145,0,0,30,0,0,115,"2,947.47",21 %,0.00,ACT,0.00,30,115
10/20/2025,RB521,DAM/DOH,C,12,0,0,0,0,0,12,0.00,0 %,0.00,ACT,0.00,0,12
10/20/2025,RB521,DAM/DOH,Y,148,0,0,17,0,0,131,"2,555.43",11 %,0.00,ACT,0.00,17,131
10/20/2025,RB518,DXB/ALP,C,12,0,0,0,0,0,12,0.00,0 %,0.00,ACT,0.00,0,12
10/20/2025,RB518,DXB/ALP,Y,138,0,0,13,0,0,125,"1,338.00",9 %,0.00,ACT,0.00,13,125
10/20/2025,RB522,DOH/DAM,C,12,0,0,0,0,0,12,0.00,0 %,0.00,ACT,0.00,0,12
10/20/2025,RB522,DOH/DAM,Y,148,0,0,56,0,0,92,"9,374.81",38 %,0.00,ACT,0.00,56,92
10/20/2025,RB502,SHJ/DAM,C,12,0,0,0,0,0,12,0.00,0 %,0.00,ACT,0.00,0,12
10/20/2025,RB502,SHJ/DAM,Y,145,0,0,24,0,0,121,"3,366.30",17 %,0.00,ACT,0.00,24,121
10/20/2025,RB445,ALP/IST,C,12,0,0,0,0,0,12,0.00,0 %,0.00,ACT,0.00,0,12
10/20/2025,RB445,ALP/IST,Y,141,0,0,5,0,0,136,334.35,4 %,0.00,ACT,0.00,5,136
10/21/2025,RB446,IST/DAM,C,12,0,0,0,0,0,12,0.00,0 %,0.00,ACT,0.00,0,12
10/21/2025,RB446,IST/DAM,Y,138,0,0,3,0,0,135,284.38,2 %,0.00,ACT,0.00,3,135
10/21/2025,RB515,DAM/DXB,C,12,0,0,0,0,0,12,0.00,0 %,0.00,ACT,0.00,0,12
10/21/2025,RB515,DAM/DXB,Y,145,0,0,2,0,0,143,184.38,1 %,0.00,ACT,0.00,2,143
10/21/2025,RB341,DAM/KWI,C,12,0,0,1,0,0,11,428.40,8 %,0.00,ACT,0.00,1,11
10/21/2025,RB341,DAM/KWI,Y,141,0,0,7,0,0,134,741.76,5 %,0.00,ACT,0.00,7,134
10/21/2025,RB342,KWI/DAM,C,12,0,0,0,0,0,12,0.00,0 %,0.00,ACT,0.00,0,12
10/21/2025,RB342,KWI/DAM,Y,141,0,0,9,0,0,132,943.46,6 %,0.00,ACT,0.00,9,132
10/21/2025,RB516,DXB/DAM,C,12,0,0,1,0,0,11,361.27,8 %,0.00,ACT,0.00,1,11
10/21/2025,RB516,DXB/DAM,Y,145,0,0,13,0,0,132,"1,677.54",9 %,0.00,ACT,0.00,13,132
10/21/2025,RB503,DAM/AUH,C,12,0,0,2,0,0,10,722.52,17 %,0.00,ACT,0.00,2,10
10/21/2025,RB503,DAM/AUH,Y,148,0,0,53,0,0,95,"4,691.32",36 %,0.00,ACT,0.00,53,95
10/21/2025,RB501,DAM/SHJ,C,12,0,0,5,0,0,7,"1,658.50",42 %,0.00,ACT,0.00,5,7
10/21/2025,RB501,DAM/SHJ,Y,145,0,0,5,0,0,140,398.17,3 %,0.00,ACT,0.00,5,140
10/21/2025,RB504,AUH/DAM,C,12,0,0,0,0,0,12,0.00,0 %,0.00,ACT,0.00,0,12
10/21/2025,RB504,AUH/DAM,Y,148,0,0,20,0,0,128,"2,273.88",14 %,0.00,ACT,0.00,20,128
10/21/2025,RB502,SHJ/DAM,C,12,0,0,0,0,0,12,0.00,0 %,0.00,ACT,0.00,0,12
10/21/2025,RB502,SHJ/DAM,Y,145,0,0,9,0,0,136,983.14,6 %,0.00,ACT,0.00,9,136
10/22/2025,RB515,DAM/DXB,C,12,0,0,1,0,0,11,425.98,8 %,0.00,ACT,0.00,1,11
10/22/2025,RB515,DAM/DXB,Y,145,0,0,10,0,0,135,"1,279.63",7 %,0.00,ACT,0.00,10,135
10/22/2025,RB389,DAM/RUH,C,12,0,0,2,0,0,10,744.25,17 %,0.00,ACT,0.00,2,10
10/22/2025,RB389,DAM/RUH,Y,148,0,0,2,0,0,146,353.10,1 %,0.00,ACT,0.00,2,146
10/22/2025,RB390,RUH/DAM,C,12,0,0,0,0,0,12,0.00,0 %,0.00,ACT,0.00,0,12
10/22/2025,RB390,RUH/DAM,Y,148,0,0,14,0,0,134,756.78,9 %,0.00,ACT,0.00,14,134
10/22/2025,RB506,SHJ/DAM,C,12,0,0,0,0,0,12,0.00,0 %,0.00,ACT,0.00,0,12
10/22/2025,RB506,SHJ/DAM,Y,145,0,0,17,0,0,128,"1,928.96",12 %,0.00,ACT,0.00,17,128
10/22/2025,RB516,DXB/DAM,C,12,0,0,2,0,0,10,726.42,17 %,0.00,ACT,0.00,2,10
10/22/2025,RB516,DXB/DAM,Y,145,0,0,29,0,0,116,"3,332.43",20 %,0.00,ACT,0.00,29,116
10/22/2025,RB521,DAM/DOH,C,8,0,0,0,2,0,6,709.80,25 %,0.00,ACT,0.00,0,6
10/22/2025,RB521,DAM/DOH,Y,103,0,0,29,5,0,69,"6,055.01",33 %,0.00,ACT,0.00,29,69
10/22/2025,RB501,DAM/SHJ,C,12,0,0,0,0,0,12,0.00,0 %,0.00,ACT,0.00,0,12
10/22/2025,RB501,DAM/SHJ,Y,145,0,0,17,0,0,128,"1,647.17",12 %,0.00,ACT,0.00,17,128
10/22/2025,RB443,DAM/IST,C,12,0,0,0,0,0,12,0.00,0 %,0.00,ACT,0.00,0,12
10/22/2025,RB443,DAM/IST,Y,141,0,0,3,0,0,138,243.40,2 %,0.00,ACT,0.00,3,138
10/22/2025,RB522,DOH/DAM,C,8,0,0,0,2,0,6,986.30,25 %,0.00,ACT,0.00,0,6
10/22/2025,RB522,DOH/DAM,Y,103,0,0,59,8,0,36,"12,054.12",65 %,0.00,ACT,0.00,59,36
10/22/2025,RB444,IST/DAM,C,12,0,0,0,0,0,12,0.00,0 %,0.00,ACT,0.00,0,12
10/22/2025,RB444,IST/DAM,Y,141,0,0,5,0,0,136,513.00,4 %,0.00,ACT,0.00,5,136
10/22/2025,RB502,SHJ/DAM,C,12,0,0,0,0,0,12,0.00,0 %,0.00,ACT,0.00,0,12
10/22/2025,RB502,SHJ/DAM,Y,145,0,0,4,0,0,141,782.49,3 %,0.00,ACT,0.00,4,141
10/23/2025,RB515,DAM/DXB,C,12,0,0,4,0,0,8,"1,533.78",33 %,0.00,ACT,0.00,4,8
10/23/2025,RB515,DAM/DXB,Y,145,0,0,21,0,0,124,"1,834.35",14 %,0.00,ACT,0.00,21,124
10/23/2025,RB527,DAM/DMM,C,12,0,0,2,0,0,10,693.32,17 %,0.00,ACT,0.00,2,10
10/23/2025,RB527,DAM/DMM,Y,148,0,0,12,3,0,133,"2,386.01",10 %,0.00,ACT,0.00,12,133
10/23/2025,RB528,DMM/DAM,C,12,0,0,1,0,0,11,229.50,8 %,0.00,ACT,0.00,1,11
10/23/2025,RB528,DMM/DAM,Y,148,0,0,14,0,0,134,"1,166.86",9 %,0.00,ACT,0.00,14,134
10/23/2025,RB516,DXB/DAM,C,12,0,0,3,0,0,9,993.50,25 %,0.00,ACT,0.00,3,9
10/23/2025,RB516,DXB/DAM,Y,145,0,0,26,0,0,119,"3,049.57",18 %,0.00,ACT,0.00,26,119
10/23/2025,RB381,DAM/JED,C,8,0,0,2,0,0,6,603.41,25 %,0.00,ACT,0.00,2,6
10/23/2025,RB381,DAM/JED,Y,103,0,0,3,0,0,100,575.66,3 %,0.00,ACT,0.00,3,100
10/23/2025,RB501,DAM/SHJ,C,12,0,0,0,0,0,12,0.00,0 %,0.00,ACT,0.00,0,12
10/23/2025,RB501,DAM/SHJ,Y,145,0,0,36,0,0,109,"3,638.68",25 %,0.00,ACT,0.00,36,109
10/23/2025,RB341,DAM/KWI,C,12,0,0,3,0,0,9,695.80,25 %,0.00,ACT,0.00,3,9
10/23/2025,RB341,DAM/KWI,Y,141,0,0,19,0,0,122,"1,469.00",13 %,0.00,ACT,0.00,19,122
10/23/2025,RB382,JED/DAM,C,8,0,0,4,0,0,4,"1,027.00",50 %,0.00,ACT,0.00,4,4
10/23/2025,RB382,JED/DAM,Y,103,0,0,39,0,0,64,"5,343.60",38 %,0.00,ACT,0.00,39,64
10/23/2025,RB342,KWI/DAM,C,12,0,0,0,0,0,12,0.00,0 %,0.00,ACT,0.00,0,12
10/23/2025,RB342,KWI/DAM,Y,141,0,0,5,0,0,136,320.85,4 %,0.00,ACT,0.00,5,136
10/23/2025,RB502,SHJ/DAM,C,12,0,0,0,0,0,12,0.00,0 %,0.00,ACT,0.00,0,12
10/23/2025,RB502,SHJ/DAM,Y,145,0,0,4,0,0,141,333.00,3 %,0.00,ACT,0.00,4,141
10/24/2025,RB515,DAM/DXB,C,12,0,0,3,0,0,9,"1,213.22",25 %,0.00,ACT,0.00,3,9
10/24/2025,RB515,DAM/DXB,Y,145,0,0,47,0,0,98,"5,171.75",32 %,0.00,ACT,0.00,47,98
10/24/2025,RB503,DAM/AUH,C,12,0,0,6,0,0,6,"2,426.44",50 %,0.00,ACT,0.00,6,6
10/24/2025,RB503,DAM/AUH,Y,148,0,0,93,0,0,55,"12,537.13",63 %,0.00,ACT,0.00,93,55
10/24/2025,RB504,AUH/DAM,C,12,0,0,0,0,0,12,0.00,0 %,0.00,ACT,0.00,0,12
10/24/2025,RB504,AUH/DAM,Y,148,0,0,46,0,0,102,"5,938.78",31 %,0.00,ACT,0.00,46,102
10/24/2025,RB516,DXB/DAM,C,12,0,0,4,0,0,8,"1,406.10",33 %,0.00,ACT,0.00,4,8
10/24/2025,RB516,DXB/DAM,Y,145,0,0,34,0,0,111,"3,380.78",23 %,0.00,ACT,0.00,34,111
10/24/2025,RB501,DAM/SHJ,C,12,0,0,5,0,0,7,"1,690.40",42 %,0.00,ACT,0.00,5,7
10/24/2025,RB501,DAM/SHJ,Y,145,0,0,52,0,0,93,"6,645.08",36 %,0.00,ACT,0.00,52,93
10/24/2025,RB443,DAM/IST,C,12,0,0,1,0,0,11,250.00,8 %,0.00,ACT,0.00,1,11
10/24/2025,RB443,DAM/IST,Y,141,0,0,1,0,0,140,75.00,1 %,0.00,ACT,0.00,1,140
10/24/2025,RB389,DAM/RUH,C,8,0,0,0,0,0,8,0.00,0 %,0.00,ACT,0.00,0,8
10/24/2025,RB389,DAM/RUH,Y,103,0,0,16,0,0,87,"2,797.11",16 %,0.00,ACT,0.00,16,87
10/24/2025,RB444,IST/DAM,C,12,0,0,0,0,0,12,0.00,0 %,0.00,ACT,0.00,0,12
10/24/2025,RB444,IST/DAM,Y,141,0,0,14,0,0,127,"1,567.30",10 %,0.00,ACT,0.00,14,127
10/24/2025,RB502,SHJ/DAM,C,12,0,0,1,0,0,11,471.42,8 %,0.00,ACT,0.00,1,11
10/24/2025,RB502,SHJ/DAM,Y,145,0,0,25,0,0,120,"3,106.43",17 %,0.00,ACT,0.00,25,120
10/24/2025,RB390,RUH/DAM,C,8,0,0,0,0,0,8,0.00,0 %,0.00,ACT,0.00,0,8
10/24/2025,RB390,RUH/DAM,Y,103,0,0,23,0,0,80,"2,012.60",22 %,0.00,ACT,0.00,23,80
10/25/2025,RB515,DAM/DXB,C,12,0,0,4,0,0,8,"1,564.92",33 %,0.00,ACT,0.00,4,8
10/25/2025,RB515,DAM/DXB,Y,145,0,0,85,0,0,60,"9,013.05",59 %,0.00,ACT,0.00,85,60
10/25/2025,RB389,DAM/RUH,C,12,0,0,2,0,0,10,746.66,17 %,0.00,ACT,0.00,2,10
10/25/2025,RB389,DAM/RUH,Y,148,0,0,17,0,0,131,"3,523.74",11 %,0.00,ACT,0.00,17,131
10/25/2025,RB390,RUH/DAM,C,12,0,0,4,0,0,8,"1,367.00",33 %,0.00,ACT,0.00,4,8
10/25/2025,RB390,RUH/DAM,Y,148,0,0,48,0,0,100,"5,208.51",32 %,0.00,ACT,0.00,48,100
10/25/2025,RB516,DXB/DAM,C,12,0,0,8,0,0,4,"2,922.94",67 %,0.00,ACT,0.00,8,4
10/25/2025,RB516,DXB/DAM,Y,145,0,0,74,0,0,71,"7,767.95",51 %,0.00,ACT,0.00,74,71
10/25/2025,RB521,DAM/DOH,C,8,0,0,2,2,0,4,"1,367.32",50 %,0.00,ACT,0.00,2,4
10/25/2025,RB521,DAM/DOH,Y,103,0,0,57,5,0,41,"10,451.34",60 %,0.00,ACT,0.00,57,41
10/25/2025,RB501,DAM/SHJ,C,12,0,0,3,0,0,9,"1,237.24",25 %,0.00,ACT,0.00,3,9
10/25/2025,RB501,DAM/SHJ,Y,145,0,0,128,0,0,17,"17,213.56",88 %,0.00,ACT,0.00,128,17
10/25/2025,RB341,DAM/KWI,C,12,0,0,3,0,0,9,636.30,25 %,0.00,ACT,0.00,3,9
10/25/2025,RB341,DAM/KWI,Y,141,0,0,40,0,0,101,"3,489.02",28 %,0.00,ACT,0.00,40,101
10/25/2025,RB342,KWI/DAM,C,12,0,0,0,0,0,12,0.00,0 %,0.00,ACT,0.00,0,12
10/25/2025,RB342,KWI/DAM,Y,141,0,0,20,0,0,121,"2,091.03",14 %,0.00,ACT,0.00,20,121
10/25/2025,RB502,SHJ/DAM,C,12,0,0,1,0,0,11,255.00,8 %,0.00,ACT,0.00,1,11
10/25/2025,RB502,SHJ/DAM,Y,145,0,0,46,0,0,99,"5,630.70",32 %,0.00,ACT,0.00,46,99
,,,,,,,,,,,,,,,,,
Syrian Air ,,,,,,,,,,,,,,,,,
Page 1,,,,,,,,,,,,,,,,,
